Topic,Count,Name,Representation,Representative_Docs
-1,2856,-1_presiden_kerja_aja_ada,"['presiden', 'kerja', 'aja', 'ada', 'gak', 'ga', 'jadi', 'tapi', 'masih', 'di']","['menlu yang gak perlu karena dia tidak kena dampak apa pun sehat saja dan masih bisa tidur dengan tenang sementara masyarakat yang terdampak bencana sangat membutuhkan bantuan itu sesegera mungkin', 'bisa ngga kosongnya tuh gak kosong kosong banget gak punya tongkat nabi musa tapi punya kekuasaan pak wewenang lagian udah tau gak punya kekuatan ya gak usah sok kuat terima bantuan asing terakhir lansia itu nikmatin hidup ibadah bukan nyalonin diri jadi presiden', 'sambil yang lain masih rapat soal istilah presiden prabowo sudah bahas akses darurat karena prabowo pulihkan infrastruktur itu kerja bukan narasi tujuannya jelas biar rakyat cepat bangkit pasca bencana jalan dibuka mobilitas hidup lagi ekonomi ikut bangun']"
0,522,0_rekonstruksi_pascabencana_bangun_kembali,"['rekonstruksi', 'pascabencana', 'bangun', 'kembali', 'rumah', 'ketiga', 'prabowo', 'listrik', 'jalan', 'royong']","['prabowo bangun kembali untuk rakyat presiden prabowo kembali ke lokasi bencana menegaskan rekonstruksi pascabencana rumah warga diganti negara listrik dan jalan dipulihkan gotong royong jadi kekuatan', 'presiden prabowo hadir ketiga kalinya di lokasi bencana menegaskan prabowo bangun kembali rekonstruksi pascabencana rumah rusak diganti listrik jalan dan infrastruktur dipulihkan gotong royong jadi kekuatan', 'presiden prabowo kembali untuk ketiga kalinya ke lokasi banjir dan longsor membawa komitmen prabowo bangun kembali rumah warga diganti negara listrik jalan dan infrastruktur dipulihkan lewat rekonstruksi pascabencana gotong royong jadi kekuatan bersama']"
1,237,1_toti_maksudnya_sebelah_negaranya,"['toti', 'maksudnya', 'sebelah', 'negaranya', 'marah', 'malaysia', 'kayaknya', 'dewan', 'mata', 'dianggap']","['anggota dewan malaysia marah bantuan dari negaranya dianggap sebelah mata oleh seorang menteri dari indonesia toti kayaknya maksudnya', 'anggota dewan malaysia marah bantuan dari negaranya dianggap sebelah mata oleh seorang menteri dari indonesia toti kayaknya maksudnya', 'anggota dewan malaysia marah bantuan dari negaranya dianggap sebelah mata oleh seorang menteri dari indonesia toti kayaknya maksudnya']"
2,196,2_siapa_suruh_jadi_presiden,"['siapa', 'suruh', 'jadi', 'presiden', 'tua', 'ya', 'lah', 'omon', 'dukung', 'nya']","['suruh siapa jadi presiden', 'lah siapa suruh jadi presiden', 'lah siapa suruh jadi presiden']"
3,142,3_pak_jd_aja_apa,"['pak', 'jd', 'aja', 'apa', 'gak', 'tdk', 'nya', 'lg', 'ga', 'klo']","['makanyaaa klo dah tua lansia g usah jdi presiden dah lah pak mulai besok pensiun ajaaaa dirumah enak pak menikmati hari tua daripada capek ya kan saya sbg wni jg sangat bersyukur klo bpk besok mau pensiun', 'dari drs jd irjoko widodo aj dah ketahuan berijasah palsu rbt kl ga dipenjara akan membahayakan nkri apa lg lom jg dimakzulkan gibran cc pak presiden pak menhan amp', 'dari drs jd irjoko widodo aj dah ketahuan berijasah palsu rbt kl ga dipenjara akan membahayakan nkri apa lg lom jg dimakzulkan gibran cc pak presiden pak menhan amp awasgerombolansop']"
4,125,4_rakyatnya_orang_mana_ada,"['rakyatnya', 'orang', 'mana', 'ada', 'jawa', 'dia', 'presiden', 'jadi', 'bukan', 'ya']","['lawak presiden gada yang guna aja masih bisa bikin lelucon begini noh mamam pecitraan jokowi tipikal banget lagian yang ngatain jawa hama itu darimana sih perasaan orang luar jawa yang bilang jawa hama tapi selalu sensinya sama sunda ngelawak', 'ya emg gampang cuma konteksnya beda ini pns yg kemarin bukan pns lha dikira sedikit bupatigubernur dan wakilnya itu dulu bukan pns banyak mantan sekda yg skrg jd pimpinan daerah tinggal ajukan pensiun atau resign bisa lsg nyalon presiden kalo emg ada parpol yg minat', 'orang kalau udah buta emang susah orang jawa menganggap mereka paling top paling ok paling iya hasil nya presiden jawa hasil nya hari ini negara gk tau arah nya boro mau maju dia jalan kemana aja kagak tau ya anggaran habis terus yang sda terkuras terus negara tetap miskin']"
5,122,5_pengungsi_langkat_pengungsian_posko,"['pengungsi', 'langkat', 'pengungsian', 'posko', 'man', 'meninjau', 'tinjau', 'kebutuhan', 'subianto', 'semuatanganibencana']","['hal tersebut disampaikan presiden dalam keterangannya kepada masyarakat saat meninjau posko pengungsi di man langkat kabupaten langkat sumatera utara sabtu', 'presiden prabowo tinjau langsung para pengungsi korban bencana di langkat', 'presiden prabowo tinjau korban terdampak banjir di posko pengungsian man langkat']"
6,118,6_indonesia_rakyat_merdeka_indonesiaemas,"['indonesia', 'rakyat', 'merdeka', 'indonesiaemas', 'jadi', 'aceh', 'presiden', 'sejarah', 'tapi', 'sekolahrakyat']","['sekolah rakyat gagasan presiden prabowo wujudkan pendidikan inklusif amp hapus hambatan ekonomi bagi lapisan terbawah sekolahrakyat indonesiaemas', 'sekolah rakyat gagasan presiden prabowo wujudkan pendidikan inklusif amp hapus hambatan ekonomi bagi lapisan terbawah fondasi penting berlandaskan pancasila menuju indonesia emas sekolahrakyat indonesiaemas', 'sekolah rakyat gagasan presiden prabowo wujudkan pendidikan inklusif amp hapus hambatan ekonomi bagi lapisan terbawah fondasi penting berlandaskan pancasila menuju indonesia emas sekolahrakyat indonesiaemas']"
7,88,7_penanganan_bencana_terdampak_percepatan,"['penanganan', 'bencana', 'terdampak', 'percepatan', 'terkendali', 'pastikan', 'cepat', 'sumatera', 'berjalan', 'huniankorbanbencana']","['presiden prabowo minta percepatan penanganan bencana sumatera', 'presiden prabowo minta percepatan penanganan bencana sumatera', 'semuatanganibencana bantuan presiden sudah cair untuk penanganan bencana ini menunjukkan kalau pemerintah sangat cepat dalam penanganan bencana']"
8,87,8_hunian_huniankorbanbencana_memulihkan_terdampak,"['hunian', 'huniankorbanbencana', 'memulihkan', 'terdampak', 'korban', 'warga', 'percepatan', 'pembangunan', 'bencana', 'membahas']","['presiden prabowo kumpulkan menteri untuk membahas percepatan hunian korban bencana sumatera huniankorbanbencana memulihkan warga terdampak', 'presiden dan menteri rapat kabinet untuk fokus membahas percepatan penyediaan hunian bagi korban bencana sumatera huniankorbanbencana memulihkan warga terdampak', 'presiden prabowo perintahkan percepatan hunian korban bencana huniankorbanbencana memulihkan warga terdampak']"
9,72,9_aku_mama_kerja_gua,"['aku', 'mama', 'kerja', 'gua', 'ga', 'ibu', 'sampe', 'ayah', 'ku', 'selalu']","['dan minta maaf sama aku karna ga pernah bisa bikin keluarga yang cemara ibu sampe sekarang masih kerja dan aku sekarang kelas ibu selalu bilang untuk sukses dan kejar cita waktu itu ibu bilang ibu ikhlas kalo aku mau nyari ayah kandung ku tapi aku rasa', 'ternyata ayah kandung aku sejahat itu sama ibu jadi yang bikin aku pengen terus hidup ya ibu karna selama dia hidup aku rasa ibu ga pernah bahagia selalu rasa sakit yang dia terima sepanjang hidupnya ibu aku cuma kerja dan kerja demi aku dan ade i love ibu', 'jujur di situ sedih bgt karna mama berjuang se begitu besarnya tiap malem pusing mikirin biaya kuliah skrg aku udh kerja jd mskpn cape aku selalu inget perjuangan mama sm bpk aku biar aku bisa kuliah jd aku mau bantu lunasin hutang mama yg dipake buat aku kuliah']"
10,70,10_inkompetensi_layaknya_dino_betapa,"['inkompetensi', 'layaknya', 'dino', 'betapa', 'kompeten', 'ham', 'sedang', 'menjawab', 'anda', 'malah']","['pak dino sedang mengkritik inkompetensi menlu terus anda malah menjawab dengan menunjukkan betapa tidak kompeten dan layaknya seorang menteri ham', 'pak dino sedang mengkritik inkompetensi menlu terus anda malah menjawab dengan menunjukkan betapa tidak kompeten dan layaknya seorang menteri ham', 'pak dino sedang mengkritik inkompetensi menlu terus anda malah menjawab dengan menunjukkan betapa tidak kompeten dan layaknya seorang menteri ham']"
11,68,11_baik_baru_lebih_tahun,"['baik', 'baru', 'lebih', 'tahun', 'melangkah', 'menyala', 'maju', 'semakin', 'semangat', 'semoga']","['selamat tahun baru semoga di tahun yang baru ini kita dapat melangkah lebih baik dengan semangat yang terus menyala demi indonesia yang semakin maju dan lebih baik', 'selamat tahun baru semoga di tahun yang baru ini kita dapat melangkah lebih baik dengan semangat yang terus menyala demi indonesia yang semakin maju dan lebih baik', 'selamat tahun baru semoga di tahun yang baru ini kita dapat melangkah lebih baik dengan semangat yang terus menyala demi indonesia yang semakin maju dan lebih baik']"
12,68,12_layaknya_inkompetensi_dino_betapa,"['layaknya', 'inkompetensi', 'dino', 'betapa', 'kompeten', 'ham', 'sedang', 'menjawab', 'anda', 'malah']","['pak dino sedang mengkritik inkompetensi menlu terus anda malah menjawab dengan menunjukkan betapa tidak kompeten dan layaknya seorang menteri ham', 'pak dino sedang mengkritik inkompetensi menlu terus anda malah menjawab dengan menunjukkan betapa tidak kompeten dan layaknya seorang menteri ham', 'pak dino sedang mengkritik inkompetensi menlu terus anda malah menjawab dengan menunjukkan betapa tidak kompeten dan layaknya seorang menteri ham']"
13,66,13_gaza_palestina_israel_hamas,"['gaza', 'palestina', 'israel', 'hamas', 'perdamaian', 'gencatan', 'senjata', 'turki', 'tolak', 'pasukan']","['menlu turkiye hamas tunjukkan niat positif untuk perdamaian gaza permanen israel harus miliki sikap sama', 'menlu ri buka suara soal israel tolak pasukan perdamaian turki di gaza', 'menlu turki hamas siap gencatan senjata permanen di gaza']"
14,66,14_menlu_blm_nya_gblk,"['menlu', 'blm', 'nya', 'gblk', 'apa', 'belum', 'menkeu', 'min', 'wajah', 'kemenlu']","['menlu berkata blm perlu wah malulah kaliannn udah separsh apa diaceh ituuu', 'blm perlu gak ada untung nya buat menlu', 'menlu nya bisa di aja gak']"
15,65,15_emanglah_menghabisi_radarada_politisi,"['emanglah', 'menghabisi', 'radarada', 'politisi', 'koruptor', 'bukannya', 'nunggu', 'tempat', 'ngapain', 'seharusnya']","['bukannya dia udah di tempat yang seharusnya bisa menghabisi koruptor ngapain nunggu jadi presiden politisi emanglah radarada semua', 'bukannya dia udah di tempat yang seharusnya bisa menghabisi koruptor ngapain nunggu jadi presiden politisi emanglah radarada semua', 'bukannya dia udah di tempat yang seharusnya bisa menghabisi koruptor ngapain nunggu jadi presiden politisi emanglah radarada semua']"
16,62,16_emanglah_menghabisi_radarada_politisi,"['emanglah', 'menghabisi', 'radarada', 'politisi', 'koruptor', 'bukannya', 'nunggu', 'tempat', 'ngapain', 'seharusnya']","['bukannya dia udah di tempat yang seharusnya bisa menghabisi koruptor ngapain nunggu jadi presiden politisi emanglah radarada semua', 'bukannya dia udah di tempat yang seharusnya bisa menghabisi koruptor ngapain nunggu jadi presiden politisi emanglah radarada semua', 'bukannya dia udah di tempat yang seharusnya bisa menghabisi koruptor ngapain nunggu jadi presiden politisi emanglah radarada semua']"
17,62,17_bapak_kasad_tni_bekerjasama,"['bapak', 'kasad', 'tni', 'bekerjasama', 'beserta', 'tertimpa', 'membahu', 'hormat', 'ad', 'bahu']","['atas perintah bapak presiden tni ad bergerak cepat dalam upaya penanganan serta pemulihan bagi saudara kita yg tertimpa bencana hormat dan bangga bapak kasad tni beserta seluruh jajaran yg bahu membahu dan bekerjasama', 'atas perintah bapak presiden tni ad bergerak cepat dalam upaya penanganan serta pemulihan bagi saudara kita yg tertimpa bencana hormat dan bangga bapak kasad tni beserta seluruh jajaran yg bahu membahu dan bekerjasama', 'atas perintah bapak presiden tni ad bergerak cepat dalam upaya penanganan serta pemulihan bagi saudara kita yg tertimpa bencana hormat dan bangga bapak kasad tni beserta seluruh jajaran yg bahu membahu dan bekerjasama']"
18,61,18_baik_baru_lebih_tahun,"['baik', 'baru', 'lebih', 'tahun', 'melangkah', 'menyala', 'maju', 'semakin', 'semangat', 'semoga']","['selamat tahun baru semoga di tahun yang baru ini kita dapat melangkah lebih baik dengan semangat yang terus menyala demi indonesia yang semakin maju dan lebih baik', 'selamat tahun baru semoga di tahun yang baru ini kita dapat melangkah lebih baik dengan semangat yang terus menyala demi indonesia yang semakin maju dan lebih baik', 'selamat tahun baru semoga di tahun yang baru ini kita dapat melangkah lebih baik dengan semangat yang terus menyala demi indonesia yang semakin maju dan lebih baik']"
19,60,19_dgn_as_yg_tidak,"['dgn', 'as', 'yg', 'tidak', 'berpendirian', 'bermitra', 'sungkantakut', 'iraq', 'penurut', 'south']","['saya heran membaca pernyataan re venezuela yg sangat standar dan sama sekali tidak menyebut amerika serikat sejak kapan kita sungkantakut mengkritik kawan yg lakukan pelanggaran hukum internasional kenapa menlu sugiono sampai sekarang tidak bersuara padahal dunia menunggu pandangan sbg pemain global south yg penting ini momen perlu percaya diri menunjukkan sikap sama ketika kita dulu menentang invasi as thdp iraq bebas aktif itu artinya berani berpendirian bermitra dgn as dan dgn negara manapun tidak boleh menjadikan negara penurut yg mengorbankan hal yg prinsipil', 'saya heran membaca pernyataan re venezuela yg sangat standar dan sama sekali tidak menyebut amerika serikat sejak kapan kita sungkantakut mengkritik kawan yg lakukan pelanggaran hukum internasional kenapa menlu sugiono sampai sekarang tidak bersuara padahal dunia menunggu pandangan sbg pemain global south yg penting ini momen perlu percaya diri menunjukkan sikap sama ketika kita dulu menentang invasi as thdp iraq bebas aktif itu artinya berani berpendirian bermitra dgn as dan dgn negara manapun tidak boleh menjadikan negara penurut yg mengorbankan hal yg prinsipil', 'saya heran membaca pernyataan re venezuela yg sangat standar dan sama sekali tidak menyebut amerika serikat sejak kapan kita sungkantakut mengkritik kawan yg lakukan pelanggaran hukum internasional kenapa menlu sugiono sampai sekarang tidak bersuara padahal dunia menunggu pandangan sbg pemain global south yg penting ini momen perlu percaya diri menunjukkan sikap sama ketika kita dulu menentang invasi as thdp iraq bebas aktif itu artinya berani berpendirian bermitra dgn as dan dgn negara manapun tidak boleh menjadikan negara penurut yg mengorbankan hal yg prinsipil']"
20,60,20_transportasi_pulihkan_bangkit_pasca,"['transportasi', 'pulihkan', 'bangkit', 'pasca', 'ekonomi', 'infrastruktur', 'pusat', 'akses', 'mobilitas', 'darurat']","['presiden prabowo bahas pemulihan akses darurat prioritas prabowo pulihkan infrastruktur demi mobilitas warga cepat pulih pemerintah pusat pastikan dukungan penuh agar ekonomi dan transportasi segera bangkit pasca bencana kita bangkit bersama', 'presiden prabowo fokus pada pemulihan akses transportasi prabowo pulihkan infrastruktur agar ekonomi warga bangkit pasca bencana', 'presiden prabowo memastikan dukungan penuh pemerintah pusat untuk akses transportasi darurat prabowo pulihkan infrastruktur demi ekonomi rakyat bangkit pasca bencana']"
21,59,21_kerja_yu_capek_mulu,"['kerja', 'yu', 'capek', 'mulu', 'dikitdikit', 'rodi', 'bang', 'definisi', 'ya', 'keras']","['harus kerja ya', 'saatnya kerja kerja kerja', 'kerja']"
22,59,22_emanglah_menghabisi_radarada_politisi,"['emanglah', 'menghabisi', 'radarada', 'politisi', 'koruptor', 'bukannya', 'nunggu', 'tempat', 'ngapain', 'seharusnya']","['bukannya dia udah di tempat yang seharusnya bisa menghabisi koruptor ngapain nunggu jadi presiden politisi emanglah radarada semua', 'bukannya dia udah di tempat yang seharusnya bisa menghabisi koruptor ngapain nunggu jadi presiden politisi emanglah radarada semua', 'bukannya dia udah di tempat yang seharusnya bisa menghabisi koruptor ngapain nunggu jadi presiden politisi emanglah radarada semua']"
23,58,23_dibandingin_atau_dikomentari_donnie,"['dibandingin', 'atau', 'dikomentari', 'donnie', 'pengamatan', 'manteman', 'syahrir', 'kejauhan', 'barusan', 'silakan']","['gara invasi donnie ke venezuela jangan kejauhan dibandingin dengan syahrir atau agus salim atau adam malik deh coba dibandingin sama yg paling deket barusan retno marsudi silakan dikomentari kinerja menlu kita sesuai pengamatan manteman', 'gara invasi donnie ke venezuela jangan kejauhan dibandingin dengan syahrir atau agus salim atau adam malik deh coba dibandingin sama yg paling deket barusan retno marsudi silakan dikomentari kinerja menlu kita sesuai pengamatan manteman', 'gara invasi donnie ke venezuela jangan kejauhan dibandingin dengan syahrir atau agus salim atau adam malik deh coba dibandingin sama yg paling deket barusan retno marsudi silakan dikomentari kinerja menlu kita sesuai pengamatan manteman']"
24,56,24_pembenci_mohon_maaf_bagi,"['pembenci', 'mohon', 'maaf', 'bagi', 'para', 'presiden', '', '', '', '']","['mohon maaf bagi para pembenci presiden', 'mohon maaf bagi para pembenci presiden', 'mohon maaf bagi para pembenci presiden']"
25,55,25_juga_lu_kayak_gak,"['juga', 'lu', 'kayak', 'gak', 'masing', 'sawit', 'kagak', 'nyuruh', 'tuh', 'aja']","['mengadi negeri gimana lu gak teges pas ada ruu kuhp disahkan lu gak teges pas bencana dan lu juga yang punya lahan sawit dengan luas hektar dan lu presiden dan punya sawit jujur gw takut qrt gini bentar gw gembokan dulu', 'ga nyuruh jd presiden juga si', 'gak ada yg nyuruh juga lu jadi presiden gausa ngeluh semua orang juga kerja tupoksi nya masing masing']"
26,54,26_akalakalan_merangkap_dprd_jubir,"['akalakalan', 'merangkap', 'dprd', 'jubir', 'pilkada', 'lewat', 'menlu', 'ketus', 'tampang', 'tedy']","['menlu merangkap jubir akalakalan pilkada lewat dprd', 'menlu merangkap jubir akalakalan pilkada lewat dprd', 'menlu merangkap jubir akalakalan pilkada lewat dprd']"
27,51,27_dibandingin_atau_dikomentari_donnie,"['dibandingin', 'atau', 'dikomentari', 'donnie', 'pengamatan', 'syahrir', 'manteman', 'kejauhan', 'malik', 'adam']","['gara invasi donnie ke venezuela jangan kejauhan dibandingin dengan syahrir atau agus salim atau adam malik deh coba dibandingin sama yg paling deket barusan retno marsudi silakan dikomentari kinerja menlu kita sesuai pengamatan manteman', 'gara invasi donnie ke venezuela jangan kejauhan dibandingin dengan syahrir atau agus salim atau adam malik deh coba dibandingin sama yg paling deket barusan retno marsudi silakan dikomentari kinerja menlu kita sesuai pengamatan manteman', 'gara invasi donnie ke venezuela jangan kejauhan dibandingin dengan syahrir atau agus salim atau adam malik deh coba dibandingin sama yg paling deket barusan retno marsudi silakan dikomentari kinerja menlu kita sesuai pengamatan manteman']"
28,50,28_islam_dipukul_priuk_jamaah,"['islam', 'dipukul', 'priuk', 'jamaah', 'warsidi', 'lawannya', 'contohnya', 'orba', 'jaman', 'peristiwa']","['kalau jaman orba nih tni dipukul mundur gini ga lama balik lagi bawa pasukan ratusan orang contohnya saat peristiwa priuk dan jamaah warsidi apakah karena lawannya bukan orang islam dan bukan wni', 'kalau jaman orba nih tni dipukul mundur gini ga lama balik lagi bawa pasukan ratusan orang contohnya saat peristiwa priuk dan jamaah warsidi apakah karena lawannya bukan orang islam dan bukan wni', 'kalau jaman orba nih tni dipukul mundur gini ga lama balik lagi bawa pasukan ratusan orang contohnya saat peristiwa priuk dan jamaah warsidi apakah karena lawannya bukan orang islam dan bukan wni']"
29,48,29_sekolah_rakyat_makin_kesehatan,"['sekolah', 'rakyat', 'makin', 'kesehatan', 'lewat', 'mbg', 'gratis', 'prabowo', 'skrining', 'cetak']","['makin banyak anak bangsa bisa berkembang semua garagara support presiden prabowo lewat sekolah rakyat', 'presiden prabowo buktiin pendidikan bisa jadi kunci keluar dari kemiskinan lewat sekolah rakyat', 'presiden prabowo buktikan komitmen lewat sekolah rakyat rakyat makin percaya diri']"
30,48,30_dgn_as_yg_tidak,"['dgn', 'as', 'yg', 'tidak', 'berpendirian', 'bermitra', 'sungkantakut', 'iraq', 'penurut', 'south']","['saya heran membaca pernyataan re venezuela yg sangat standar dan sama sekali tidak menyebut amerika serikat sejak kapan kita sungkantakut mengkritik kawan yg lakukan pelanggaran hukum internasional kenapa menlu sugiono sampai sekarang tidak bersuara padahal dunia menunggu pandangan sbg pemain global south yg penting ini momen perlu percaya diri menunjukkan sikap sama ketika kita dulu menentang invasi as thdp iraq bebas aktif itu artinya berani berpendirian bermitra dgn as dan dgn negara manapun tidak boleh menjadikan negara penurut yg mengorbankan hal yg prinsipil', 'saya heran membaca pernyataan re venezuela yg sangat standar dan sama sekali tidak menyebut amerika serikat sejak kapan kita sungkantakut mengkritik kawan yg lakukan pelanggaran hukum internasional kenapa menlu sugiono sampai sekarang tidak bersuara padahal dunia menunggu pandangan sbg pemain global south yg penting ini momen perlu percaya diri menunjukkan sikap sama ketika kita dulu menentang invasi as thdp iraq bebas aktif itu artinya berani berpendirian bermitra dgn as dan dgn negara manapun tidak boleh menjadikan negara penurut yg mengorbankan hal yg prinsipil', 'saya heran membaca pernyataan re venezuela yg sangat standar dan sama sekali tidak menyebut amerika serikat sejak kapan kita sungkantakut mengkritik kawan yg lakukan pelanggaran hukum internasional kenapa menlu sugiono sampai sekarang tidak bersuara padahal dunia menunggu pandangan sbg pemain global south yg penting ini momen perlu percaya diri menunjukkan sikap sama ketika kita dulu menentang invasi as thdp iraq bebas aktif itu artinya berani berpendirian bermitra dgn as dan dgn negara manapun tidak boleh menjadikan negara penurut yg mengorbankan hal yg prinsipil']"
31,48,31_hrs_saudi_ironis_arabia,"['hrs', 'saudi', 'ironis', 'arabia', 'reynhard', 'dipojokkan', 'ahlanwasahlanibhrs', 'kriminal', 'super', 'sungguh']","['reynhard di inggris yg jelas super kriminal n memalukan indonesia diberi bantuan hukum habib rizieq shihab hrs di saudi arabia malah dipojokkan pernyataan menko n dubes ri di saudi sungguh tak adil n ironis selamat datang hrs ahlanwasahlanibhrs', 'reynhard di inggris yg jelas super kriminal n memalukan indonesia diberi bantuan hukum habib rizieq shihab hrs di saudi arabia malah dipojokkan pernyataan menko n dubes ri di saudi sungguh tak adil n ironis selamat datang hrs ahlanwasahlanibhrs', 'reynhard di inggris yg jelas super kriminal n memalukan indonesia diberi bantuan hukum habib rizieq shihab hrs di saudi arabia malah dipojokkan pernyataan menko n dubes ri di saudi sungguh tak adil n ironis selamat datang hrs ahlanwasahlanibhrs']"
32,47,32_pasca_pulihkan_bangkit_infrastruktur,"['pasca', 'pulihkan', 'bangkit', 'infrastruktur', 'darurat', 'akses', 'bencana', 'mobilitas', 'masyarakat', 'prabowo']","['presiden prabowo memastikan pembangunan akses darurat dipercepat supaya ekonomi warga kembali bergerak prabowo pulihkan infrastruktur sebagai jalan menuju bangkit pasca bencana', 'langkah nyata presiden prabowo fokus pada akses darurat dan pemulihan mobilitas rakyat prabowo pulihkan infrastruktur membuka jalan bangkit pasca bencana', 'presiden prabowo mendorong pembangunan akses darurat prabowo pulihkan infrastruktur supaya warga bangkit pasca bencana']"
33,45,33_dgn_as_yg_tidak,"['dgn', 'as', 'yg', 'tidak', 'berpendirian', 'bermitra', 'sungkantakut', 'iraq', 'penurut', 'south']","['saya heran membaca pernyataan re venezuela yg sangat standar dan sama sekali tidak menyebut amerika serikat sejak kapan kita sungkantakut mengkritik kawan yg lakukan pelanggaran hukum internasional kenapa menlu sugiono sampai sekarang tidak bersuara padahal dunia menunggu pandangan sbg pemain global south yg penting ini momen perlu percaya diri menunjukkan sikap sama ketika kita dulu menentang invasi as thdp iraq bebas aktif itu artinya berani berpendirian bermitra dgn as dan dgn negara manapun tidak boleh menjadikan negara penurut yg mengorbankan hal yg prinsipil', 'saya heran membaca pernyataan re venezuela yg sangat standar dan sama sekali tidak menyebut amerika serikat sejak kapan kita sungkantakut mengkritik kawan yg lakukan pelanggaran hukum internasional kenapa menlu sugiono sampai sekarang tidak bersuara padahal dunia menunggu pandangan sbg pemain global south yg penting ini momen perlu percaya diri menunjukkan sikap sama ketika kita dulu menentang invasi as thdp iraq bebas aktif itu artinya berani berpendirian bermitra dgn as dan dgn negara manapun tidak boleh menjadikan negara penurut yg mengorbankan hal yg prinsipil', 'saya heran membaca pernyataan re venezuela yg sangat standar dan sama sekali tidak menyebut amerika serikat sejak kapan kita sungkantakut mengkritik kawan yg lakukan pelanggaran hukum internasional kenapa menlu sugiono sampai sekarang tidak bersuara padahal dunia menunggu pandangan sbg pemain global south yg penting ini momen perlu percaya diri menunjukkan sikap sama ketika kita dulu menentang invasi as thdp iraq bebas aktif itu artinya berani berpendirian bermitra dgn as dan dgn negara manapun tidak boleh menjadikan negara penurut yg mengorbankan hal yg prinsipil']"
34,44,34_pembenci_mohon_maaf_bagi,"['pembenci', 'mohon', 'maaf', 'bagi', 'para', 'presiden', '', '', '', '']","['mohon maaf bagi para pembenci presiden', 'mohon maaf bagi para pembenci presiden', 'mohon maaf bagi para pembenci presiden']"
35,44,35_emanglah_menghabisi_radarada_politisi,"['emanglah', 'menghabisi', 'radarada', 'politisi', 'koruptor', 'bukannya', 'nunggu', 'tempat', 'ngapain', 'seharusnya']","['bukannya dia udah di tempat yang seharusnya bisa menghabisi koruptor ngapain nunggu jadi presiden politisi emanglah radarada semua', 'bukannya dia udah di tempat yang seharusnya bisa menghabisi koruptor ngapain nunggu jadi presiden politisi emanglah radarada semua', 'bukannya dia udah di tempat yang seharusnya bisa menghabisi koruptor ngapain nunggu jadi presiden politisi emanglah radarada semua']"
36,44,36_kinerjanya_biasanya_sedikit_kementrian,"['kinerjanya', 'biasanya', 'sedikit', 'kementrian', 'rasanya', 'bagus', 'bawah', 'gimana', 'ya', 'salah']","['biasanya salah satu dari sedikit kementrian yg kinerjanya bagus ya kemenlu sekarang gimana ya rasanya mereka kerja di bawah orang ini', 'biasanya salah satu dari sedikit kementrian yg kinerjanya bagus ya kemenlu sekarang gimana ya rasanya mereka kerja di bawah orang ini', 'biasanya salah satu dari sedikit kementrian yg kinerjanya bagus ya kemenlu sekarang gimana ya rasanya mereka kerja di bawah orang ini']"
37,44,37_aja_jadi_ga_kan,"['aja', 'jadi', 'ga', 'kan', 'kalo', 'gitu', 'kepilih', 'kasian', 'udh', 'ih']","['lhooo gibran kok yg suru pakek kalo nipu ngaku aja udh ga jd presiden lagi kok', 'kalo bapak gua jadi presiden jg bisa gua ini ngomong kek gini gausah jadi presiden dah masih idup aja udh syukur guaa', 'ih kenapa sih kalian kayak gt ke pak prabowo jangan jahat jahat jadi orang jadi presiden kan gak gampang jangan gitu ih kasian kontol kata gue emg pantes di kata katain kalo udah tua amp gak becus gak usah jadi presiden']"
38,43,38_dgn_as_yg_tidak,"['dgn', 'as', 'yg', 'tidak', 'berpendirian', 'bermitra', 'sungkantakut', 'iraq', 'penurut', 'south']","['saya heran membaca pernyataan re venezuela yg sangat standar dan sama sekali tidak menyebut amerika serikat sejak kapan kita sungkantakut mengkritik kawan yg lakukan pelanggaran hukum internasional kenapa menlu sugiono sampai sekarang tidak bersuara padahal dunia menunggu pandangan sbg pemain global south yg penting ini momen perlu percaya diri menunjukkan sikap sama ketika kita dulu menentang invasi as thdp iraq bebas aktif itu artinya berani berpendirian bermitra dgn as dan dgn negara manapun tidak boleh menjadikan negara penurut yg mengorbankan hal yg prinsipil', 'saya heran membaca pernyataan re venezuela yg sangat standar dan sama sekali tidak menyebut amerika serikat sejak kapan kita sungkantakut mengkritik kawan yg lakukan pelanggaran hukum internasional kenapa menlu sugiono sampai sekarang tidak bersuara padahal dunia menunggu pandangan sbg pemain global south yg penting ini momen perlu percaya diri menunjukkan sikap sama ketika kita dulu menentang invasi as thdp iraq bebas aktif itu artinya berani berpendirian bermitra dgn as dan dgn negara manapun tidak boleh menjadikan negara penurut yg mengorbankan hal yg prinsipil', 'saya heran membaca pernyataan re venezuela yg sangat standar dan sama sekali tidak menyebut amerika serikat sejak kapan kita sungkantakut mengkritik kawan yg lakukan pelanggaran hukum internasional kenapa menlu sugiono sampai sekarang tidak bersuara padahal dunia menunggu pandangan sbg pemain global south yg penting ini momen perlu percaya diri menunjukkan sikap sama ketika kita dulu menentang invasi as thdp iraq bebas aktif itu artinya berani berpendirian bermitra dgn as dan dgn negara manapun tidak boleh menjadikan negara penurut yg mengorbankan hal yg prinsipil']"
39,43,39_dgn_as_yg_tidak,"['dgn', 'as', 'yg', 'tidak', 'berpendirian', 'bermitra', 'sungkantakut', 'iraq', 'penurut', 'south']","['saya heran membaca pernyataan re venezuela yg sangat standar dan sama sekali tidak menyebut amerika serikat sejak kapan kita sungkantakut mengkritik kawan yg lakukan pelanggaran hukum internasional kenapa menlu sugiono sampai sekarang tidak bersuara padahal dunia menunggu pandangan sbg pemain global south yg penting ini momen perlu percaya diri menunjukkan sikap sama ketika kita dulu menentang invasi as thdp iraq bebas aktif itu artinya berani berpendirian bermitra dgn as dan dgn negara manapun tidak boleh menjadikan negara penurut yg mengorbankan hal yg prinsipil', 'saya heran membaca pernyataan re venezuela yg sangat standar dan sama sekali tidak menyebut amerika serikat sejak kapan kita sungkantakut mengkritik kawan yg lakukan pelanggaran hukum internasional kenapa menlu sugiono sampai sekarang tidak bersuara padahal dunia menunggu pandangan sbg pemain global south yg penting ini momen perlu percaya diri menunjukkan sikap sama ketika kita dulu menentang invasi as thdp iraq bebas aktif itu artinya berani berpendirian bermitra dgn as dan dgn negara manapun tidak boleh menjadikan negara penurut yg mengorbankan hal yg prinsipil', 'saya heran membaca pernyataan re venezuela yg sangat standar dan sama sekali tidak menyebut amerika serikat sejak kapan kita sungkantakut mengkritik kawan yg lakukan pelanggaran hukum internasional kenapa menlu sugiono sampai sekarang tidak bersuara padahal dunia menunggu pandangan sbg pemain global south yg penting ini momen perlu percaya diri menunjukkan sikap sama ketika kita dulu menentang invasi as thdp iraq bebas aktif itu artinya berani berpendirian bermitra dgn as dan dgn negara manapun tidak boleh menjadikan negara penurut yg mengorbankan hal yg prinsipil']"
40,43,40_dgn_as_yg_tidak,"['dgn', 'as', 'yg', 'tidak', 'berpendirian', 'bermitra', 'sungkantakut', 'iraq', 'penurut', 'south']","['saya heran membaca pernyataan re venezuela yg sangat standar dan sama sekali tidak menyebut amerika serikat sejak kapan kita sungkantakut mengkritik kawan yg lakukan pelanggaran hukum internasional kenapa menlu sugiono sampai sekarang tidak bersuara padahal dunia menunggu pandangan sbg pemain global south yg penting ini momen perlu percaya diri menunjukkan sikap sama ketika kita dulu menentang invasi as thdp iraq bebas aktif itu artinya berani berpendirian bermitra dgn as dan dgn negara manapun tidak boleh menjadikan negara penurut yg mengorbankan hal yg prinsipil', 'saya heran membaca pernyataan re venezuela yg sangat standar dan sama sekali tidak menyebut amerika serikat sejak kapan kita sungkantakut mengkritik kawan yg lakukan pelanggaran hukum internasional kenapa menlu sugiono sampai sekarang tidak bersuara padahal dunia menunggu pandangan sbg pemain global south yg penting ini momen perlu percaya diri menunjukkan sikap sama ketika kita dulu menentang invasi as thdp iraq bebas aktif itu artinya berani berpendirian bermitra dgn as dan dgn negara manapun tidak boleh menjadikan negara penurut yg mengorbankan hal yg prinsipil', 'saya heran membaca pernyataan re venezuela yg sangat standar dan sama sekali tidak menyebut amerika serikat sejak kapan kita sungkantakut mengkritik kawan yg lakukan pelanggaran hukum internasional kenapa menlu sugiono sampai sekarang tidak bersuara padahal dunia menunggu pandangan sbg pemain global south yg penting ini momen perlu percaya diri menunjukkan sikap sama ketika kita dulu menentang invasi as thdp iraq bebas aktif itu artinya berani berpendirian bermitra dgn as dan dgn negara manapun tidak boleh menjadikan negara penurut yg mengorbankan hal yg prinsipil']"
41,43,41_dgn_as_yg_tidak,"['dgn', 'as', 'yg', 'tidak', 'berpendirian', 'bermitra', 'sungkantakut', 'iraq', 'penurut', 'south']","['saya heran membaca pernyataan re venezuela yg sangat standar dan sama sekali tidak menyebut amerika serikat sejak kapan kita sungkantakut mengkritik kawan yg lakukan pelanggaran hukum internasional kenapa menlu sugiono sampai sekarang tidak bersuara padahal dunia menunggu pandangan sbg pemain global south yg penting ini momen perlu percaya diri menunjukkan sikap sama ketika kita dulu menentang invasi as thdp iraq bebas aktif itu artinya berani berpendirian bermitra dgn as dan dgn negara manapun tidak boleh menjadikan negara penurut yg mengorbankan hal yg prinsipil', 'saya heran membaca pernyataan re venezuela yg sangat standar dan sama sekali tidak menyebut amerika serikat sejak kapan kita sungkantakut mengkritik kawan yg lakukan pelanggaran hukum internasional kenapa menlu sugiono sampai sekarang tidak bersuara padahal dunia menunggu pandangan sbg pemain global south yg penting ini momen perlu percaya diri menunjukkan sikap sama ketika kita dulu menentang invasi as thdp iraq bebas aktif itu artinya berani berpendirian bermitra dgn as dan dgn negara manapun tidak boleh menjadikan negara penurut yg mengorbankan hal yg prinsipil', 'saya heran membaca pernyataan re venezuela yg sangat standar dan sama sekali tidak menyebut amerika serikat sejak kapan kita sungkantakut mengkritik kawan yg lakukan pelanggaran hukum internasional kenapa menlu sugiono sampai sekarang tidak bersuara padahal dunia menunggu pandangan sbg pemain global south yg penting ini momen perlu percaya diri menunjukkan sikap sama ketika kita dulu menentang invasi as thdp iraq bebas aktif itu artinya berani berpendirian bermitra dgn as dan dgn negara manapun tidak boleh menjadikan negara penurut yg mengorbankan hal yg prinsipil']"
42,43,42_ladang_tangerang_jagung_bantarpanjang,"['ladang', 'tangerang', 'jagung', 'bantarpanjang', 'tigaraksa', 'terbengkalai', 'polresta', 'ditumbuhi', 'diresmikan', 'rumput']","['polresta tangerang akan melakukan evaluasi terhadap ladang jagung yang terbengkalai dan ditumbuhi rumput liar di desa bantarpanjang kecamatan tigaraksa kabupaten tangerang banten ladang jagung ini sebelumnya diresmikan wakil presiden ri gibran rakabuming raka untuk program', 'polresta tangerang akan melakukan evaluasi terhadap ladang jagung yang terbengkalai dan ditumbuhi rumput liar di desa bantarpanjang kecamatan tigaraksa kabupaten tangerang banten ladang jagung ini sebelumnya diresmikan wakil presiden ri gibran rakabuming raka untuk program', 'polresta tangerang akan melakukan evaluasi terhadap ladang jagung yang terbengkalai dan ditumbuhi rumput liar di desa bantarpanjang kecamatan tigaraksa kabupaten tangerang banten ladang jagung ini sebelumnya diresmikan wakil presiden ri gibran rakabuming raka untuk program']"
43,43,43_dgn_as_yg_tidak,"['dgn', 'as', 'yg', 'tidak', 'berpendirian', 'bermitra', 'sungkantakut', 'iraq', 'penurut', 'south']","['saya heran membaca pernyataan re venezuela yg sangat standar dan sama sekali tidak menyebut amerika serikat sejak kapan kita sungkantakut mengkritik kawan yg lakukan pelanggaran hukum internasional kenapa menlu sugiono sampai sekarang tidak bersuara padahal dunia menunggu pandangan sbg pemain global south yg penting ini momen perlu percaya diri menunjukkan sikap sama ketika kita dulu menentang invasi as thdp iraq bebas aktif itu artinya berani berpendirian bermitra dgn as dan dgn negara manapun tidak boleh menjadikan negara penurut yg mengorbankan hal yg prinsipil', 'saya heran membaca pernyataan re venezuela yg sangat standar dan sama sekali tidak menyebut amerika serikat sejak kapan kita sungkantakut mengkritik kawan yg lakukan pelanggaran hukum internasional kenapa menlu sugiono sampai sekarang tidak bersuara padahal dunia menunggu pandangan sbg pemain global south yg penting ini momen perlu percaya diri menunjukkan sikap sama ketika kita dulu menentang invasi as thdp iraq bebas aktif itu artinya berani berpendirian bermitra dgn as dan dgn negara manapun tidak boleh menjadikan negara penurut yg mengorbankan hal yg prinsipil', 'saya heran membaca pernyataan re venezuela yg sangat standar dan sama sekali tidak menyebut amerika serikat sejak kapan kita sungkantakut mengkritik kawan yg lakukan pelanggaran hukum internasional kenapa menlu sugiono sampai sekarang tidak bersuara padahal dunia menunggu pandangan sbg pemain global south yg penting ini momen perlu percaya diri menunjukkan sikap sama ketika kita dulu menentang invasi as thdp iraq bebas aktif itu artinya berani berpendirian bermitra dgn as dan dgn negara manapun tidak boleh menjadikan negara penurut yg mengorbankan hal yg prinsipil']"
44,41,44_ruupemilu_selangkah_menyusun_mengegolkannya,"['ruupemilu', 'selangkah', 'menyusun', 'mengegolkannya', 'skenario', 'politikus', 'tempo', 'pemilihan', 'sistem', 'ambisi']","['ambisi presiden prabowo subianto mengganti sistem pemilihan kepala daerah tinggal selangkah lagi para politikus menyusun skenario untuk mengegolkannya tempo ruupemilu pilkada', 'ambisi presiden prabowo subianto mengganti sistem pemilihan kepala daerah tinggal selangkah lagi para politikus menyusun skenario untuk mengegolkannya tempo ruupemilu pilkada', 'ambisi presiden prabowo subianto mengganti sistem pemilihan kepala daerah tinggal selangkah lagi para politikus menyusun skenario untuk mengegolkannya tempo ruupemilu pilkada']"
45,41,45_datang_rekonstruksi_pascabencana_bangun,"['datang', 'rekonstruksi', 'pascabencana', 'bangun', 'jalan', 'listrik', 'kembali', 'rumah', 'kalinya', 'diganti']","['tiga kali datang bukan sekadar simbol presiden prabowo memastikan negara kerja prabowo bangun kembali melalui rekonstruksi pascabencana rumah rusak diganti jalan listrik dibangun ulang gotong royong jadi kunci', 'di tengah medan berat presiden datang lagi untuk ketiga kalinya membawa pesan prabowo bangun kembali lewat rekonstruksi pascabencana semua rumah rusak akan diganti negara bergerak meski kondisi lapangan sulit', 'untuk ketiga kalinya presiden prabowo datang memastikan prabowo bangun kembali melalui rekonstruksi pascabencana']"
46,40,46_dgn_as_yg_tidak,"['dgn', 'as', 'yg', 'tidak', 'berpendirian', 'bermitra', 'sungkantakut', 'iraq', 'penurut', 'south']","['saya heran membaca pernyataan re venezuela yg sangat standar dan sama sekali tidak menyebut amerika serikat sejak kapan kita sungkantakut mengkritik kawan yg lakukan pelanggaran hukum internasional kenapa menlu sugiono sampai sekarang tidak bersuara padahal dunia menunggu pandangan sbg pemain global south yg penting ini momen perlu percaya diri menunjukkan sikap sama ketika kita dulu menentang invasi as thdp iraq bebas aktif itu artinya berani berpendirian bermitra dgn as dan dgn negara manapun tidak boleh menjadikan negara penurut yg mengorbankan hal yg prinsipil', 'saya heran membaca pernyataan re venezuela yg sangat standar dan sama sekali tidak menyebut amerika serikat sejak kapan kita sungkantakut mengkritik kawan yg lakukan pelanggaran hukum internasional kenapa menlu sugiono sampai sekarang tidak bersuara padahal dunia menunggu pandangan sbg pemain global south yg penting ini momen perlu percaya diri menunjukkan sikap sama ketika kita dulu menentang invasi as thdp iraq bebas aktif itu artinya berani berpendirian bermitra dgn as dan dgn negara manapun tidak boleh menjadikan negara penurut yg mengorbankan hal yg prinsipil', 'saya heran membaca pernyataan re venezuela yg sangat standar dan sama sekali tidak menyebut amerika serikat sejak kapan kita sungkantakut mengkritik kawan yg lakukan pelanggaran hukum internasional kenapa menlu sugiono sampai sekarang tidak bersuara padahal dunia menunggu pandangan sbg pemain global south yg penting ini momen perlu percaya diri menunjukkan sikap sama ketika kita dulu menentang invasi as thdp iraq bebas aktif itu artinya berani berpendirian bermitra dgn as dan dgn negara manapun tidak boleh menjadikan negara penurut yg mengorbankan hal yg prinsipil']"
47,40,47_dubes_ri_miring_komentarnya,"['dubes', 'ri', 'miring', 'komentarnya', 'usulkan', 'membela', 'bersangkutan', 'melayani', 'melindungi', 'pdhal']","['sbg anggota komisi sy usulkan kpd agar segera menarik n mengganti dubes ri di saudi yg bersangkutan sdh berada di sana hampir tahun komentarnya selalu miring soal habib rizieq shihab pdhal dubes ri seharusnya melayani melindungi n membela warga ri', 'sbg anggota komisi sy usulkan kpd agar segera menarik n mengganti dubes ri di saudi yg bersangkutan sdh berada di sana hampir tahun komentarnya selalu miring soal habib rizieq shihab pdhal dubes ri seharusnya melayani melindungi n membela warga ri', 'sbg anggota komisi sy usulkan kpd agar segera menarik n mengganti dubes ri di saudi yg bersangkutan sdh berada di sana hampir tahun komentarnya selalu miring soal habib rizieq shihab pdhal dubes ri seharusnya melayani melindungi n membela warga ri']"
48,40,48_rekonstruksi_pascabencana_bangun_kembali,"['rekonstruksi', 'pascabencana', 'bangun', 'kembali', 'rumah', 'lapangan', 'menyampaikan', 'jalan', 'rusak', 'listrik']","['rumah listrik jalan dan infrastruktur akan dipulihkan prabowo bangun kembali adalah arah rekonstruksi pascabencana', 'prabowo bangun kembali dengan rekonstruksi pascabencana hadir langsung untuk ketiga kalinya memastikan rumah yang rusak diganti listrik jalan dan infrastruktur dipulihkan secepatnya negara dan rakyat bergerak bersama dalam semangat gotong royong', 'prabowo bangun kembali infrastruktur yang terdampak bencana rekonstruksi pascabencana']"
49,40,49_dgn_as_yg_tidak,"['dgn', 'as', 'yg', 'tidak', 'berpendirian', 'bermitra', 'sungkantakut', 'iraq', 'penurut', 'south']","['saya heran membaca pernyataan re venezuela yg sangat standar dan sama sekali tidak menyebut amerika serikat sejak kapan kita sungkantakut mengkritik kawan yg lakukan pelanggaran hukum internasional kenapa menlu sugiono sampai sekarang tidak bersuara padahal dunia menunggu pandangan sbg pemain global south yg penting ini momen perlu percaya diri menunjukkan sikap sama ketika kita dulu menentang invasi as thdp iraq bebas aktif itu artinya berani berpendirian bermitra dgn as dan dgn negara manapun tidak boleh menjadikan negara penurut yg mengorbankan hal yg prinsipil', 'saya heran membaca pernyataan re venezuela yg sangat standar dan sama sekali tidak menyebut amerika serikat sejak kapan kita sungkantakut mengkritik kawan yg lakukan pelanggaran hukum internasional kenapa menlu sugiono sampai sekarang tidak bersuara padahal dunia menunggu pandangan sbg pemain global south yg penting ini momen perlu percaya diri menunjukkan sikap sama ketika kita dulu menentang invasi as thdp iraq bebas aktif itu artinya berani berpendirian bermitra dgn as dan dgn negara manapun tidak boleh menjadikan negara penurut yg mengorbankan hal yg prinsipil', 'saya heran membaca pernyataan re venezuela yg sangat standar dan sama sekali tidak menyebut amerika serikat sejak kapan kita sungkantakut mengkritik kawan yg lakukan pelanggaran hukum internasional kenapa menlu sugiono sampai sekarang tidak bersuara padahal dunia menunggu pandangan sbg pemain global south yg penting ini momen perlu percaya diri menunjukkan sikap sama ketika kita dulu menentang invasi as thdp iraq bebas aktif itu artinya berani berpendirian bermitra dgn as dan dgn negara manapun tidak boleh menjadikan negara penurut yg mengorbankan hal yg prinsipil']"
50,40,50_dgn_as_yg_tidak,"['dgn', 'as', 'yg', 'tidak', 'berpendirian', 'bermitra', 'sungkantakut', 'iraq', 'penurut', 'south']","['saya heran membaca pernyataan re venezuela yg sangat standar dan sama sekali tidak menyebut amerika serikat sejak kapan kita sungkantakut mengkritik kawan yg lakukan pelanggaran hukum internasional kenapa menlu sugiono sampai sekarang tidak bersuara padahal dunia menunggu pandangan sbg pemain global south yg penting ini momen perlu percaya diri menunjukkan sikap sama ketika kita dulu menentang invasi as thdp iraq bebas aktif itu artinya berani berpendirian bermitra dgn as dan dgn negara manapun tidak boleh menjadikan negara penurut yg mengorbankan hal yg prinsipil', 'saya heran membaca pernyataan re venezuela yg sangat standar dan sama sekali tidak menyebut amerika serikat sejak kapan kita sungkantakut mengkritik kawan yg lakukan pelanggaran hukum internasional kenapa menlu sugiono sampai sekarang tidak bersuara padahal dunia menunggu pandangan sbg pemain global south yg penting ini momen perlu percaya diri menunjukkan sikap sama ketika kita dulu menentang invasi as thdp iraq bebas aktif itu artinya berani berpendirian bermitra dgn as dan dgn negara manapun tidak boleh menjadikan negara penurut yg mengorbankan hal yg prinsipil', 'saya heran membaca pernyataan re venezuela yg sangat standar dan sama sekali tidak menyebut amerika serikat sejak kapan kita sungkantakut mengkritik kawan yg lakukan pelanggaran hukum internasional kenapa menlu sugiono sampai sekarang tidak bersuara padahal dunia menunggu pandangan sbg pemain global south yg penting ini momen perlu percaya diri menunjukkan sikap sama ketika kita dulu menentang invasi as thdp iraq bebas aktif itu artinya berani berpendirian bermitra dgn as dan dgn negara manapun tidak boleh menjadikan negara penurut yg mengorbankan hal yg prinsipil']"
51,40,51_juga_aku_gue_kerja,"['juga', 'aku', 'gue', 'kerja', 'ga', 'doang', 'nder', 'englishnya', 'tumbler', 'notif']","['aku balik lagi kak posisi baru banget pulang kerja terus sama ortu mau di jodohin sama seseorang aku ga mau kak aku juga belum mau nikah katanya hidup itu pilihan tapi kenapa hidup ku ngga pengen kabur rasanya aku juga berhak menentukan pilihan ku sendiri', 'pedoman gue ada di mama dan adik gue kak gue udah sesakit itu liat mama dibawa sengsara trs sm bokap dan adek gue juga yg masi tk harus memahami keadaan adek sm mama gue sering bgt makan sma kerupuk doang sakit hati bgt liatnya doain guys akhir bulan ini gw kerja wml', 'kek mana rumah mau jalan kalo yg kerja aku doang urusan rumah ke aku makan ke aku sekarang utang juga ke aku jadi orang tua ga bisa mikir']"
52,39,52_dgn_as_yg_tidak,"['dgn', 'as', 'yg', 'tidak', 'berpendirian', 'bermitra', 'sungkantakut', 'iraq', 'penurut', 'south']","['saya heran membaca pernyataan re venezuela yg sangat standar dan sama sekali tidak menyebut amerika serikat sejak kapan kita sungkantakut mengkritik kawan yg lakukan pelanggaran hukum internasional kenapa menlu sugiono sampai sekarang tidak bersuara padahal dunia menunggu pandangan sbg pemain global south yg penting ini momen perlu percaya diri menunjukkan sikap sama ketika kita dulu menentang invasi as thdp iraq bebas aktif itu artinya berani berpendirian bermitra dgn as dan dgn negara manapun tidak boleh menjadikan negara penurut yg mengorbankan hal yg prinsipil', 'saya heran membaca pernyataan re venezuela yg sangat standar dan sama sekali tidak menyebut amerika serikat sejak kapan kita sungkantakut mengkritik kawan yg lakukan pelanggaran hukum internasional kenapa menlu sugiono sampai sekarang tidak bersuara padahal dunia menunggu pandangan sbg pemain global south yg penting ini momen perlu percaya diri menunjukkan sikap sama ketika kita dulu menentang invasi as thdp iraq bebas aktif itu artinya berani berpendirian bermitra dgn as dan dgn negara manapun tidak boleh menjadikan negara penurut yg mengorbankan hal yg prinsipil', 'saya heran membaca pernyataan re venezuela yg sangat standar dan sama sekali tidak menyebut amerika serikat sejak kapan kita sungkantakut mengkritik kawan yg lakukan pelanggaran hukum internasional kenapa menlu sugiono sampai sekarang tidak bersuara padahal dunia menunggu pandangan sbg pemain global south yg penting ini momen perlu percaya diri menunjukkan sikap sama ketika kita dulu menentang invasi as thdp iraq bebas aktif itu artinya berani berpendirian bermitra dgn as dan dgn negara manapun tidak boleh menjadikan negara penurut yg mengorbankan hal yg prinsipil']"
53,39,53_ladang_tangerang_jagung_bantarpanjang,"['ladang', 'tangerang', 'jagung', 'bantarpanjang', 'tigaraksa', 'terbengkalai', 'polresta', 'ditumbuhi', 'diresmikan', 'rumput']","['polresta tangerang akan melakukan evaluasi terhadap ladang jagung yang terbengkalai dan ditumbuhi rumput liar di desa bantarpanjang kecamatan tigaraksa kabupaten tangerang banten ladang jagung ini sebelumnya diresmikan wakil presiden ri gibran rakabuming raka untuk program', 'polresta tangerang akan melakukan evaluasi terhadap ladang jagung yang terbengkalai dan ditumbuhi rumput liar di desa bantarpanjang kecamatan tigaraksa kabupaten tangerang banten ladang jagung ini sebelumnya diresmikan wakil presiden ri gibran rakabuming raka untuk program', 'polresta tangerang akan melakukan evaluasi terhadap ladang jagung yang terbengkalai dan ditumbuhi rumput liar di desa bantarpanjang kecamatan tigaraksa kabupaten tangerang banten ladang jagung ini sebelumnya diresmikan wakil presiden ri gibran rakabuming raka untuk program']"
54,38,54_tau_kalo_diculik_info,"['tau', 'kalo', 'diculik', 'info', 'cari', 'menculik', 'mana', 'sih', 'soal', 'aku']","['kalo mau tau soal presiden diculik cari info di mana ya kalo presiden menculik sih aku udah tau', 'kalo mau tau soal presiden diculik cari info di mana ya kalo presiden menculik sih aku udah tau', 'kalo mau tau soal presiden diculik cari info di mana ya kalo presiden menculik sih aku udah tau']"
55,38,55_layaknya_inkompetensi_dino_betapa,"['layaknya', 'inkompetensi', 'dino', 'betapa', 'kompeten', 'ham', 'sedang', 'menjawab', 'anda', 'malah']","['pak dino sedang mengkritik inkompetensi menlu terus anda malah menjawab dengan menunjukkan betapa tidak kompeten dan layaknya seorang menteri ham', 'pak dino sedang mengkritik inkompetensi menlu terus anda malah menjawab dengan menunjukkan betapa tidak kompeten dan layaknya seorang menteri ham', 'pak dino sedang mengkritik inkompetensi menlu terus anda malah menjawab dengan menunjukkan betapa tidak kompeten dan layaknya seorang menteri ham']"
56,37,56_fadli_zon_komunis_bahaya,"['fadli', 'zon', 'komunis', 'bahaya', 'sebut', 'jawab', 'partai', 'minta', 'china', 'kemenlu']","['fadli zon minta kemenlu jawab amerika yang sebut indonesia dalam bahaya partai komunis china', 'fadli zon minta kemenlu jawab amerika yang sebut indonesia dalam bahaya partai komunis china', 'fadli zon minta kemenlu jawab amerika yang sebut indonesia dalam bahaya partai komunis china']"
57,37,57_melimpah_nuklirnya_perlakuan_sumberdaya,"['melimpah', 'nuklirnya', 'perlakuan', 'sumberdaya', 'berlalu', 'tampak', 'dijajah', 'akal', 'nuklir', 'aturan']","['dulu dianggap orang gila dengan ambisi nuklirnya sekarang tampak masuk akal perlakuan trump terhadap pelanggaran kedaulatan venezuela bukti bahwa aturan internasional tidak lagi berlalu negara dg sumberdaya melimpah tanpa senjata nuklir hanya nunggu waktu saja untuk dijajah', 'dulu dianggap orang gila dengan ambisi nuklirnya sekarang tampak masuk akal perlakuan trump terhadap pelanggaran kedaulatan venezuela bukti bahwa aturan internasional tidak lagi berlalu negara dg sumberdaya melimpah tanpa senjata nuklir hanya nunggu waktu saja untuk dijajah', 'dulu dianggap orang gila dengan ambisi nuklirnya sekarang tampak masuk akal perlakuan trump terhadap pelanggaran kedaulatan venezuela bukti bahwa aturan internasional tidak lagi berlalu negara dg sumberdaya melimpah tanpa senjata nuklir hanya nunggu waktu saja untuk dijajah']"
58,37,58_dgn_as_yg_tidak,"['dgn', 'as', 'yg', 'tidak', 'berpendirian', 'bermitra', 'sungkantakut', 'iraq', 'penurut', 'south']","['saya heran membaca pernyataan re venezuela yg sangat standar dan sama sekali tidak menyebut amerika serikat sejak kapan kita sungkantakut mengkritik kawan yg lakukan pelanggaran hukum internasional kenapa menlu sugiono sampai sekarang tidak bersuara padahal dunia menunggu pandangan sbg pemain global south yg penting ini momen perlu percaya diri menunjukkan sikap sama ketika kita dulu menentang invasi as thdp iraq bebas aktif itu artinya berani berpendirian bermitra dgn as dan dgn negara manapun tidak boleh menjadikan negara penurut yg mengorbankan hal yg prinsipil', 'saya heran membaca pernyataan re venezuela yg sangat standar dan sama sekali tidak menyebut amerika serikat sejak kapan kita sungkantakut mengkritik kawan yg lakukan pelanggaran hukum internasional kenapa menlu sugiono sampai sekarang tidak bersuara padahal dunia menunggu pandangan sbg pemain global south yg penting ini momen perlu percaya diri menunjukkan sikap sama ketika kita dulu menentang invasi as thdp iraq bebas aktif itu artinya berani berpendirian bermitra dgn as dan dgn negara manapun tidak boleh menjadikan negara penurut yg mengorbankan hal yg prinsipil', 'saya heran membaca pernyataan re venezuela yg sangat standar dan sama sekali tidak menyebut amerika serikat sejak kapan kita sungkantakut mengkritik kawan yg lakukan pelanggaran hukum internasional kenapa menlu sugiono sampai sekarang tidak bersuara padahal dunia menunggu pandangan sbg pemain global south yg penting ini momen perlu percaya diri menunjukkan sikap sama ketika kita dulu menentang invasi as thdp iraq bebas aktif itu artinya berani berpendirian bermitra dgn as dan dgn negara manapun tidak boleh menjadikan negara penurut yg mengorbankan hal yg prinsipil']"
59,37,59_dgn_as_yg_tidak,"['dgn', 'as', 'yg', 'tidak', 'berpendirian', 'bermitra', 'sungkantakut', 'iraq', 'penurut', 'south']","['saya heran membaca pernyataan re venezuela yg sangat standar dan sama sekali tidak menyebut amerika serikat sejak kapan kita sungkantakut mengkritik kawan yg lakukan pelanggaran hukum internasional kenapa menlu sugiono sampai sekarang tidak bersuara padahal dunia menunggu pandangan sbg pemain global south yg penting ini momen perlu percaya diri menunjukkan sikap sama ketika kita dulu menentang invasi as thdp iraq bebas aktif itu artinya berani berpendirian bermitra dgn as dan dgn negara manapun tidak boleh menjadikan negara penurut yg mengorbankan hal yg prinsipil', 'saya heran membaca pernyataan re venezuela yg sangat standar dan sama sekali tidak menyebut amerika serikat sejak kapan kita sungkantakut mengkritik kawan yg lakukan pelanggaran hukum internasional kenapa menlu sugiono sampai sekarang tidak bersuara padahal dunia menunggu pandangan sbg pemain global south yg penting ini momen perlu percaya diri menunjukkan sikap sama ketika kita dulu menentang invasi as thdp iraq bebas aktif itu artinya berani berpendirian bermitra dgn as dan dgn negara manapun tidak boleh menjadikan negara penurut yg mengorbankan hal yg prinsipil', 'saya heran membaca pernyataan re venezuela yg sangat standar dan sama sekali tidak menyebut amerika serikat sejak kapan kita sungkantakut mengkritik kawan yg lakukan pelanggaran hukum internasional kenapa menlu sugiono sampai sekarang tidak bersuara padahal dunia menunggu pandangan sbg pemain global south yg penting ini momen perlu percaya diri menunjukkan sikap sama ketika kita dulu menentang invasi as thdp iraq bebas aktif itu artinya berani berpendirian bermitra dgn as dan dgn negara manapun tidak boleh menjadikan negara penurut yg mengorbankan hal yg prinsipil']"
60,36,60_beradab_nicolas_mengecam_keluarkan,"['beradab', 'nicolas', 'mengecam', 'keluarkan', 'sebagian', 'maduro', 'bangsa', 'besar', 'menculik', 'pemimpin']","['sebagian besar pemimpin bangsa beradab sudah keluarkan pernyataan mengecam presiden as trump karena menculik presiden venezuela nicolas maduro presiden indonesia', 'sebagian besar pemimpin bangsa beradab sudah keluarkan pernyataan mengecam presiden as trump karena menculik presiden venezuela nicolas maduro presiden indonesia', 'sebagian besar pemimpin bangsa beradab sudah keluarkan pernyataan mengecam presiden as trump karena menculik presiden venezuela nicolas maduro presiden indonesia']"
61,36,61_pangan_harga_pokok_swasembada,"['pangan', 'harga', 'pokok', 'swasembada', 'dijaga', 'stabil', 'ketahanan', 'meminta', 'kemandirianbangsa', 'impian']","['presiden prabowo meminta agar ketahanan pangan dan harga kebutuhan pokok dijaga stabil sembari memantau perkembangan perekonomian nasional huniankorbanbencana memulihkan warga terdampak', 'presiden prabowo meminta agar ketahanan pangan dan harga kebutuhan pokok dijaga stabil sembari memantau perkembangan perekonomian nasional huniankorbanbencana memulihkan warga terdampak', 'presiden prabowo meminta agar ketahanan pangan dan harga kebutuhan pokok dijaga stabil sembari memantau perkembangan perekonomian nasional huniankorbanbencana memulihkan warga terdampak']"
62,36,62_mengegolkannya_menyusun_selangkah_ruupemilu,"['mengegolkannya', 'menyusun', 'selangkah', 'ruupemilu', 'politikus', 'skenario', 'tempo', 'pemilihan', 'sistem', 'ambisi']","['ambisi presiden prabowo subianto mengganti sistem pemilihan kepala daerah tinggal selangkah lagi para politikus menyusun skenario untuk mengegolkannya tempo ruupemilu pilkada', 'ambisi presiden prabowo subianto mengganti sistem pemilihan kepala daerah tinggal selangkah lagi para politikus menyusun skenario untuk mengegolkannya tempo ruupemilu pilkada', 'ambisi presiden prabowo subianto mengganti sistem pemilihan kepala daerah tinggal selangkah lagi para politikus menyusun skenario untuk mengegolkannya tempo ruupemilu pilkada']"
63,36,63_dino_inkompetensi_layaknya_betapa,"['dino', 'inkompetensi', 'layaknya', 'betapa', 'kompeten', 'ham', 'sedang', 'menjawab', 'anda', 'malah']","['pak dino sedang mengkritik inkompetensi menlu terus anda malah menjawab dengan menunjukkan betapa tidak kompeten dan layaknya seorang menteri ham', 'pak dino sedang mengkritik inkompetensi menlu terus anda malah menjawab dengan menunjukkan betapa tidak kompeten dan layaknya seorang menteri ham', 'pak dino sedang mengkritik inkompetensi menlu terus anda malah menjawab dengan menunjukkan betapa tidak kompeten dan layaknya seorang menteri ham']"
64,36,64_baik_baru_lebih_tahun,"['baik', 'baru', 'lebih', 'tahun', 'melangkah', 'menyala', 'maju', 'semakin', 'semangat', 'semoga']","['selamat tahun baru semoga di tahun yang baru ini kita dapat melangkah lebih baik dengan semangat yang terus menyala demi indonesia yang semakin maju dan lebih baik', 'selamat tahun baru semoga di tahun yang baru ini kita dapat melangkah lebih baik dengan semangat yang terus menyala demi indonesia yang semakin maju dan lebih baik', 'selamat tahun baru semoga di tahun yang baru ini kita dapat melangkah lebih baik dengan semangat yang terus menyala demi indonesia yang semakin maju dan lebih baik']"
65,36,65_layaknya_inkompetensi_dino_betapa,"['layaknya', 'inkompetensi', 'dino', 'betapa', 'kompeten', 'ham', 'sedang', 'menjawab', 'anda', 'malah']","['pak dino sedang mengkritik inkompetensi menlu terus anda malah menjawab dengan menunjukkan betapa tidak kompeten dan layaknya seorang menteri ham', 'pak dino sedang mengkritik inkompetensi menlu terus anda malah menjawab dengan menunjukkan betapa tidak kompeten dan layaknya seorang menteri ham', 'pak dino sedang mengkritik inkompetensi menlu terus anda malah menjawab dengan menunjukkan betapa tidak kompeten dan layaknya seorang menteri ham']"
66,36,66_tau_kalo_diculik_info,"['tau', 'kalo', 'diculik', 'info', 'cari', 'menculik', 'mana', 'sih', 'soal', 'aku']","['kalo mau tau soal presiden diculik cari info di mana ya kalo presiden menculik sih aku udah tau', 'kalo mau tau soal presiden diculik cari info di mana ya kalo presiden menculik sih aku udah tau', 'kalo mau tau soal presiden diculik cari info di mana ya kalo presiden menculik sih aku udah tau']"
67,36,67_pemerintah_bangkit_pulihkan_pasca,"['pemerintah', 'bangkit', 'pulihkan', 'pasca', 'jajaran', 'berdiskusi', 'infrastruktur', 'darurat', 'akses', 'bencana']","['presiden prabowo berdiskusi langsung dengan jajaran pemerintah mempercepat pembangunan akses darurat prabowo pulihkan infrastruktur demi masyarakat yang siap bangkit pasca bencana', 'presiden prabowo berdiskusi bersama jajaran pemerintah membahas percepatan akses darurat agar aktivitas warga kembali normal prabowo pulihkan infrastruktur demi masyarakat bangkit pasca bencana', 'presiden prabowo berdiskusi dengan jajaran pemerintah untuk percepatan akses darurat demi rakyat prabowo pulihkan infrastruktur agar wilayah terdampak bisa bangkit pasca bencana']"
68,35,68_tanziha_ikeu_dirapel_dikorupsi,"['tanziha', 'ikeu', 'dirapel', 'dikorupsi', 'kualat', 'dimainin', 'pakar', 'bgn', 'ingat', 'isinya']","['mbg dirapel buat satu minggu tapi isinya seperti ini jadi ingat kata dewan pakar bgn ikeu tanziha harus bersyukur gw mau tanya nih kira yang begini dikorupsi atau gak pak rakyat kecil jgn dimainin trus nanti kualat cc', 'mbg dirapel buat satu minggu tapi isinya seperti ini jadi ingat kata dewan pakar bgn ikeu tanziha harus bersyukur gw mau tanya nih kira yang begini dikorupsi atau gak pak rakyat kecil jgn dimainin trus nanti kualat cc', 'mbg dirapel buat satu minggu tapi isinya seperti ini jadi ingat kata dewan pakar bgn ikeu tanziha harus bersyukur gw mau tanya nih kira yang begini dikorupsi atau gak pak rakyat kecil jgn dimainin trus nanti kualat cc']"
69,35,69_program_gratis_lewat_rumah,"['program', 'gratis', 'lewat', 'rumah', 'gizi', 'mbg', 'prabowo', 'makin', 'masa', 'inovasi']","['presiden prabowo kunjungi korban bencana tiga kali ini bukti kepedulian negara untuk prabowo bangun kembali semua rumah rusak lewat program rekonstruksi pascabencana yang sulit ini semangat gotong royong kita', 'program juta rumah dari presiden prabowo bikin semua orang punya harapan baru', 'semua rumah warga yang rusak akan diganti negara janji beliau ini adalah tekad pemerintah untuk prabowo bangun kembali masa depan lebih baik lewat program rekonstruksi pascabencana yang menyeluruh']"
70,35,70_pembalakan_liar_pengawasan_ketat,"['pembalakan', 'liar', 'pengawasan', 'ketat', 'logging', 'semuatanganibencana', 'tamiang', 'illegal', 'hutan', 'tertibkan']","['presiden prabowo mendesak pengawasan ketat atas pembalakan liar saat meninjau banjir di aceh tamiang semuatanganibencana', 'tinjau banjir aceh tamiang presiden prabowo desak pengawasan ketat pembalakan liar semuatanganibencana', 'tegas presiden prabowo tinjau banjir aceh tamiang desak pengawasan ketat pembalakan liar semuatanganibencana']"
71,35,71_tugas_tugasnya_emang_harusnya,"['tugas', 'tugasnya', 'emang', 'harusnya', 'lah', 'ya', 'dia', 'tua', 'emg', 'udh']","['tugas presiden tu emang apa ya', 'lah kan emg tugasnya tolol ga mau cape mah ngapain jd presiden', 'kan emg tugasnya kalo ga sanggup dan udah tua ngapain jadi presiden']"
72,35,72_dgn_as_yg_tidak,"['dgn', 'as', 'yg', 'tidak', 'berpendirian', 'bermitra', 'sungkantakut', 'iraq', 'penurut', 'south']","['saya heran membaca pernyataan re venezuela yg sangat standar dan sama sekali tidak menyebut amerika serikat sejak kapan kita sungkantakut mengkritik kawan yg lakukan pelanggaran hukum internasional kenapa menlu sugiono sampai sekarang tidak bersuara padahal dunia menunggu pandangan sbg pemain global south yg penting ini momen perlu percaya diri menunjukkan sikap sama ketika kita dulu menentang invasi as thdp iraq bebas aktif itu artinya berani berpendirian bermitra dgn as dan dgn negara manapun tidak boleh menjadikan negara penurut yg mengorbankan hal yg prinsipil', 'saya heran membaca pernyataan re venezuela yg sangat standar dan sama sekali tidak menyebut amerika serikat sejak kapan kita sungkantakut mengkritik kawan yg lakukan pelanggaran hukum internasional kenapa menlu sugiono sampai sekarang tidak bersuara padahal dunia menunggu pandangan sbg pemain global south yg penting ini momen perlu percaya diri menunjukkan sikap sama ketika kita dulu menentang invasi as thdp iraq bebas aktif itu artinya berani berpendirian bermitra dgn as dan dgn negara manapun tidak boleh menjadikan negara penurut yg mengorbankan hal yg prinsipil', 'saya heran membaca pernyataan re venezuela yg sangat standar dan sama sekali tidak menyebut amerika serikat sejak kapan kita sungkantakut mengkritik kawan yg lakukan pelanggaran hukum internasional kenapa menlu sugiono sampai sekarang tidak bersuara padahal dunia menunggu pandangan sbg pemain global south yg penting ini momen perlu percaya diri menunjukkan sikap sama ketika kita dulu menentang invasi as thdp iraq bebas aktif itu artinya berani berpendirian bermitra dgn as dan dgn negara manapun tidak boleh menjadikan negara penurut yg mengorbankan hal yg prinsipil']"
73,34,73_dubes_ri_miring_komentarnya,"['dubes', 'ri', 'miring', 'komentarnya', 'usulkan', 'membela', 'bersangkutan', 'melayani', 'melindungi', 'pdhal']","['sbg anggota komisi sy usulkan kpd agar segera menarik n mengganti dubes ri di saudi yg bersangkutan sdh berada di sana hampir tahun komentarnya selalu miring soal habib rizieq shihab pdhal dubes ri seharusnya melayani melindungi n membela warga ri', 'sbg anggota komisi sy usulkan kpd agar segera menarik n mengganti dubes ri di saudi yg bersangkutan sdh berada di sana hampir tahun komentarnya selalu miring soal habib rizieq shihab pdhal dubes ri seharusnya melayani melindungi n membela warga ri', 'sbg anggota komisi sy usulkan kpd agar segera menarik n mengganti dubes ri di saudi yg bersangkutan sdh berada di sana hampir tahun komentarnya selalu miring soal habib rizieq shihab pdhal dubes ri seharusnya melayani melindungi n membela warga ri']"
74,33,74_polri_politik_berkolaborasi_sipil,"['polri', 'politik', 'berkolaborasi', 'sipil', 'instruksi', 'biang', 'tupoksi', 'berjasa', 'pln', 'melaksanakan']","['melaksanakan instruksi presiden tni polri dan pln berkolaborasi pulihkan listrik pasca bencana saatnya bahu membahu ber', 'melaksanakan instruksi presiden tni polri dan pln berkolaborasi pulihkan listrik pasca bencana saatnya bahu membahu ber', 'melaksanakan instruksi presiden tni polri dan pln berkolaborasi pulihkan listrik pasca bencana saatnya bahu membahu ber']"
75,33,75_wn_brutal_terancam_area,"['wn', 'brutal', 'terancam', 'area', 'bersenjata', 'tambang', 'aksi', 'emas', 'serang', 'kedaulatan']","['kedaulatan negara sudah terancam secara nyata aksi brutal wn china bersenjata serang tni di area tambang emas', 'kedaulatan negara sudah terancam secara nyata aksi brutal wn china bersenjata serang tni di area tambang emas', 'kedaulatan negara sudah terancam secara nyata aksi brutal wn china bersenjata serang tni di area tambang emas']"
76,33,76_dg_jokowi_paris_amsterdam,"['dg', 'jokowi', 'paris', 'amsterdam', 'bersihkan', 'bertanya', 'diaspora', 'jawaban', 'orangorang', 'sigit']","['dari diskusi dg diaspora di amsterdam dan paris semua bertanya ada apa dg presiden sehingga tdk berani bersihkan orangorang jokowi terutama kapolri jawaban saya hanya allah prabowo jokowi dan sigit yang tahu', 'dari diskusi dg diaspora di amsterdam dan paris semua bertanya ada apa dg presiden sehingga tdk berani bersihkan orangorang jokowi terutama kapolri jawaban saya hanya allah prabowo jokowi dan sigit yang tahu', 'dari diskusi dg diaspora di amsterdam dan paris semua bertanya ada apa dg presiden sehingga tdk berani bersihkan orangorang jokowi terutama kapolri jawaban saya hanya allah prabowo jokowi dan sigit yang tahu']"
77,33,77_anggapan_bersumber_waspada_terlebih,"['anggapan', 'bersumber', 'waspada', 'terlebih', 'menilai', 'mengingatkan', 'narasi', 'suka', 'pihak', 'kekuatan']","['presiden prabowo mengingatkan kepada semua pihak untuk waspada terhadap kekuatan luar yang tidak suka indonesia kuat terlebih kata prabowo ada narasi yang sudah menyebut kalau pemerintah tidak hadir dalam bencana sumatra presiden prabowo menilai anggapan tersebut bersumber', 'presiden prabowo mengingatkan kepada semua pihak untuk waspada terhadap kekuatan luar yang tidak suka indonesia kuat terlebih kata prabowo ada narasi yang sudah menyebut kalau pemerintah tidak hadir dalam bencana sumatra presiden prabowo menilai anggapan tersebut bersumber', 'presiden prabowo mengingatkan kepada semua pihak untuk waspada terhadap kekuatan luar yang tidak suka indonesia kuat terlebih kata prabowo ada narasi yang sudah menyebut kalau pemerintah tidak hadir dalam bencana sumatra presiden prabowo menilai anggapan tersebut bersumber']"
78,33,78_layaknya_inkompetensi_dino_betapa,"['layaknya', 'inkompetensi', 'dino', 'betapa', 'kompeten', 'ham', 'sedang', 'menjawab', 'anda', 'malah']","['pak dino sedang mengkritik inkompetensi menlu terus anda malah menjawab dengan menunjukkan betapa tidak kompeten dan layaknya seorang menteri ham', 'pak dino sedang mengkritik inkompetensi menlu terus anda malah menjawab dengan menunjukkan betapa tidak kompeten dan layaknya seorang menteri ham', 'pak dino sedang mengkritik inkompetensi menlu terus anda malah menjawab dengan menunjukkan betapa tidak kompeten dan layaknya seorang menteri ham']"
79,32,79_akad_kritikkritik_seakanakan_subsidi,"['akad', 'kritikkritik', 'seakanakan', 'subsidi', 'bravo', 'massal', 'seakan', 'hadir', 'ribu', 'terlihat']","['kegiatan akad massal ribu rumah subsidi hari sabtu lalu di serang banten di sini terlihat kalau menlu ri hadir seakan menjawab kritikkritik di luar sana bahwa seakanakan menlu ri tidak hadir dan bekerja bravo', 'kegiatan akad massal ribu rumah subsidi hari sabtu lalu di serang banten di sini terlihat kalau menlu ri hadir seakan menjawab kritikkritik di luar sana bahwa seakanakan menlu ri tidak hadir dan bekerja bravo', 'kegiatan akad massal ribu rumah subsidi hari sabtu lalu di serang banten di sini terlihat kalau menlu ri hadir seakan menjawab kritikkritik di luar sana bahwa seakanakan menlu ri tidak hadir dan bekerja bravo']"
80,32,80_reformasi_polri_tim_kapolri,"['reformasi', 'polri', 'tim', 'kapolri', 'kepolisian', 'dicopot', 'komisi', 'pak', 'reforma', 'berjudul']","['banyak pertanyaan tentang kinerja reformasi kepolisian adakah kemajuan yang sudah dicapai dan apakah tim reformasi kepolisian itu diperlukan sesuai perintah presidensaya sudah mengingatkan tim reformasi kepolisian harus merevisi terlebih dahulu uu tentang kepolisan ri hening', 'trus apa langkah yg d lakukan oleh tim reformasi ini udh terangan sekali polri melawan aturan negara ini bubarkan aj tim reformasi klo kalian g bisa kasih masukan k presiden gimana pak', 'presiden aja takut sama kapolri buat tim reformasi polri kapolri nya masuk jd anggota reformasi polri aja udah aneh gimana kalau yg jd masalah kapolri nya']"
81,32,81_iran_araghchi_lebanon_kami,"['iran', 'araghchi', 'lebanon', 'kami', 'abbas', 'perundingan', 'nuklir', 'isr', 'menlu', 'parlemen']","['menlu iran lontarkan tuduhan keras sebut as tidak jujur dalam isu global terutama soal sanksi dan perjanjian nuklir baca detail kecaman diplomatik iran narayapost iran as diplomasi geopolitik timurtengah', 'menlu iran araghchi tetanggatetangga kami adalah prioritas kami ini adalah prinsip terpenting dalam kebijakan luar negeri republik islam iran hubungan republik islam iran dengan federasi rusia adalah sebuah kemitraan strategis', 'pejabat saudi kunjungi iran untuk bahas gaza amp suriah wakil menlu saudi saud bin mohammed alsati akan melakukan perjalanan ke iran untuk membahas hubungan bilateral dan isu regional menurut kemenlu iran via wana ia juga dijadwalkan bertemu menlu iran abbas araghchi']"
82,31,82_ilegalmelihat_flora_relevan_masifnya,"['ilegalmelihat', 'flora', 'relevan', 'masifnya', 'memilah', 'kehancuran', 'kematian', 'gelondongan', 'legal', 'kerusakan']","['pak presiden saat ini setelah bencana banjir longsor lumpur kayu gelondongan sudah tidak relevan lagi memilah yg legal dan ilegalmelihat masifnya kerusakan kehancuran lingkungan infrastruktur kematian kehidupan rakyat yg kehilangan ayah ibu anak saudara flora', 'pak presiden saat ini setelah bencana banjir longsor lumpur kayu gelondongan sudah tidak relevan lagi memilah yg legal dan ilegalmelihat masifnya kerusakan kehancuran lingkungan infrastruktur kematian kehidupan rakyat yg kehilangan ayah ibu anak saudara flora', 'pak presiden saat ini setelah bencana banjir longsor lumpur kayu gelondongan sudah tidak relevan lagi memilah yg legal dan ilegalmelihat masifnya kerusakan kehancuran lingkungan infrastruktur kematian kehidupan rakyat yg kehilangan ayah ibu anak saudara flora']"
83,31,83_baik_baru_lebih_tahun,"['baik', 'baru', 'lebih', 'tahun', 'melangkah', 'menyala', 'maju', 'semakin', 'semangat', 'semoga']","['selamat tahun baru semoga di tahun yang baru ini kita dapat melangkah lebih baik dengan semangat yang terus menyala demi indonesia yang semakin maju dan lebih baik', 'selamat tahun baru semoga di tahun yang baru ini kita dapat melangkah lebih baik dengan semangat yang terus menyala demi indonesia yang semakin maju dan lebih baik', 'selamat tahun baru semoga di tahun yang baru ini kita dapat melangkah lebih baik dengan semangat yang terus menyala demi indonesia yang semakin maju dan lebih baik']"
84,31,84_dg_jokowi_amsterdam_paris,"['dg', 'jokowi', 'amsterdam', 'paris', 'bersihkan', 'bertanya', 'diaspora', 'jawaban', 'sigit', 'orangorang']","['dari diskusi dg diaspora di amsterdam dan paris semua bertanya ada apa dg presiden sehingga tdk berani bersihkan orangorang jokowi terutama kapolri jawaban saya hanya allah prabowo jokowi dan sigit yang tahu', 'dari diskusi dg diaspora di amsterdam dan paris semua bertanya ada apa dg presiden sehingga tdk berani bersihkan orangorang jokowi terutama kapolri jawaban saya hanya allah prabowo jokowi dan sigit yang tahu', 'dari diskusi dg diaspora di amsterdam dan paris semua bertanya ada apa dg presiden sehingga tdk berani bersihkan orangorang jokowi terutama kapolri jawaban saya hanya allah prabowo jokowi dan sigit yang tahu']"
85,31,85_dgn_as_yg_tidak,"['dgn', 'as', 'yg', 'tidak', 'berpendirian', 'bermitra', 'sungkantakut', 'iraq', 'penurut', 'south']","['saya heran membaca pernyataan re venezuela yg sangat standar dan sama sekali tidak menyebut amerika serikat sejak kapan kita sungkantakut mengkritik kawan yg lakukan pelanggaran hukum internasional kenapa menlu sugiono sampai sekarang tidak bersuara padahal dunia menunggu pandangan sbg pemain global south yg penting ini momen perlu percaya diri menunjukkan sikap sama ketika kita dulu menentang invasi as thdp iraq bebas aktif itu artinya berani berpendirian bermitra dgn as dan dgn negara manapun tidak boleh menjadikan negara penurut yg mengorbankan hal yg prinsipil', 'saya heran membaca pernyataan re venezuela yg sangat standar dan sama sekali tidak menyebut amerika serikat sejak kapan kita sungkantakut mengkritik kawan yg lakukan pelanggaran hukum internasional kenapa menlu sugiono sampai sekarang tidak bersuara padahal dunia menunggu pandangan sbg pemain global south yg penting ini momen perlu percaya diri menunjukkan sikap sama ketika kita dulu menentang invasi as thdp iraq bebas aktif itu artinya berani berpendirian bermitra dgn as dan dgn negara manapun tidak boleh menjadikan negara penurut yg mengorbankan hal yg prinsipil', 'saya heran membaca pernyataan re venezuela yg sangat standar dan sama sekali tidak menyebut amerika serikat sejak kapan kita sungkantakut mengkritik kawan yg lakukan pelanggaran hukum internasional kenapa menlu sugiono sampai sekarang tidak bersuara padahal dunia menunggu pandangan sbg pemain global south yg penting ini momen perlu percaya diri menunjukkan sikap sama ketika kita dulu menentang invasi as thdp iraq bebas aktif itu artinya berani berpendirian bermitra dgn as dan dgn negara manapun tidak boleh menjadikan negara penurut yg mengorbankan hal yg prinsipil']"
86,31,86_dg_jokowi_amsterdam_paris,"['dg', 'jokowi', 'amsterdam', 'paris', 'bersihkan', 'bertanya', 'diaspora', 'jawaban', 'sigit', 'orangorang']","['dari diskusi dg diaspora di amsterdam dan paris semua bertanya ada apa dg presiden sehingga tdk berani bersihkan orangorang jokowi terutama kapolri jawaban saya hanya allah prabowo jokowi dan sigit yang tahu', 'dari diskusi dg diaspora di amsterdam dan paris semua bertanya ada apa dg presiden sehingga tdk berani bersihkan orangorang jokowi terutama kapolri jawaban saya hanya allah prabowo jokowi dan sigit yang tahu', 'dari diskusi dg diaspora di amsterdam dan paris semua bertanya ada apa dg presiden sehingga tdk berani bersihkan orangorang jokowi terutama kapolri jawaban saya hanya allah prabowo jokowi dan sigit yang tahu']"
87,31,87_pak_mhn_halah_keren,"['pak', 'mhn', 'halah', 'keren', 'dinotice', 'peenah', 'maluin', 'fya', 'gmana', 'digituin']","['ga berani pak', 'keren pak anies semoga pak anies jadi presiden ke semangat pak', 'pak presiden ini semua temen bobby kertanegara pls save them pak saveplgsebanga savetessonilo savesumatra']"
88,30,88_musa_tongkat_nabi_punya,"['musa', 'tongkat', 'nabi', 'punya', 'sbgai', 'jatah', 'ndak', 'berbuat', 'tidak', 'apa']","['presiden janji bangun rumah korban banjir longsor aceh sebut tak punya tongkat nabi musa', 'apa mau dikata pak presiden tidak punya tongkat nabi musa', 'presiden tidak punya tongkat nabi musa']"
89,29,89_baik_baru_lebih_tahun,"['baik', 'baru', 'lebih', 'tahun', 'melangkah', 'menyala', 'maju', 'semakin', 'semoga', 'semangat']","['selamat tahun baru semoga di tahun yang baru ini kita dapat melangkah lebih baik dengan semangat yang terus menyala demi indonesia yang semakin maju dan lebih baik', 'selamat tahun baru semoga di tahun yang baru ini kita dapat melangkah lebih baik dengan semangat yang terus menyala demi indonesia yang semakin maju dan lebih baik', 'selamat tahun baru semoga di tahun yang baru ini kita dapat melangkah lebih baik dengan semangat yang terus menyala demi indonesia yang semakin maju dan lebih baik']"
90,28,90_juli_raja_buntut_pemanfaatan,"['juli', 'raja', 'buntut', 'pemanfaatan', 'antoni', 'mengambil', 'kehutanan', 'paripurna', 'sidang', 'usaha']","['pernyataan tersebut disampaikan menteri kehutanan raja juli antoni di depan presiden prabowo subianto dalam sidang kabinet paripurna di istana negara jakarta senin raja juli mengambil langkah tegas atas kegiatan usaha sejumlah perusahaan pemanfaatan hutan buntut', 'pernyataan tersebut disampaikan menteri kehutanan raja juli antoni di depan presiden prabowo subianto dalam sidang kabinet paripurna di istana negara jakarta senin raja juli mengambil langkah tegas atas kegiatan usaha sejumlah perusahaan pemanfaatan hutan buntut', 'pernyataan tersebut disampaikan menteri kehutanan raja juli antoni di depan presiden prabowo subianto dalam sidang kabinet paripurna di istana negara jakarta senin raja juli mengambil langkah tegas atas kegiatan usaha sejumlah perusahaan pemanfaatan hutan buntut']"
91,27,91_dubes_ri_miring_komentarnya,"['dubes', 'ri', 'miring', 'komentarnya', 'usulkan', 'membela', 'bersangkutan', 'melayani', 'melindungi', 'pdhal']","['sbg anggota komisi sy usulkan kpd agar segera menarik n mengganti dubes ri di saudi yg bersangkutan sdh berada di sana hampir tahun komentarnya selalu miring soal habib rizieq shihab pdhal dubes ri seharusnya melayani melindungi n membela warga ri', 'sbg anggota komisi sy usulkan kpd agar segera menarik n mengganti dubes ri di saudi yg bersangkutan sdh berada di sana hampir tahun komentarnya selalu miring soal habib rizieq shihab pdhal dubes ri seharusnya melayani melindungi n membela warga ri', 'sbg anggota komisi sy usulkan kpd agar segera menarik n mengganti dubes ri di saudi yg bersangkutan sdh berada di sana hampir tahun komentarnya selalu miring soal habib rizieq shihab pdhal dubes ri seharusnya melayani melindungi n membela warga ri']"
92,27,92_dijawab_harus_oleh_ini,"['dijawab', 'harus', 'oleh', 'ini', 'bangkai', 'aroma', 'bau', 'penuhi', 'daerah', 'itu']","['harus dijawab ini oleh', 'harus dijawab ini oleh', 'harus dijawab ini oleh']"
93,27,93_telah_air_dilaporkan_dihadapi,"['telah', 'air', 'dilaporkan', 'dihadapi', 'keterangannya', 'ketersediaan', 'menyoroti', 'kekurangan', 'ditangani', 'telco']","['presiden menyampaikan bahwa sejumlah kekurangan yang masih dihadapi warga telah dilaporkan dan akan segera ditangani dalam keterangannya presiden juga menyoroti kebutuhan mendesak terkait ketersediaan air bersih dan air minum bagi masyarakat terdampak', 'presiden menyampaikan bahwa sejumlah kekurangan yang masih dihadapi warga telah dilaporkan dan akan segera ditangani dalam keterangannya presiden juga menyoroti kebutuhan mendesak terkait ketersediaan air bersih dan air minum bagi masyarakat terdampak', 'presiden menyampaikan bahwa sejumlah kekurangan yang masih dihadapi warga telah dilaporkan dan akan segera ditangani dalam keterangannya presiden juga menyoroti kebutuhan mendesak terkait ketersediaan air bersih dan air minum bagi masyarakat terdampak']"
94,27,94_kerja_spm_nak_bang,"['kerja', 'spm', 'nak', 'bang', 'tipis', 'biarin', 'aku', 'balik', 'aja', 'bosq']","['bandit si bule kabupaten dikit bete mulu dahh kasian pak irsha kerja keras bagai kuda kerjaan nyaa', 'ni kerja budak lepasan uec ke spm lain macam je memartabatkan bm', 'suggest guys lepas spm nak kerja mana spm']"
95,26,95_beradab_nicolas_mengecam_keluarkan,"['beradab', 'nicolas', 'mengecam', 'keluarkan', 'sebagian', 'maduro', 'bangsa', 'besar', 'menculik', 'pemimpin']","['sebagian besar pemimpin bangsa beradab sudah keluarkan pernyataan mengecam presiden as trump karena menculik presiden venezuela nicolas maduro presiden indonesia', 'sebagian besar pemimpin bangsa beradab sudah keluarkan pernyataan mengecam presiden as trump karena menculik presiden venezuela nicolas maduro presiden indonesia', 'sebagian besar pemimpin bangsa beradab sudah keluarkan pernyataan mengecam presiden as trump karena menculik presiden venezuela nicolas maduro presiden indonesia']"
96,26,96_baik_baru_lebih_tahun,"['baik', 'baru', 'lebih', 'tahun', 'melangkah', 'menyala', 'maju', 'semakin', 'semangat', 'semoga']","['selamat tahun baru semoga di tahun yang baru ini kita dapat melangkah lebih baik dengan semangat yang terus menyala demi indonesia yang semakin maju dan lebih baik', 'selamat tahun baru semoga di tahun yang baru ini kita dapat melangkah lebih baik dengan semangat yang terus menyala demi indonesia yang semakin maju dan lebih baik', 'selamat tahun baru semoga di tahun yang baru ini kita dapat melangkah lebih baik dengan semangat yang terus menyala demi indonesia yang semakin maju dan lebih baik']"
97,26,97_kemlu_inidiplomasi_sumatera_kabinetmerahputih,"['kemlu', 'inidiplomasi', 'sumatera', 'kabinetmerahputih', 'anismatta', 'belum', 'negeri', 'kroasia', 'bantuan', 'asing']","['adapun hubungan antara muslim di indonesia dan thailand adalah satu dari sekian banyak jalinan tali hubungan erat kedua negara inidiplomasi thailand palestina anismatta kemlu kemenlu kabinetmerahputih', 'ini bukan pertemuan pertama kami juga bukan kali pertama mufti kroasia bertandang ke indonesia inidiplomasi kroasia muftikroasia osijek anismatta kemlu kemenlu kabinetmerahputih', 'saya dan menlu radman optimistis banyak hal bisa kita follow up bersama setelah kunjungan beliau ke indonesia inidiplomasi kroasia kemlu kemenlu kabinetmerahputih anismatta']"
98,25,98_wn_brutal_terancam_area,"['wn', 'brutal', 'terancam', 'area', 'bersenjata', 'tambang', 'aksi', 'emas', 'serang', 'kedaulatan']","['kedaulatan negara sudah terancam secara nyata aksi brutal wn china bersenjata serang tni di area tambang emas', 'kedaulatan negara sudah terancam secara nyata aksi brutal wn china bersenjata serang tni di area tambang emas', 'kedaulatan negara sudah terancam secara nyata aksi brutal wn china bersenjata serang tni di area tambang emas']"
99,25,99_data_terima_terdapat_kesalahan,"['data', 'terima', 'terdapat', 'kesalahan', 'bapak', 'baikbaik', 'pembantu', 'tag', 'informasi', 'syariah']","['pak presiden mohon maaf saya tag bapak informasi atau data yang bapak terima dari pembantu bapak terdapat kesalahan kondisi aceh saat ini tidak baikbaik saja terima kasih', 'pak presiden mohon maaf saya tag bapak informasi atau data yang bapak terima dari pembantu bapak terdapat kesalahan kondisi aceh saat ini tidak baikbaik saja terima kasih', 'pak presiden mohon maaf saya tag bapak informasi atau data yang bapak terima dari pembantu bapak terdapat kesalahan kondisi aceh saat ini tidak baikbaik saja terima kasih']"
100,25,100_anggapan_bersumber_waspada_terlebih,"['anggapan', 'bersumber', 'waspada', 'terlebih', 'menilai', 'mengingatkan', 'narasi', 'suka', 'pihak', 'kekuatan']","['presiden prabowo mengingatkan kepada semua pihak untuk waspada terhadap kekuatan luar yang tidak suka indonesia kuat terlebih kata prabowo ada narasi yang sudah menyebut kalau pemerintah tidak hadir dalam bencana sumatra presiden prabowo menilai anggapan tersebut bersumber', 'presiden prabowo mengingatkan kepada semua pihak untuk waspada terhadap kekuatan luar yang tidak suka indonesia kuat terlebih kata prabowo ada narasi yang sudah menyebut kalau pemerintah tidak hadir dalam bencana sumatra presiden prabowo menilai anggapan tersebut bersumber', 'presiden prabowo mengingatkan kepada semua pihak untuk waspada terhadap kekuatan luar yang tidak suka indonesia kuat terlebih kata prabowo ada narasi yang sudah menyebut kalau pemerintah tidak hadir dalam bencana sumatra presiden prabowo menilai anggapan tersebut bersumber']"
101,24,101_dg_jokowi_amsterdam_paris,"['dg', 'jokowi', 'amsterdam', 'paris', 'bersihkan', 'bertanya', 'diaspora', 'jawaban', 'sigit', 'orangorang']","['dari diskusi dg diaspora di amsterdam dan paris semua bertanya ada apa dg presiden sehingga tdk berani bersihkan orangorang jokowi terutama kapolri jawaban saya hanya allah prabowo jokowi dan sigit yang tahu', 'dari diskusi dg diaspora di amsterdam dan paris semua bertanya ada apa dg presiden sehingga tdk berani bersihkan orangorang jokowi terutama kapolri jawaban saya hanya allah prabowo jokowi dan sigit yang tahu', 'dari diskusi dg diaspora di amsterdam dan paris semua bertanya ada apa dg presiden sehingga tdk berani bersihkan orangorang jokowi terutama kapolri jawaban saya hanya allah prabowo jokowi dan sigit yang tahu']"
102,24,102_rebut_ayo_bersatu_kedaulatan,"['rebut', 'ayo', 'bersatu', 'kedaulatan', 'rakyat', 'kembali', 'jejakdigital', 'arsip', 'nasional', '']","['ayo bersatu rebut kembali kedaulatan rakyat', 'ayo bersatu rebut kembali kedaulatan rakyat', 'ayo bersatu rebut kembali kedaulatan rakyat']"
103,23,103_cair_semuatanganibencana_provinsi_rp,"['cair', 'semuatanganibencana', 'provinsi', 'rp', 'bantuan', 'kelestarian', 'sudah', 'miliar', 'kota', 'menjaga']","['bantuan presiden sudah cair provinsi dapat rp m kabupaten kota rp miliar semuatanganibencana', 'bantuan presiden sudah cair provinsi dapat m kabupaten kota dapat m semuatanganibencana', 'bantuan presiden sudah cair provinsi dapat m kabupaten dapat m semuatanganibencana']"
104,23,104_dubes_ri_miring_komentarnya,"['dubes', 'ri', 'miring', 'komentarnya', 'usulkan', 'membela', 'bersangkutan', 'melayani', 'melindungi', 'pdhal']","['sbg anggota komisi sy usulkan kpd agar segera menarik n mengganti dubes ri di saudi yg bersangkutan sdh berada di sana hampir tahun komentarnya selalu miring soal habib rizieq shihab pdhal dubes ri seharusnya melayani melindungi n membela warga ri', 'sbg anggota komisi sy usulkan kpd agar segera menarik n mengganti dubes ri di saudi yg bersangkutan sdh berada di sana hampir tahun komentarnya selalu miring soal habib rizieq shihab pdhal dubes ri seharusnya melayani melindungi n membela warga ri', 'sbg anggota komisi sy usulkan kpd agar segera menarik n mengganti dubes ri di saudi yg bersangkutan sdh berada di sana hampir tahun komentarnya selalu miring soal habib rizieq shihab pdhal dubes ri seharusnya melayani melindungi n membela warga ri']"
105,22,105_rusia_putin_vladimir_bertemu,"['rusia', 'putin', 'vladimir', 'bertemu', 'ukraina', 'moskow', 'seskab', 'perang', 'sisi', 'btw']","['presiden prabowo hari ini bertemu dengan presiden putin di rusia btw kok hanya menlu dan seskab aja ya yang mendampingi dari sisi rusia rame banget padahal', 'presiden prabowo hari ini bertemu dengan presiden putin di rusia btw kok hanya menlu dan seskab aja ya yang mendampingi dari sisi rusia rame banget padahal', 'presiden prabowo hari ini bertemu dengan presiden putin di rusia btw kok hanya menlu dan seskab aja ya yang mendampingi dari sisi rusia rame banget padahal']"
106,22,106_breaking_advokasi_menempuh_ap,"['breaking', 'advokasi', 'menempuh', 'ap', 'news', 'pimpinan', 'lbh', 'menetapkan', 'jalur', 'menyatakan']","['breaking news lembaga bantuan hukum advokasi publik lbh ap pimpinan pusat menyatakan siap menempuh jalur hukum jika presiden ri prabowo subianto tidak segera menetapkan status bencana nasional atas peristiwa banjir bandang dan tanah longsor di wilayah', 'breaking news lembaga bantuan hukum advokasi publik lbh ap pimpinan pusat menyatakan siap menempuh jalur hukum jika presiden ri prabowo subianto tidak segera menetapkan status bencana nasional atas peristiwa banjir bandang dan tanah longsor di wilayah', 'breaking news lembaga bantuan hukum advokasi publik lbh ap pimpinan pusat menyatakan siap menempuh jalur hukum jika presiden ri prabowo subianto tidak segera menetapkan status bencana nasional atas peristiwa banjir bandang dan tanah longsor di wilayah']"
107,21,107_ilegalmelihat_flora_relevan_masifnya,"['ilegalmelihat', 'flora', 'relevan', 'masifnya', 'memilah', 'kehancuran', 'kematian', 'gelondongan', 'legal', 'kerusakan']","['pak presiden saat ini setelah bencana banjir longsor lumpur kayu gelondongan sudah tidak relevan lagi memilah yg legal dan ilegalmelihat masifnya kerusakan kehancuran lingkungan infrastruktur kematian kehidupan rakyat yg kehilangan ayah ibu anak saudara flora', 'pak presiden saat ini setelah bencana banjir longsor lumpur kayu gelondongan sudah tidak relevan lagi memilah yg legal dan ilegalmelihat masifnya kerusakan kehancuran lingkungan infrastruktur kematian kehidupan rakyat yg kehilangan ayah ibu anak saudara flora', 'pak presiden saat ini setelah bencana banjir longsor lumpur kayu gelondongan sudah tidak relevan lagi memilah yg legal dan ilegalmelihat masifnya kerusakan kehancuran lingkungan infrastruktur kematian kehidupan rakyat yg kehilangan ayah ibu anak saudara flora']"
108,21,108_dia_keinginan_cuma_bahkan,"['dia', 'keinginan', 'cuma', 'bahkan', 'gubernur', 'omonomon', 'fungsi', 'punya', 'ada', 'pernah']","['mas kan ingin jadi presiden pada tahun untuk dicalonkan oleh pdip berani tidak menyelesaikan pik amppembangunan gedung padel dijln kapten tendean tanpa ijin pemda amp pemilik tanah girik cc kangmas presiden asli', 'asli penjilat itu nyata gabisa dipungkiri hadirnya presiden ke suatu daerah akan berdampak sedikit baik pada kondisi daerah tersebut ruas jalan tumiyang papringan banyumas sudah biasa rusak dan jalan berlubang ketika ada berita presiden akan ke dawuhan tiba alus', 'presiden jawa sipil wakil non jawa militer menteri kunci mendagri harun zain ekonom gubernur periode eks kopral trip front jatim menlu mochtar kusumatmaja ahli hukum laut menhan m panggabean jenderal batak menkeu ali wardhana ka bappenas samaun samadikun']"
109,21,109_kenyataan_kenyataannya_tanzania_sosmed,"['kenyataan', 'kenyataannya', 'tanzania', 'sosmed', 'uganda', 'kenyal', 'masih', 'klo', 'bisa', 'kenyang']","['sebagai pendukung beliau dlu gw berharap blio bisa menjadi presiden namun negara ini sdh dikuasai oleh wowo dan anteknya jdi kesempatan org baik ini terjegal seandainya ada revolusi dari rakyat harapan gw bisa jd kenyataan', 'bu zmn beliau presiden tiap pagi kami sekeluarga sarapan nasi goreng nasinya sisa kemarin rasanya kenyal gimana gitu sayang klo dibuang kata ibu saya maklum ga ada kulkas atau mac jigger tapi ibu saya luar biasa nasi kenyal dg aroma khas itu sgt nikmat dg kerupuk tq pak harto', 'gibi nih punya presiden gak bisa main hape kudet sama teknologi sosmed aja harus ajudan yang pegang berita sosmed kudu sama si teddy yang kasih tau wawlahi gw tiap kali buka instagram kenyataannya gak kayak fotofoto media presiden capek gw ngelaknat pemerintah melulu']"
110,21,110_pusat_pulihkan_pasca_bangkit,"['pusat', 'pulihkan', 'pasca', 'bangkit', 'pemerintah', 'infrastruktur', 'dukungan', 'darurat', 'penuh', 'bencana']","['pemerintah pusat di bawah arahan presiden prabowo siap memberi dukungan penuh pembangunan jalur darurat prabowo pulihkan infrastruktur agar bangsa bangkit pasca bencana', 'pemerintah pusat memberi dukungan penuh sesuai arahan presiden prabowo prabowo pulihkan infrastruktur agar daerah terdampak bangkit pasca bencana', 'pemerintah pusat di bawah arahan presiden prabowo prabowo pulihkan infrastruktur demi bangkit pasca bencana']"
111,21,111_lu_dikritik_bayangin_seperti,"['lu', 'dikritik', 'bayangin', 'seperti', 'akan', 'apa', 'seorang', 'lakukan', 'terus', 'menlu']","['bayangin lu seorang menlu terus dikritik seperti ini apa yang akan lu lakukan', 'bayangin lu seorang menlu terus dikritik seperti ini apa yang akan lu lakukan', 'bayangin lu seorang menlu terus dikritik seperti ini apa yang akan lu lakukan']"
112,20,112_pasca_pulihkan_bangkit_infrastruktur,"['pasca', 'pulihkan', 'bangkit', 'infrastruktur', 'akses', 'bencana', 'kunci', 'bergerak', 'demi', 'masyarakat']","['ketika akses terbuka harapan ikut menyala prabowo pulihkan infrastruktur agar ekonomi warga kembali bergerak dan bangkit pasca bencana', 'prabowo pulihkan infrastruktur di banyak titik terdampak bencana karena akses jalan adalah kunci masyarakat bangkit pasca bencana', 'prabowo pulihkan infrastruktur lewat percepatan akses darurat agar masyarakat bangkit pasca bencana']"
113,20,113_irak_militer_eksternal_mrpresiden,"['irak', 'militer', 'eksternal', 'mrpresiden', 'kelen', 'situasi', 'wartawan', 'indon', 'ruang', 'jkw']","['slm sy bkerja di eo kepresidenan jkw sllu mnghindar sesi bilateral menolak interview dg wartawan asing sekalinya intrview wartawan hrs dbriefing pertanyaan shg pihak protokoler dan kemenlu dpt menyiapkan jawaban utk jkw jd jgn bilang dia hebat kl smua settingan', 'komposisi kader pdip andai capres nya menang menkoeko eksternal menkopolhukam edy rahmayadiorang eksternalafiliasi menko pmk eksternal mendagri ganjar menlu salah satu wamenlupaman nya pemain timnas eksternal menkumham henry yoso', 'pejabat indon sengaja ngebiarin amp gk menetapkan bencana nasional biar gk ngeluarin duit lbh amp berharap bantuan internasional tnp hrus ngasih tau scr resmi emg bgsd kelen pejabat indon ketika butuh suara ampe pelosok negeri kelen datangi giliran mrk butuh bantuan kalian diamkan']"
114,20,114_ilegalmelihat_flora_relevan_masifnya,"['ilegalmelihat', 'flora', 'relevan', 'masifnya', 'memilah', 'kehancuran', 'kematian', 'gelondongan', 'legal', 'kerusakan']","['pak presiden saat ini setelah bencana banjir longsor lumpur kayu gelondongan sudah tidak relevan lagi memilah yg legal dan ilegalmelihat masifnya kerusakan kehancuran lingkungan infrastruktur kematian kehidupan rakyat yg kehilangan ayah ibu anak saudara flora', 'pak presiden saat ini setelah bencana banjir longsor lumpur kayu gelondongan sudah tidak relevan lagi memilah yg legal dan ilegalmelihat masifnya kerusakan kehancuran lingkungan infrastruktur kematian kehidupan rakyat yg kehilangan ayah ibu anak saudara flora', 'pak presiden saat ini setelah bencana banjir longsor lumpur kayu gelondongan sudah tidak relevan lagi memilah yg legal dan ilegalmelihat masifnya kerusakan kehancuran lingkungan infrastruktur kematian kehidupan rakyat yg kehilangan ayah ibu anak saudara flora']"
115,19,115_bwat_babu_tuan_beres,"['bwat', 'babu', 'tuan', 'beres', 'kirim', 'kuasa', 'perintahkan', 'punya', 'alat', 'tongkat']","['tuan presiden memang gak punya tongkat tapi kan punya kuasa bwat perintahkan semua babu nya bwat segera kirim ratusan alat berat bwat beres pasca bencana', 'tuan presiden memang gak punya tongkat tapi kan punya kuasa bwat perintahkan semua babu nya bwat segera kirim ratusan alat berat bwat beres pasca bencana', 'tuan presiden memang gak punya tongkat tapi kan punya kuasa bwat perintahkan semua babu nya bwat segera kirim ratusan alat berat bwat beres pasca bencana']"
116,18,116_diplomat_diplomatik_seorg_kemenlu,"['diplomat', 'diplomatik', 'seorg', 'kemenlu', 'gender', 'hubungan', 'birokrasi', 'and', 'sumpah', 'dibawah']","['diplomat tuh corong pemrenta kak apalagi kan menlu nya bkn diplomat karir tp org kepercayaan onoh jadiya ga bisa diarepin pun', 'jokowi yg ktnya gk pinter aja ttp menempatkan seorg diplomat sbg menlu krn dia tau pentingnya pengetahuan diplomatik seorg menlu prabowo malah nunjuk seorg disertir tentara yg tahunan wara wiri jd pengawal dia bawain handuk kecil basah utk menyeka mukanya utk jd menlu', 'diplomat kosaku kuroda ini influence terbesar memutuskan untuk mau menjadi diplomat ambil s ilmu politik belajar dan cari cara buat bisa lolos cpns kemenlu tapi gagal biasalah karena brokenheart dan losing muse and motivation to reach that dream again']"
117,18,117_menawarkan_dihubungi_disampaikannya_mengaku,"['menawarkan', 'dihubungi', 'disampaikannya', 'mengaku', 'sumatera', 'paripurna', 'sidang', 'istana', 'bandang', 'barat']","['presiden prabowo subianto mengaku dihubungi oleh banyak kepala negara yang menawarkan bantuan untuk penanganan bencana banjir bandang dan tanah longsor di aceh sumatera utara dan sumatera barat pernyataan itu disampaikannya dalam sidang kabinet paripurna di istana negara', 'presiden prabowo subianto mengaku dihubungi oleh banyak kepala negara yang menawarkan bantuan untuk penanganan bencana banjir bandang dan tanah longsor di aceh sumatera utara dan sumatera barat pernyataan itu disampaikannya dalam sidang kabinet paripurna di istana negara', 'presiden prabowo subianto mengaku dihubungi oleh banyak kepala negara yang menawarkan bantuan untuk penanganan bencana banjir bandang dan tanah longsor di aceh sumatera utara dan sumatera barat pernyataan itu disampaikannya dalam sidang kabinet paripurna di istana negara']"
118,18,118_republik_subianto_indonesia_rutin,"['republik', 'subianto', 'indonesia', 'rutin', 'mendiktisaintek', 'bekasi', 'putih', 'merah', 'normal', 'idola']","['presiden republik indonesia prabowo subianto menggelar pertemuan dengan sejumlah menteri kabinet merah putih di kediaman pribadinya di hambalang jawa barat minggu', 'presiden republik indonesia prabowo subianto menargetkan pemulihan aliran listrik dapat kembali normal persen secepatnya di seluruh wilayah terdampak bencana banjir bandang di sumatera presiden prabowosubianto listrik aceh idola smg indonesia', 'presiden republik indonesia prabowo subianto menargetkan pemulihan aliran listrik dapat kembali normal persen secepatnya di seluruh wilayah terdampak bencana banjir bandang di sumatera presiden prabowosubianto listrik aceh idola smg indonesia']"
119,18,119_menangkap_pengadilan_mengadilinya_membawanya,"['menangkap', 'pengadilan', 'mengadilinya', 'membawanya', 'netanyahu', 'operasi', 'mengapa', 'terpilih', 'nicols', 'israel']","['jika as dapat melakukan operasi di venezuela untuk menangkap nicols maduro seorang presiden terpilih amp mengadilinya di pengadilan amerika lalu mengapa tidak mungkin untuk menangkap netanyahu dari israel dan membawanya ke pengadilan internasional', 'jika as dapat melakukan operasi di venezuela untuk menangkap nicols maduro seorang presiden terpilih amp mengadilinya di pengadilan amerika lalu mengapa tidak mungkin untuk menangkap netanyahu dari israel dan membawanya ke pengadilan internasional', 'jika as dapat melakukan operasi di venezuela untuk menangkap nicols maduro seorang presiden terpilih amp mengadilinya di pengadilan amerika lalu mengapa tidak mungkin untuk menangkap netanyahu dari israel dan membawanya ke pengadilan internasional']"
120,18,120_huniankorbanbencana_paket_penyiapan_memulihkan,"['huniankorbanbencana', 'paket', 'penyiapan', 'memulihkan', 'signifikan', 'insentif', 'menginstruksikan', 'terdampak', 'terimakasih', 'daya']","['untuk menjaga daya beli masyarakat dan mendorong pergerakan ekonomi presiden prabowo menginstruksikan penyiapan paket insentif yg signifikan smoga masyarakat yg terdampak bisa kembali beraktivitas dan perekonomian kembali membaik huniankorbanbencana memulihkan warga terdampak', 'untuk menjaga daya beli masyarakat dan mendorong pergerakan ekonomi presiden prabowo menginstruksikan penyiapan paket insentif yang signifikan huniankorbanbencana memulihkan warga terdampak', 'untuk menjaga daya beli masyarakat dan mendorong pergerakan ekonomi presiden prabowo menginstruksikan penyiapan paket insentif yang signifikan huniankorbanbencana memulihkan warga terdampak']"
121,17,121_purn_tni_hor_jenderal,"['purn', 'tni', 'hor', 'jenderal', 'letjen', 'lettu', 'menkopolkam', 'djamari', 'chaniago', 'sjamsoeddin']","['jabatan penting negara saat ini presiden ri jenderal tni hor purn prabowo seskab letkol tni teddy menkopolkam letjen tni purn djamari chaniago menhan jenderal tni hor purn sjafrie sjamsoeddin menlu lettu tni soegiono menko bidang infrastruktur dan pembangunan', 'jabatan penting negara saat ini presiden ri jenderal tni hor purn prabowo seskab letkol tni teddy menkopolkam letjen tni purn djamari chaniago menhan jenderal tni hor purn sjafrie sjamsoeddin menlu lettu tni soegiono menko bidang infrastruktur dan pembangunan', 'jabatan penting negara saat ini presiden ri jenderal tni hor purn prabowo seskab letkol tni teddy menkopolkam letjen tni purn djamari chaniago menhan jenderal tni hor purn sjafrie sjamsoeddin menlu lettu tni soegiono menko bidang infrastruktur dan pembangunan']"
122,17,122_diarak_van_memindahkan_unjuk,"['diarak', 'van', 'memindahkan', 'unjuk', 'provokatif', 'menginjakinjak', 'york', 'biadab', 'jalanan', 'new']","['biadab menginjakinjak harga diri pemimpin suatu negara presiden venezuela diarak di jalan raya as dalam sebuah unjuk kekuatan yang provokatif pasukan amerika serikat yang bersenjata lengkap terlihat memindahkan nicols maduro melalui jalanan new york dengan pintu van', 'biadab menginjakinjak harga diri pemimpin suatu negara presiden venezuela diarak di jalan raya as dalam sebuah unjuk kekuatan yang provokatif pasukan amerika serikat yang bersenjata lengkap terlihat memindahkan nicols maduro melalui jalanan new york dengan pintu van', 'biadab menginjakinjak harga diri pemimpin suatu negara presiden venezuela diarak di jalan raya as dalam sebuah unjuk kekuatan yang provokatif pasukan amerika serikat yang bersenjata lengkap terlihat memindahkan nicols maduro melalui jalanan new york dengan pintu van']"
123,17,123_aceh_ketiganya_pakistan_keselamatan,"['aceh', 'ketiganya', 'pakistan', 'keselamatan', 'menunda', 'agenda', 'rusia', 'prioritas', 'meninjau', 'tetap']","['dari aceh pakistan rusia presiden prabowo langsung kembali ke aceh meninjau bencana di tengah agenda global keselamatan rakyat tetap prioritas ini kunjungan ketiganya ke aceh tanpa menunda negara hadir', 'dari aceh pakistan rusia presiden prabowo langsung kembali ke aceh meninjau bencana di tengah agenda global keselamatan rakyat tetap prioritas ini kunjungan ketiganya ke aceh tanpa menunda negara hadir', 'dari aceh pakistan rusia presiden prabowo langsung kembali ke aceh meninjau bencana di tengah agenda global keselamatan rakyat tetap prioritas ini kunjungan ketiganya ke aceh tanpa menunda negara hadir']"
124,17,124_kemenkum_diy_kanwil_kementerianhukum,"['kemenkum', 'diy', 'kanwil', 'kementerianhukum', 'setahunberdampak', 'layananhukummakinmudah', 'kanwilkemenkumdiy', 'kemenlu', 'amp', 'sinergi']","['kemenkum amp kemenlu tunjukkan sinergi kuat demi kepentingan nasional di kancah global kementerianhukum kanwilkemenkumdiy layananhukummakinmudah setahunberdampak kanwil kemenkum diy', 'kemenkum amp kemenlu sinergi terbaik untuk ki global kementerianhukum kanwilkemenkumdiy layananhukummakinmudah setahunberdampak kanwil kemenkum diy', 'setahunberdampak kanwil kemenkum diy kemenkum amp kemenlu bersatu kawal royalti global yang berkeadilan kementerianhukum kanwilkemenkumdiy layananhukummakinmudah setahunberdampak kanwil kemenkum diy']"
125,17,125_more_cosplay_cc_thank,"['more', 'cosplay', 'cc', 'thank', 'amiin', 'you', 'nah', 'abs', 'itu', '']","['cc', 'thank you', 'more cosplay']"
126,17,126_video_ngoceh_dlm_suatu,"['video', 'ngoceh', 'dlm', 'suatu', 'nonton', 'dr', 'masalah', 'rongrongan', 'penyampai', 'pembuat']","['nkri ada dlm rongrongan bkn cuma pki nmn rongrongan dr bekas penjajah nkri australia mengapa bin amp bais jg kemenlu diam apalagi yg kerjanya cuma bikin uu menyengsarakan rakyat sadarkah pa lihat video kucing mujair tiktok', 'terlihat dlm video ini dia berperan sbg seorang pejabat yg punya kompetensi menilai suatu masalah dlm tata kelola pemerintahan pdhal tupoksinya adalah sbg penyampai pesan dr presiden kpd rakyat bukan pjbat pmbuat analisis atas suatu kebijakan atau pembuat opini', 'terlihat dlm video ini dia berperan sbg seorang pejabat yg punya kompetensi menilai suatu masalah dlm tata kelola pemerintahan pdhal tupoksinya adalah sbg penyampai pesan dr presiden kpd rakyat bukan pjbat pmbuat analisis atas suatu kebijakan atau pembuat opini']"
127,17,127_papua_diluncurkan_enam_bergerakuntukpapua,"['papua', 'diluncurkan', 'enam', 'bergerakuntukpapua', 'mandenas', 'xiii', 'yan', 'taiwan', 'mbg', 'papuabarat']","['program mbg yang diluncurkan bapak presiden harus menjangkau anakanak di pedalaman yan p mandenas anggota komisi xiii dpr rikebijakan gizi adalah investasi jangka panjang papua bukan pinggiran papua adalah pusat harapan', 'presiden indonesia akan selalu menjadikan papua sebagai prioritas dan akan terus membantu masyarakat papua karena papua merupakan bagian penting indonesia dari timur kemajuan menggema bergerakuntukpapua', 'presiden indonesia akan selalu menjadikan papua sebagai prioritas dan akan terus membantu masyarakat papua karena papua merupakan bagian penting indonesia dari timur kemajuan menggema bergerakuntukpapua']"
128,17,128_aceh_ketiganya_menunda_keselamatan,"['aceh', 'ketiganya', 'menunda', 'keselamatan', 'pakistan', 'agenda', 'meninjau', 'rusia', 'prioritas', 'tengah']","['dari aceh pakistan rusia presiden prabowo langsung kembali ke aceh meninjau bencana di tengah agenda global keselamatan rakyat tetap prioritas ini kunjungan ketiganya ke aceh tanpa menunda negara hadir', 'dari aceh pakistan rusia presiden prabowo langsung kembali ke aceh meninjau bencana di tengah agenda global keselamatan rakyat tetap prioritas ini kunjungan ketiganya ke aceh tanpa menunda negara hadir', 'dari aceh pakistan rusia presiden prabowo langsung kembali ke aceh meninjau bencana di tengah agenda global keselamatan rakyat tetap prioritas ini kunjungan ketiganya ke aceh tanpa menunda negara hadir']"
129,17,129_pengen_pengusaha_pelaku_pekerjaan,"['pengen', 'pengusaha', 'pelaku', 'pekerjaan', 'badilagexcellent', 'ari', 'dikonsultasikan', 'kenalin', 'pengemis', 'pengem']","['gak habis pikir dengan presiden omon omon ini lagi bencana sempet nya kenalin seseorang dengan pangkat nya gak penting dan gak perlu yg sangat diperlubutuh kan para pengungsikorban bencana saat ini hanyalah tercukupi kebutuhannya', 'senin desember pta palangka raya melaksanakan kegiatan zoom kordinasi penguatan dukungan direktif presiden atau blokir dipa sebanyak milyard mahkamahagung badilagexcellent ptapalangkarayasiapberubah', 'presiden si gemoy yang letoy gemuk tua sama sekali gak energik punya banyak masalah di masa lalu sbg pelaku pelanggar ham berat sbg pelaku usaha yg tidak membayarkan gaji karyawannya sbg pengusaha pembalakan dan penggundulan hutan dgn dalih alih fungsi']"
130,16,130_mengecam_beradab_nicolas_keluarkan,"['mengecam', 'beradab', 'nicolas', 'keluarkan', 'sebagian', 'maduro', 'trump', 'bangsa', 'besar', 'menculik']","['sebagian besar pemimpin bangsa beradab sudah keluarkan pernyataan mengecam presiden as trump karena menculik presiden venezuela nicolas maduro presiden indonesia', 'sebagian besar pemimpin bangsa beradab sudah keluarkan pernyataan mengecam presiden as trump karena menculik presiden venezuela nicolas maduro presiden indonesia', 'sebagian besar pemimpin bangsa beradab sudah keluarkan pernyataan mengecam presiden as trump karena menculik presiden venezuela nicolas maduro presiden indonesia']"
131,16,131_hrs_saudi_arabia_dipojokkan,"['hrs', 'saudi', 'arabia', 'dipojokkan', 'ironis', 'reynhard', 'ahlanwasahlanibhrs', 'kriminal', 'super', 'sungguh']","['reynhard di inggris yg jelas super kriminal n memalukan indonesia diberi bantuan hukum habib rizieq shihab hrs di saudi arabia malah dipojokkan pernyataan menko n dubes ri di saudi sungguh tak adil n ironis selamat datang hrs ahlanwasahlanibhrs', 'reynhard di inggris yg jelas super kriminal n memalukan indonesia diberi bantuan hukum habib rizieq shihab hrs di saudi arabia malah dipojokkan pernyataan menko n dubes ri di saudi sungguh tak adil n ironis selamat datang hrs ahlanwasahlanibhrs', 'reynhard di inggris yg jelas super kriminal n memalukan indonesia diberi bantuan hukum habib rizieq shihab hrs di saudi arabia malah dipojokkan pernyataan menko n dubes ri di saudi sungguh tak adil n ironis selamat datang hrs ahlanwasahlanibhrs']"
132,16,132_hrs_saudi_arabia_dipojokkan,"['hrs', 'saudi', 'arabia', 'dipojokkan', 'ironis', 'reynhard', 'ahlanwasahlanibhrs', 'kriminal', 'super', 'sungguh']","['reynhard di inggris yg jelas super kriminal n memalukan indonesia diberi bantuan hukum habib rizieq shihab hrs di saudi arabia malah dipojokkan pernyataan menko n dubes ri di saudi sungguh tak adil n ironis selamat datang hrs ahlanwasahlanibhrs', 'reynhard di inggris yg jelas super kriminal n memalukan indonesia diberi bantuan hukum habib rizieq shihab hrs di saudi arabia malah dipojokkan pernyataan menko n dubes ri di saudi sungguh tak adil n ironis selamat datang hrs ahlanwasahlanibhrs', 'reynhard di inggris yg jelas super kriminal n memalukan indonesia diberi bantuan hukum habib rizieq shihab hrs di saudi arabia malah dipojokkan pernyataan menko n dubes ri di saudi sungguh tak adil n ironis selamat datang hrs ahlanwasahlanibhrs']"
133,16,133_punya_gini_cuma_intrumen,"['punya', 'gini', 'cuma', 'intrumen', 'dilawanresiko', 'ditaruh', 'mendongeng', 'play', 'naruta', 'silit']","['punya presiden yang luar biasa kayak gini', 'hampir punya presiden kayak gini', 'punya presiden gini banget']"
134,15,134_donald_trump_thailand_ukraina,"['donald', 'trump', 'thailand', 'ukraina', 'kemboja', 'syarikat', 'konflik', 'bangkok', 'dakwaan', 'perang']","['presiden trump tegaskan penanganan konflik ukraina butuh keseriusan ekstrem setiap langkah yang mainmain berpotensi memicu perang dunia ketiga baca detail peringatan trump narayapost trump ukraina perangdunia geopolitik', 'phnompenh kemboja menutup semua lintasan sempadannya dengan thailand semalam selepas bangkok menafikan dakwaan presiden amerika syarikat as donald trump bahawa satu gencatan senjata sudah dipersetujui', 'konflik thailandkemboja kemboja menutup semua pintu lintasan sempadannya dengan thailand selepas bangkok menafikan dakwaan presiden amerika syarikat as donald trump bahawa satu gencatan senjata telah dipersetujui buletintv sempadanditutup kembojathailand']"
135,15,135_kuripan_polsek_bhabinkamtibmas_monitoring,"['kuripan', 'polsek', 'bhabinkamtibmas', 'monitoring', 'tanaman', 'albarokah', 'tani', 'pertumbuhan', 'nur', 'hidayat']","['dukung asta cita presiden ri bhabinkamtibmas polsek kuripan aipda wawan adi dan briptu m nur hidayat bersama kelompok tani albarokah melaksanakan monitoring pertumbuhan tanaman jagung di desa jatisari kec kuripan kabupaten probolinggo sebagai wujud ketahanan pangan', 'dukung asta cita presiden ri bhabinkamtibmas polsek kuripan aipda wawan adi dan briptu m nur hidayat bersama kelompok tani albarokah melaksanakan monitoring pertumbuhan tanaman jagung di desa jatisari kec kuripan kabupaten probolinggo sebagai wujud ketahanan pangan', 'dukung asta cita presiden ri bhabinkamtibmas polsek kuripan aipda wawan adi dan briptu m nur hidayat bersama kelompok tani albarokah melaksanakan monitoring pertumbuhan tanaman jagung di desa jatisari kec kuripan kabupaten probolinggo sebagai wujud ketahanan pangan']"
136,15,136_perkara_metro_polda_jaya,"['perkara', 'metro', 'polda', 'jaya', 'ijazah', 'khusus', 'joko', 'widodo', 'gelar', 'palsu']","['sudah berlangsung selama jam gelar perkara khusus kasus dugaan ijazah palsu presiden ke ri joko widodo yang digelar polda metro jaya atas permintaan roy suryo cs senin fae', 'kuasa hukum roy suryo cs menegaskan akan menyoroti sejumlah aspek dalam gelar perkara khusus terkait kasus dugaan ijazah palsu presiden ke ri joko widodo yang digelar di polda metro jaya senin baca di sini ta roysuryo ijazah jokowi', 'polda metro jaya menjadwalkan gelar perkara khusus terkait kasus tudingan ijazah palsu presiden ke ri joko widodo pada senin desember pihak joko widodo menyatakan siap menghadiri gelar perkara khusus tersebut sesuai undangan dari polda metro jaya kuasa hukum']"
137,15,137_menekankan_layak_huniankorbanbencana_memulihkan,"['menekankan', 'layak', 'huniankorbanbencana', 'memulihkan', 'kilat', 'diselesaikan', 'aman', 'terdampak', 'konstruksi', 'tinggal']","['presiden prabowo subianto menekankan bahwa pembangunan huniankorbanbencana terdampak harus menjadi prioritas utama agar masyarakat dapat segera memiliki tempat tinggal yang layak dan aman memulihkan warga terdampak', 'presiden prabowo menekankan supaya proses konstruksi segera diselesaikan secara kilat untuk memastikan masyarakat agar bisa kembali menempati tempat tinggal yang layak dan aman huniankorbanbencana memulihkan warga terdampak', 'presiden prabowo menekankan agar proses konstruksi harus diselesaikan secara kilat demi memastikan masyarakat dapat kembali menempati tempat tinggal yang layak dan aman huniankorbanbencana memulihkan warga terdampak']"
138,15,138_konsesi_gajah_lahan_konservasi,"['konsesi', 'gajah', 'lahan', 'konservasi', 'seluas', 'tusam', 'miliknya', 'hutani', 'berasal', 'lestari']","['presiden prabowo subianto menyerahkan konsesi lahan seluas hektar di aceh untuk program konservasi gajah lahan itu berasal dari konsesi miliknya melalui pt tusam hutani lestari baca di prabowosubianto aceh gajah', 'presiden prabowo subianto menyerahkan konsesi lahan seluas hektar di aceh untuk program konservasi gajah lahan itu berasal dari konsesi miliknya melalui pt tusam hutani lestari baca di prabowosubianto aceh gajah', 'presiden prabowo subianto menyerahkan konsesi lahan seluas hektar di aceh untuk program konservasi gajah lahan itu berasal dari konsesi miliknya melalui pt tusam hutani lestari baca di prabowosubianto aceh gajah']"
139,14,139_china_jepang_ketegangan_taiwan,"['china', 'jepang', 'ketegangan', 'taiwan', 'memicu', 'pbb', 'luhut', 'asiatimur', 'indonesiaupdate', 'beijing']","['sebagian orang menduga pembatalan ini berkaitan dengan meningkatnya ketegangan hubungan jepang china terutama setelah pernyataan pm jepang sanae takaichi mengenai isu taiwan yang memicu reaksi keras dari pihak china', 'menlu china menilai pernyataan pm jepang sudah melewati batas memicu ketegangan baru di asia timur narayapost china jepang geopolitik asiatimur isuglobal diplomasi beritaterkini indonesiaupdate', 'menlu china menilai pernyataan pm jepang sudah melewati batas memicu ketegangan baru di asia timur narayapost china jepang geopolitik asiatimur isuglobal diplomasi beritaterkini indonesiaupdate']"
140,14,140_bank_alumni_profesor_universitas,"['bank', 'alumni', 'profesor', 'universitas', 'pendiri', 'pernah', 'nusantara', 'karir', 'ahli', 'contoh']","['kenapa ya orang yang pernah jadi petinggi militer pernah menculik tapi tidak pernah diproses hukum pernah jadi menantu presiden bahkan bapaknya adalah seorang profesor ekonomi kakeknya pendiri bank bumn punya kecenderungan untuk merasa dirinya yang paling penting', 'yayasan bank rakyat ybr hadir pada majlis makan malam alumni mcoba yang menghimpunkan barisan kepimpinan berprestij termasuk presiden alumni tunku khurshiah college tkc oga datuk dr hafsah hashim dan', 'mungkin karena latar belakang keluarga bergengsi seperti ayah profesor ekonomi dan kakek pendiri bank bumn karir militer tinggi serta hubungan dengan presiden membuat seseorang merasa punya peran krusial studi psikologi menunjukkan privilege sering ciptakan rasa berhak dan']"
141,14,141_akad_kritikkritik_subsidi_seakanakan,"['akad', 'kritikkritik', 'subsidi', 'seakanakan', 'massal', 'bravo', 'seakan', 'hadir', 'ribu', 'terlihat']","['kegiatan akad massal ribu rumah subsidi hari sabtu lalu di serang banten di sini terlihat kalau menlu ri hadir seakan menjawab kritikkritik di luar sana bahwa seakanakan menlu ri tidak hadir dan bekerja bravo', 'kegiatan akad massal ribu rumah subsidi hari sabtu lalu di serang banten di sini terlihat kalau menlu ri hadir seakan menjawab kritikkritik di luar sana bahwa seakanakan menlu ri tidak hadir dan bekerja bravo', 'kegiatan akad massal ribu rumah subsidi hari sabtu lalu di serang banten di sini terlihat kalau menlu ri hadir seakan menjawab kritikkritik di luar sana bahwa seakanakan menlu ri tidak hadir dan bekerja bravo']"
142,14,142_foto_namtan_sumatera_becak,"['foto', 'namtan', 'sumatera', 'becak', 'gubernurpresiden', 'dokumentasi', 'disembunyiin', 'berbekal', 'aktifitas', 'suryafoc']","['foto ini berasal dari pertemuan presiden prabowo subianto dan anies baswedan di posko pengungsian korban bencana banjir dan longsor di sumatera aceh dan sumatera utara pada sekitar desember mereka terlihat minum kopi bersama saat memberikan bantuan gambar beredar', 'namanya jg presiden npd dateng ke lokasi foto foto ngomong ngalur ngidul abis itu pulang yg penting udh ada dokumentasi', 'sepertinya udah menjalar ke yang lain model begini modal foto doang kerja abis foto tidur lagi atau ngeluyur']"
143,14,143_program_mbg_dakwah_junior,"['program', 'mbg', 'dakwah', 'junior', 'proyek', 'pemeriksaangratis', 'win', 'kesehatanuntuksemua', 'fia', 'indonesiapeduli']","['bupati adalah conductor dan arranger program mbg di daerah lumajang selama ini kepala daerah seolaholah hanya menjadi penonton dalam pelaksanaan program makan bergizi gratis mbg namun setelah keputusan presiden keppres nomor tahun tentang tim koordinas antar', 'program cek kesehatan gratis ini merupakan salah satu program quick win presiden prabowo subianto yang menyasar juta masyarakat sehatbersama kesehatanuntuksemua indonesiapeduli pemeriksaangratis', 'program cek kesehatan gratis ini merupakan salah satu program quick win presiden prabowo subianto yang menyasar juta masyarakat sehatbersama kesehatanuntuksemua indonesiapeduli pemeriksaangratis']"
144,14,144_wn_brutal_terancam_area,"['wn', 'brutal', 'terancam', 'area', 'bersenjata', 'tambang', 'aksi', 'emas', 'serang', 'kedaulatan']","['kedaulatan negara sudah terancam secara nyata aksi brutal wn china bersenjata serang tni di area tambang emas', 'kedaulatan negara sudah terancam secara nyata aksi brutal wn china bersenjata serang tni di area tambang emas', 'kedaulatan negara sudah terancam secara nyata aksi brutal wn china bersenjata serang tni di area tambang emas']"
145,14,145_games_sea_atlet_menpora,"['games', 'sea', 'atlet', 'menpora', 'medali', 'bonus', 'erick', 'emas', 'miliar', 'thailand']","['menpora erick menegaskan bonus rp miliar di sea games bukan sekadar angka tapi bentuk dukungan serius presiden prabowo ke atlet nasional berita menpora olahragaindonesia seagames', 'bonus rp miliar untuk atlet sea games disebut menpora erick thohir sebagai bukti nyata komitmen presiden prabowo mendukung olahraga indonesia berita menpora erickthohir seagames', 'prestasi gemilang sea games atlet indonesia dapat bonus fantastis presiden prabowo turut menyampaikan rasa bangga dan salam kepada seluruh atlet sea games']"
146,13,146_geopolitik_catatan_petani_sdmpetaniunggul,"['geopolitik', 'catatan', 'petani', 'sdmpetaniunggul', 'petanigodigital', 'avic', 'nahkoda', 'lumbung', 'geostrategis', 'geografi']","['catatan geostrategis internasional petani indonesia sebagai nahkoda arah bangsabangsa membangun dunia baru sdmpetaniunggul petanigodigital ccpresiden amp kanda menteri', 'siap kandasuksesampsehat selalu kanda menteri laporan catatan geopolitik internasional petani indonesia menuju lumbung pangan dunia yang damai sdmpetaniunggul petanigodigital ccpresiden amp mas', 'catatan geopolitik internasional petani indonesia menuju lumbung pangan dunia yang damai sdmpetaniunggul petanigodigital ccpresident kanda menteri mas']"
147,13,147_orang_instansi_bisnis_lain,"['orang', 'instansi', 'bisnis', 'lain', 'mereka', 'congkak', 'berkerak', 'disekap', 'eiitts', 'crab']","['atas nama agama kedatangan mereka diterima yg padahal kelakuan dan budaya buruk sedang dipertontonkan yg bila dibiarkan hanya akan membuat gaduh negara ini usir dan kembalikan mereka dari negeri ini', 'para menlu negaranegara kelompok tujuh g merampungkan pertemuan mereka yang berlangsung selama dua hari pada rabu dengan mengeluarkan pernyataan bersama yang membahas krisis ukraina dan situasi di timur tengah serta beberapa topik lainnya', 'ini orang emang dasar otak bisnis negara aja dijadikan ladang bisnis sama ini orang udah gendut pak instansi pusat itu ngapain bikin badansatgas baru bnpb kagak bisa kerja bingung gua pola pikir ini orang']"
148,13,148_produkproduk_tkdn_sepakat_hapus,"['produkproduk', 'tkdn', 'sepakat', 'hapus', 'syarat', 'trump', 'dengan', 'as', 'produk', 'ngajak']","['sepakat dengan trump prabowo hapus syarat tkdn produkproduk as', 'sepakat dengan trump prabowo hapus syarat tkdn produkproduk as', 'sepakat dengan trump prabowo hapus syarat tkdn produkproduk as']"
149,13,149_nguji_ngajarin_kesabaran_sabar,"['nguji', 'ngajarin', 'kesabaran', 'sabar', 'usah', 'wni', 'gw', 'nih', 'banget', 'ga']","['ga usah ngajarin gw sabar jadi wni aja udah nguji kesabaran banget nih', 'ga usah ngajarin gw sabar jadi wni aja udah nguji kesabaran banget nih', 'ga usah ngajarin gw sabar jadi wni aja udah nguji kesabaran banget nih']"
150,13,150_tertukar_sapa_nyuruh_siapa,"['tertukar', 'sapa', 'nyuruh', 'siapa', 'pemberontakan', 'adaaaa', 'snow', 'yang', 'tersandera', 'tarakarta']","['betul presiden yang tertukar', 'presiden yg tertukar', 'presiden yg tertukar']"
151,12,151_diuji_nabi_firaun_penyakit,"['diuji', 'nabi', 'firaun', 'penyakit', 'kemiskinan', 'nuh', 'ngeres', 'ayyub', 'pemerintahnya', 'planga']","['nabi nuh diuji dengan bencana nabi ayyub diuji dengan penyakit dan kemiskinan nabi musa diuji dengan firaun dan wni diuji dengan bencana penyakit kemiskinan dan pemerintahnya yang mirip firaun dan punya wapres yang planga plongo dan otak yg ngeres', 'nabi nuh diuji dengan bencana nabi ayyub diuji dengan penyakit dan kemiskinan nabi musa diuji dengan firaun dan wni diuji dengan bencana penyakit kemiskinan dan pemerintahnya yang mirip firaun dan punya wapres yang planga plongo dan otak yg ngeres', 'nabi nuh diuji dengan bencana nabi ayyub diuji dengan penyakit dan kemiskinan nabi musa diuji dengan firaun dan wni diuji dengan bencana penyakit kemiskinan dan pemerintahnya yang mirip firaun dan punya wapres yang planga plongo dan otak yg ngeres']"
152,12,152_wn_brutal_terancam_area,"['wn', 'brutal', 'terancam', 'area', 'bersenjata', 'tambang', 'aksi', 'emas', 'serang', 'kedaulatan']","['kedaulatan negara sudah terancam secara nyata aksi brutal wn china bersenjata serang tni di area tambang emas', 'kedaulatan negara sudah terancam secara nyata aksi brutal wn china bersenjata serang tni di area tambang emas', 'kedaulatan negara sudah terancam secara nyata aksi brutal wn china bersenjata serang tni di area tambang emas']"
153,12,153_hambalang_rapat_hunian_huniankorbanbencana,"['hambalang', 'rapat', 'hunian', 'huniankorbanbencana', 'korban', 'pembangunan', 'percepatan', 'dorong', 'memulihkan', 'terdampak']","['rapat darurat di hambalang menegaskan fokus presiden prabowo pada percepatan hunian dan pemenuhan kebutuhan dasar korban bencana huniankorbanbencana memulihkan warga terdampak', 'rapat di hambalang presiden prabowo dorong percepat pembangunan hunian korban bencana untuk memulihkan warga terdampak huniankorbanbencana', 'rapat di hambalang presiden prabowo dorong percepatan pembangunan hunian korban bencana huniankorbanbencana memulihkan warga terdampak']"
154,12,154_rehabilitasi_indonesiabangkit_tanggapbencana_fase,"['rehabilitasi', 'indonesiabangkit', 'tanggapbencana', 'fase', 'jangka', 'negarahadir', 'panjang', 'sumatera', 'prioritas', 'barat']","['pasca banjir dan longsor di aceh sumatera utara dan sumatera barat pemerintah masuk fase rehabilitasi dan rekonstruksi presiden prabowo subianto menegaskan pemulihan jangka panjang sebagai prioritas nasional negarahadir tanggapbencana indonesiabangkit', 'pasca banjir dan longsor di aceh sumatera utara dan sumatera barat pemerintah masuk fase rehabilitasi dan rekonstruksi presiden prabowo subianto menegaskan pemulihan jangka panjang sebagai prioritas nasional negarahadir tanggapbencana indonesiabangkit', 'pasca banjir dan longsor di aceh sumatera utara dan sumatera barat pemerintah masuk fase rehabilitasi dan rekonstruksi presiden prabowo subianto menegaskan pemulihan jangka panjang sebagai prioritas nasional negarahadir tanggapbencana indonesiabangkit']"
155,11,155_diplomasi_kemenkum_kanwilkemenkumdiy_kanwil,"['diplomasi', 'kemenkum', 'kanwilkemenkumdiy', 'kanwil', 'diy', 'setahunberdampak', 'layananhukummakinmudah', 'kementerianhukum', 'bsk', 'djki']","['pertemuan djki amp bsk kemenkum dengan kemenlu bahas proposal indonesia tentang royalti di lingkungan digital legally binding instrument kementerianhukum kanwilkemenkumdiy layananhukummakinmudah setahunberdampak kanwil kemenkum diy', 'kemenkum ri amp kemenlu ri perkuat diplomasi jelang pembahasan indonesian proposal di forum wipo desember kementerianhukum kanwilkemenkumdiy layananhukummakinmudah setahunberdampak kanwil kemenkum diy', 'koordinasi yang baik antara djki bsk hukum dan kemenlu adalah kunci sukses diplomasi kementerianhukum kanwilkemenkumdiy layananhukummakinmudah setahunberdampak kanwil kemenkum diy']"
156,11,156_australia_sydney_pantai_bondi,"['australia', 'sydney', 'pantai', 'bondi', 'hanukkah', 'sehubungan', 'insiden', 'penembakan', 'tiba', 'disambut']","['presiden parlemen eropa roberta metsola bereaksi lewat cuitan x sehubungan insiden pantai bondi saya benarbenar ngeri melihat gambargambar yang muncul tentang serangan mengerikan terhadap begitu banyak orang di pantai bondi saat perayaan hanukkah dimulai di sydney', 'kaja kallas wakil presiden komisi eropa sehubungan insiden pantai bondi saya sangat terkejut dengan gambargambar mengerikan dari penembakan saat perayaan hanukkah di pantai bondi australia', 'presiden volodymyr zelensky bereaksi sehubungan insiden pantai bondi ukraina menyatakan solidaritasnya dengan australia dalam menghadapi serangan teroris brutal di pantai bondi sydney yang menargetkan komunitas yahudi pada awal hanukkah kami menyampaikan belasungkawa kepa']"
157,11,157_km_lorong_patuhi_papan,"['km', 'lorong', 'patuhi', 'papan', 'ditutup', 'penyelenggaraan', 'awas', 'harap', 'tanda', 'maklum']","['hrs awas kerja penyelenggaraan km km arah selatan dari klia ke bandar serenia lorong kanan ditutup patuhi arahan papan tanda harap maklum', 'hrs awas kerja penyelenggaraan km km arah selatan dari alor pongsu ke bukit merah lorong kanan ditutup patuhi arahan papan tanda harap maklum', 'hrs awas kerja penyelenggaraan km km arah selatan dari alor pongsu ke bukit merah lorong kanan ditutup patuhi arahan papan tanda harap maklum']"
158,11,158_bahas_kumpulkan_percepatan_hunian,"['bahas', 'kumpulkan', 'percepatan', 'hunian', 'persiapan', 'korban', 'sumatera', 'huniankorbanbencana', 'libur', 'panggil']","['presiden prabowo kumpulkan mentri bahas percepatan hunian korban bencana sumatera huniankorbanbencana memulihkan warga terdampak', 'presiden prabowo kumpulkan menteri bahas percepatan hunian korban bencana sumatera', 'presiden prabowo kumpulkan menteri bahas percepatan hunian korban bencana sumatera huniankorbanbencana memulihkan warga terdampak']"
159,11,159_nepalkanpejabatbusuk_nepalkan_nepal_melawan,"['nepalkanpejabatbusuk', 'nepalkan', 'nepal', 'melawan', 'putusan', 'tenda', 'pm', 'berpenghuni', 'assegaf', 'genzmilenial']","['presiden prabowo diminta pecat bahlil dan dirut pln buntut kebohongan soal listrik di aceh pulih nepalkanpejabatbusuk nepalkanpejabatbusuk', 'nepalkanpejabatbusuk nepalkanpejabatbusuk kapolri melawan presiden dan mk kesimpulannya apa', 'nepalkan pejabat busuk semakin hari negara semakin kacau polri berani melawan putusan mk dgn putusan kapolri yg menetapkan anggota polri boleh menduduki jabatan sipil pak msh presiden ri nepalkanpejabatbusuk nepalkanpejabatbusuk']"
160,11,160_optimisme_evakuasiprioritas_dukasumateradukakita_pemerintahcepattanggap,"['optimisme', 'evakuasiprioritas', 'dukasumateradukakita', 'pemerintahcepattanggap', 'sinergiuntuknegeri', 'berbagi', 'haru', 'tumbuh', 'empati', 'bertemu']","['haru saat pemimpin datang dengan empati harapan tumbuh presiden prabowo bertemu korban banjir aceh berbagi kekuatan dan optimisme sinergiuntuknegeri pemerintahcepattanggap negarahadir dukasumateradukakita evakuasiprioritas', 'haru saat pemimpin datang dengan empati harapan tumbuh presiden prabowo bertemu korban banjir aceh berbagi kekuatan dan optimisme sinergiuntuknegeri pemerintahcepattanggap negarahadir dukasumateradukakita evakuasiprioritas', 'haru saat pemimpin datang dengan empati harapan tumbuh presiden prabowo bertemu korban banjir aceh berbagi kekuatan dan optimisme sinergiuntuknegeri pemerintahcepattanggap negarahadir dukasumateradukakita evakuasiprioritas']"
161,11,161_hunian_sumatra_pembangunan_tetap,"['hunian', 'sumatra', 'pembangunan', 'tetap', 'warga', 'huniankorbanbencana', 'sementara', 'terdampak', 'memulihkan', 'seluruh']","['pembangunan hunian sementara dan hunian tetap untuk seluruh warga terdampak bencana di sumatra presiden ingin secepat mungkin segera selesai terbangun jelasnya', 'dalam rangka pemulihan bencana presiden prabowo secara tegas mendesak pembangunan hunian sementara dan hunian tetap bagi seluruh warga di sumatra dipercepat secepatnya huniankorbanbencana memulihkan warga terdampak', 'presiden prabowo subianto secara tegas mendesak pembangunan hunian sementara dan hunian tetap bagi seluruh warga di sumatra agar dipercepat huniankorbanbencana memulihkan warga terdampak']"
162,11,162_huntara_huntap_huniankorbanbencana_memulihkan,"['huntara', 'huntap', 'huniankorbanbencana', 'memulihkan', 'sumatra', 'hunian', 'terdampak', 'pembangunan', 'warga', 'sementara']","['presiden prabowo perintahkan percepatan huntara dan huntap di sumatra langkah cepat negara hadir untuk memulihkan warga terdampak pascabencana huniankorbanbencana', 'presiden perintah percepatan pembangunan hunian sementara huntara dan hunian tetap huntap bagi seluruh korban bencana di sumatra huniankorbanbencana memulihkan warga terdampak', 'presiden prabowo secara tegas mendesak pembangunan hunian sementara huntara dan hunian tetap huntap bagi seluruh warga di sumatra huniankorbanbencana memulihkan warga terdampak']"
163,10,163_terisolasi_zonauang_amp_riba,"['terisolasi', 'zonauang', 'amp', 'riba', 'menutupi', 'tanggung', 'juga', 'tegar', 'didunia', 'silahkan']","['mantap daerahdaerah yang sempet terisolasi kayak takengon amp bener meriah itu udah mulai dibuka aksesnya lho presiden prabowo apresiasi banget kerja keras petugas di lapangan yang udah matimatian buka jalan salut aceh tamiang juga udah nyambung zonauang', 'keren banget sih rakyat di sana tetap tegar amp sabar presiden prabowo juga udah siapin rencana alokasi perumahan buat warga terdampak lho ini bukti kalo pemerintah beneran hadir amp peduli semangat terus buat semua ayo kita samasama dukung zonauang', 'menjauhi riba dan kegiatan halal adalah takwa mau muslim ttp riba silahkan mau sambil jualan alkohol dan babi juga silahkan bkn kalah bersaing tp menyelamatkan diri dr dosa toh dosa dan amal d tanggung masing bkn d tanggung presiden']"
164,10,164_bajingan_boneka_apakah_jitak,"['bajingan', 'boneka', 'apakah', 'jitak', 'part', 'seumuran', 'tokoh', 'para', 'takeshi', 'okarun']","['tokoh dunia yang seumuran dengan presiden ri part', 'presiden bajingan tolol jilid', 'apakah presiden boneka para bajingan apakah presiden boneka para bajingan apakah presiden boneka para bajingan apakah presiden boneka para bajingan apakah presiden boneka para bajingan']"
