Topic,Count,Name,Representation,Representative_Docs
-1,2703,-1_presiden_jadi_aja_ada,"['presiden', 'jadi', 'aja', 'ada', 'gak', 'ga', 'nya', 'ya', 'dia', 'masih']","['mobilitas dan ekonomi masyarakat menjadi prioritas utama dalam arahan presiden prabowo untuk segera prabowo pulihkan infrastruktur jalan dan akses yang rusak sebagai langkah awal bangkit pasca bencana', 'mau bilang capek tapi lebih capek pengungsi aceh yg listrik aja cuma dinyalain bahlil pas presiden di sana tiap hari bangun pagi cuma kepikiran itu aceh nanti cara pulihnya gimana ya allah bantuan dan donasi rakyat aja ga cukup masih pada lumpuh dan terisolasi', 'soal listrik emang ada kendala di lapangan karena kondisi alam yang menantang dan beberapa wilayah masih banjir tapi presiden prabowo optimis dalam seminggu ke depan listrik bisa pulih kembali di sebagian besar area ini bukti pemerintah juga zonauang']"
0,571,0_kerja_aku_ga_gue,"['kerja', 'aku', 'ga', 'gue', 'mama', 'mau', 'gak', 'buat', 'gua', 'ya']","['kalau kaya aku gak akan kerja sekarang bang buktinya aku masih kerja', 'kek mana rumah mau jalan kalo yg kerja aku doang urusan rumah ke aku makan ke aku sekarang utang juga ke aku jadi orang tua ga bisa mikir', 'kerja']"
1,531,1_rekonstruksi_pascabencana_bangun_kembali,"['rekonstruksi', 'pascabencana', 'bangun', 'kembali', 'rumah', 'ketiga', 'prabowo', 'listrik', 'jalan', 'royong']","['kunjungan ketiga presiden prabowo menegaskan prabowo bangun kembali kehidupan warga rekonstruksi pascabencana berjalan rumah listrik dan jalan dipulihkan bersama semangat gotong royong', 'presiden prabowo hadir ketiga kalinya di lokasi bencana menegaskan prabowo bangun kembali rekonstruksi pascabencana rumah rusak diganti listrik jalan dan infrastruktur dipulihkan gotong royong jadi kekuatan', 'presiden prabowo kembali untuk ketiga kalinya ke lokasi banjir dan longsor membawa komitmen prabowo bangun kembali rumah warga diganti negara listrik jalan dan infrastruktur dipulihkan lewat rekonstruksi pascabencana gotong royong jadi kekuatan bersama']"
2,238,2_toti_maksudnya_sebelah_negaranya,"['toti', 'maksudnya', 'sebelah', 'negaranya', 'marah', 'malaysia', 'kayaknya', 'dewan', 'mata', 'dianggap']","['anggota dewan malaysia marah bantuan dari negaranya dianggap sebelah mata oleh seorang menteri dari indonesia toti kayaknya maksudnya', 'anggota dewan malaysia marah bantuan dari negaranya dianggap sebelah mata oleh seorang menteri dari indonesia toti kayaknya maksudnya', 'anggota dewan malaysia marah bantuan dari negaranya dianggap sebelah mata oleh seorang menteri dari indonesia toti kayaknya maksudnya']"
3,150,3_ada_jadi_ya_presiden,"['ada', 'jadi', 'ya', 'presiden', 'rakyatnya', 'tuh', 'dia', 'ga', 'buahnya', 'orang']","['kalau jadi wapres susah sih nder soalnya bapakmu bukan presiden tapi masih ada opsi jadi menteri tenang masih ada peluang kerja kok apalagi kalau kamu punya pengalaman', 'nangis bgt jir sampe mau nonton aja jujur ga sanggup kek kenapa ya mayoritas org indo tuh naif dan bodoh kita bisa loh punya presiden begini kok bsbsnya malah milih org yg jelas punya riwayat kriminal sih', 'bener ni orangdaribcaranya ngomong aja keliatanga tau apa progress kerjaan anak buahnya bener cuma omon doang pak bapak tuh jd presiden bukan cuma buat pidato doang pak kesel asli']"
4,143,4_indonesia_rakyat_merdeka_presiden,"['indonesia', 'rakyat', 'merdeka', 'presiden', 'jakarta', 'dpr', 'jadi', 'aceh', 'sejarah', 'tapi']","['sekolah rakyat gagasan presiden prabowo wujudkan pendidikan inklusif amp hapus hambatan ekonomi bagi lapisan terbawah sekolahrakyat indonesiaemas', 'sekolah rakyat gagasan presiden prabowo wujudkan pendidikan inklusif amp hapus hambatan ekonomi bagi lapisan terbawah fondasi penting berlandaskan pancasila menuju indonesia emas sekolahrakyat indonesiaemas', 'sekolah rakyat gagasan presiden prabowo wujudkan pendidikan inklusif amp hapus hambatan ekonomi bagi lapisan terbawah fondasi penting berlandaskan pancasila menuju indonesia emas sekolahrakyat indonesiaemas']"
5,134,5_pengungsi_langkat_pengungsian_posko,"['pengungsi', 'langkat', 'pengungsian', 'posko', 'meninjau', 'tinjau', 'man', 'tamiang', 'kebutuhan', 'subianto']","['hal tersebut disampaikan presiden dalam keterangannya kepada masyarakat saat meninjau posko pengungsi di man langkat kabupaten langkat sumatera utara sabtu', 'hal tersebut disampaikan presiden dalam keterangannya kepada masyarakat saat meninjau posko pengungsi di man langkat kabupaten langkat sumatera utara sabtu', 'presiden prabowo tinjau korban terdampak banjir di posko pengungsian man langkat']"
6,109,6_penanganan_bencana_percepatan_bahas,"['penanganan', 'bencana', 'percepatan', 'bahas', 'terdampak', 'terkendali', 'hambalang', 'sumatera', 'kesiapan', 'libur']","['presiden prabowo pimpin ratas bahas percepatan penanganan bencana dan kesiapan libur nataru presiden prabowo memanggil sejumlah menteri kabinet merah putih ke kediaman pribadinya di hambalang bogor jawa barat minggu untuk membahas penanganan bencana di sumatra', 'presiden prabowo minta percepatan penanganan bencana sumatera', 'presiden prabowo minta percepatan penanganan bencana sumatera']"
7,86,7_hunian_huniankorbanbencana_memulihkan_terdampak,"['hunian', 'huniankorbanbencana', 'memulihkan', 'terdampak', 'korban', 'warga', 'percepatan', 'pembangunan', 'bencana', 'membahas']","['presiden prabowo kumpulkan menteri untuk membahas percepatan hunian korban bencana sumatera huniankorbanbencana memulihkan warga terdampak', 'presiden dan menteri rapat kabinet untuk fokus membahas percepatan penyediaan hunian bagi korban bencana sumatera huniankorbanbencana memulihkan warga terdampak', 'presiden prabowo perintahkan percepatan hunian korban bencana huniankorbanbencana memulihkan warga terdampak']"
8,67,8_emanglah_menghabisi_radarada_politisi,"['emanglah', 'menghabisi', 'radarada', 'politisi', 'koruptor', 'bukannya', 'nunggu', 'tempat', 'ngapain', 'seharusnya']","['bukannya dia udah di tempat yang seharusnya bisa menghabisi koruptor ngapain nunggu jadi presiden politisi emanglah radarada semua', 'bukannya dia udah di tempat yang seharusnya bisa menghabisi koruptor ngapain nunggu jadi presiden politisi emanglah radarada semua', 'bukannya dia udah di tempat yang seharusnya bisa menghabisi koruptor ngapain nunggu jadi presiden politisi emanglah radarada semua']"
9,67,9_dubes_ri_miring_sy,"['dubes', 'ri', 'miring', 'sy', 'komentarnya', 'usulkan', 'membela', 'bersangkutan', 'melayani', 'pdhal']","['sbg anggota komisi sy usulkan kpd agar segera menarik n mengganti dubes ri di saudi yg bersangkutan sdh berada di sana hampir tahun komentarnya selalu miring soal habib rizieq shihab pdhal dubes ri seharusnya melayani melindungi n membela warga ri', 'sbg anggota komisi sy usulkan kpd agar segera menarik n mengganti dubes ri di saudi yg bersangkutan sdh berada di sana hampir tahun komentarnya selalu miring soal habib rizieq shihab pdhal dubes ri seharusnya melayani melindungi n membela warga ri', 'sbg anggota komisi sy usulkan kpd agar segera menarik n mengganti dubes ri di saudi yg bersangkutan sdh berada di sana hampir tahun komentarnya selalu miring soal habib rizieq shihab pdhal dubes ri seharusnya melayani melindungi n membela warga ri']"
10,66,10_inkompetensi_layaknya_dino_betapa,"['inkompetensi', 'layaknya', 'dino', 'betapa', 'kompeten', 'ham', 'sedang', 'menjawab', 'anda', 'malah']","['pak dino sedang mengkritik inkompetensi menlu terus anda malah menjawab dengan menunjukkan betapa tidak kompeten dan layaknya seorang menteri ham', 'pak dino sedang mengkritik inkompetensi menlu terus anda malah menjawab dengan menunjukkan betapa tidak kompeten dan layaknya seorang menteri ham', 'pak dino sedang mengkritik inkompetensi menlu terus anda malah menjawab dengan menunjukkan betapa tidak kompeten dan layaknya seorang menteri ham']"
11,64,11_gaza_palestina_israel_hamas,"['gaza', 'palestina', 'israel', 'hamas', 'perdamaian', 'gencatan', 'senjata', 'turki', 'tolak', 'pasukan']","['menlu turkiye hamas tunjukkan niat positif untuk perdamaian gaza permanen israel harus miliki sikap sama', 'menlu ri buka suara soal israel tolak pasukan perdamaian turki di gaza', 'menlu turki hamas siap gencatan senjata permanen di gaza']"
12,63,12_suruh_siapa_jadi_tua,"['suruh', 'siapa', 'jadi', 'tua', 'lah', 'dukung', 'ngotot', 'presiden', 'lansia', 'lagian']","['lah siapa suruh jadi presiden', 'lah siapa suruh jadi presiden', 'suruh siapa jadi presiden']"
13,63,13_bapak_tni_kasad_bekerjasama,"['bapak', 'tni', 'kasad', 'bekerjasama', 'beserta', 'tertimpa', 'hormat', 'membahu', 'bahu', 'ad']","['atas perintah bapak presiden tni ad bergerak cepat dalam upaya penanganan serta pemulihan bagi saudara kita yg tertimpa bencana hormat dan bangga bapak kasad tni beserta seluruh jajaran yg bahu membahu dan bekerjasama', 'atas perintah bapak presiden tni ad bergerak cepat dalam upaya penanganan serta pemulihan bagi saudara kita yg tertimpa bencana hormat dan bangga bapak kasad tni beserta seluruh jajaran yg bahu membahu dan bekerjasama', 'atas perintah bapak presiden tni ad bergerak cepat dalam upaya penanganan serta pemulihan bagi saudara kita yg tertimpa bencana hormat dan bangga bapak kasad tni beserta seluruh jajaran yg bahu membahu dan bekerjasama']"
14,60,14_baik_baru_lebih_tahun,"['baik', 'baru', 'lebih', 'tahun', 'melangkah', 'menyala', 'maju', 'semakin', 'semangat', 'semoga']","['selamat tahun baru semoga di tahun yang baru ini kita dapat melangkah lebih baik dengan semangat yang terus menyala demi indonesia yang semakin maju dan lebih baik', 'selamat tahun baru semoga di tahun yang baru ini kita dapat melangkah lebih baik dengan semangat yang terus menyala demi indonesia yang semakin maju dan lebih baik', 'selamat tahun baru semoga di tahun yang baru ini kita dapat melangkah lebih baik dengan semangat yang terus menyala demi indonesia yang semakin maju dan lebih baik']"
15,60,15_pak_pake_tdk_drs,"['pak', 'pake', 'tdk', 'drs', 'apa', 'lg', 'sby', 'aja', 'jg', 'bpk']","['klw presiden menntn nnt prsdn telepon kdm hai kdm anda bicara jngn keras gitu bicaranya jngn nyindir km seakn kau lebih hebat dr pejuang ya apkh kau mau melwn kami ap kamu yg kami tenggelamkn ll kdm menjwb maaf pak tdk pak tdk berani sy pak itu kt sy bkn prsdnampkdm sy takut jg', 'dari drs jd irjoko widodo aj dah ketahuan berijasah palsu rbt kl ga dipenjara akan membahayakan nkri apa lg lom jg dimakzulkan gibran cc pak presiden pak menhan amp awasgerombolansop', 'dari drs jd irjoko widodo aj dah ketahuan berijasah palsu rbt kl ga dipenjara akan membahayakan nkri apa lg lom jg dimakzulkan gibran cc pak presiden pak menhan amp']"
16,59,16_emanglah_menghabisi_radarada_politisi,"['emanglah', 'menghabisi', 'radarada', 'politisi', 'koruptor', 'bukannya', 'nunggu', 'tempat', 'ngapain', 'seharusnya']","['bukannya dia udah di tempat yang seharusnya bisa menghabisi koruptor ngapain nunggu jadi presiden politisi emanglah radarada semua', 'bukannya dia udah di tempat yang seharusnya bisa menghabisi koruptor ngapain nunggu jadi presiden politisi emanglah radarada semua', 'bukannya dia udah di tempat yang seharusnya bisa menghabisi koruptor ngapain nunggu jadi presiden politisi emanglah radarada semua']"
17,58,17_dgn_as_yg_tidak,"['dgn', 'as', 'yg', 'tidak', 'berpendirian', 'bermitra', 'sungkantakut', 'iraq', 'penurut', 'south']","['saya heran membaca pernyataan re venezuela yg sangat standar dan sama sekali tidak menyebut amerika serikat sejak kapan kita sungkantakut mengkritik kawan yg lakukan pelanggaran hukum internasional kenapa menlu sugiono sampai sekarang tidak bersuara padahal dunia menunggu pandangan sbg pemain global south yg penting ini momen perlu percaya diri menunjukkan sikap sama ketika kita dulu menentang invasi as thdp iraq bebas aktif itu artinya berani berpendirian bermitra dgn as dan dgn negara manapun tidak boleh menjadikan negara penurut yg mengorbankan hal yg prinsipil', 'saya heran membaca pernyataan re venezuela yg sangat standar dan sama sekali tidak menyebut amerika serikat sejak kapan kita sungkantakut mengkritik kawan yg lakukan pelanggaran hukum internasional kenapa menlu sugiono sampai sekarang tidak bersuara padahal dunia menunggu pandangan sbg pemain global south yg penting ini momen perlu percaya diri menunjukkan sikap sama ketika kita dulu menentang invasi as thdp iraq bebas aktif itu artinya berani berpendirian bermitra dgn as dan dgn negara manapun tidak boleh menjadikan negara penurut yg mengorbankan hal yg prinsipil', 'saya heran membaca pernyataan re venezuela yg sangat standar dan sama sekali tidak menyebut amerika serikat sejak kapan kita sungkantakut mengkritik kawan yg lakukan pelanggaran hukum internasional kenapa menlu sugiono sampai sekarang tidak bersuara padahal dunia menunggu pandangan sbg pemain global south yg penting ini momen perlu percaya diri menunjukkan sikap sama ketika kita dulu menentang invasi as thdp iraq bebas aktif itu artinya berani berpendirian bermitra dgn as dan dgn negara manapun tidak boleh menjadikan negara penurut yg mengorbankan hal yg prinsipil']"
18,58,18_transportasi_pulihkan_bangkit_pasca,"['transportasi', 'pulihkan', 'bangkit', 'pasca', 'ekonomi', 'infrastruktur', 'pusat', 'mobilitas', 'darurat', 'akses']","['presiden prabowo bahas pemulihan akses darurat prioritas prabowo pulihkan infrastruktur demi mobilitas warga cepat pulih pemerintah pusat pastikan dukungan penuh agar ekonomi dan transportasi segera bangkit pasca bencana kita bangkit bersama', 'presiden prabowo fokus pada pemulihan akses transportasi prabowo pulihkan infrastruktur agar ekonomi warga bangkit pasca bencana', 'presiden prabowo memastikan dukungan penuh pemerintah pusat untuk akses transportasi darurat prabowo pulihkan infrastruktur demi ekonomi rakyat bangkit pasca bencana']"
19,57,19_aja_jadi_ga_kalo,"['aja', 'jadi', 'ga', 'kalo', 'mah', 'muka', 'sel', 'presiden', 'gamau', 'omon']","['ga niat presiden lu malah traveling kata gue mah jadi youtuber aja ngapain jadi presiden', 'kalo bapak gua jadi presiden jg bisa gua ini ngomong kek gini gausah jadi presiden dah masih idup aja udh syukur guaa', 'wo kalo ga sanggup ngurus aceh lepas aja dan kalo ga sanggup jadi presiden mundur aja']"
20,56,20_dibandingin_atau_dikomentari_donnie,"['dibandingin', 'atau', 'dikomentari', 'donnie', 'pengamatan', 'manteman', 'syahrir', 'kejauhan', 'barusan', 'silakan']","['gara invasi donnie ke venezuela jangan kejauhan dibandingin dengan syahrir atau agus salim atau adam malik deh coba dibandingin sama yg paling deket barusan retno marsudi silakan dikomentari kinerja menlu kita sesuai pengamatan manteman', 'gara invasi donnie ke venezuela jangan kejauhan dibandingin dengan syahrir atau agus salim atau adam malik deh coba dibandingin sama yg paling deket barusan retno marsudi silakan dikomentari kinerja menlu kita sesuai pengamatan manteman', 'gara invasi donnie ke venezuela jangan kejauhan dibandingin dengan syahrir atau agus salim atau adam malik deh coba dibandingin sama yg paling deket barusan retno marsudi silakan dikomentari kinerja menlu kita sesuai pengamatan manteman']"
21,54,21_dg_jokowi_diaspora_amsterdam,"['dg', 'jokowi', 'diaspora', 'amsterdam', 'paris', 'bersihkan', 'bertanya', 'jawaban', 'orangorang', 'sigit']","['dari diskusi dg diaspora di amsterdam dan paris semua bertanya ada apa dg presiden sehingga tdk berani bersihkan orangorang jokowi terutama kapolri jawaban saya hanya allah prabowo jokowi dan sigit yang tahu', 'dari diskusi dg diaspora di amsterdam dan paris semua bertanya ada apa dg presiden sehingga tdk berani bersihkan orangorang jokowi terutama kapolri jawaban saya hanya allah prabowo jokowi dan sigit yang tahu', 'dari diskusi dg diaspora di amsterdam dan paris semua bertanya ada apa dg presiden sehingga tdk berani bersihkan orangorang jokowi terutama kapolri jawaban saya hanya allah prabowo jokowi dan sigit yang tahu']"
22,54,22_akalakalan_merangkap_dprd_jubir,"['akalakalan', 'merangkap', 'dprd', 'jubir', 'pilkada', 'lewat', 'menlu', 'ketus', 'tampang', 'tedy']","['menlu merangkap jubir akalakalan pilkada lewat dprd', 'menlu merangkap jubir akalakalan pilkada lewat dprd', 'menlu merangkap jubir akalakalan pilkada lewat dprd']"
23,54,23_emanglah_menghabisi_radarada_politisi,"['emanglah', 'menghabisi', 'radarada', 'politisi', 'koruptor', 'bukannya', 'nunggu', 'tempat', 'ngapain', 'seharusnya']","['bukannya dia udah di tempat yang seharusnya bisa menghabisi koruptor ngapain nunggu jadi presiden politisi emanglah radarada semua', 'bukannya dia udah di tempat yang seharusnya bisa menghabisi koruptor ngapain nunggu jadi presiden politisi emanglah radarada semua', 'bukannya dia udah di tempat yang seharusnya bisa menghabisi koruptor ngapain nunggu jadi presiden politisi emanglah radarada semua']"
24,53,24_dibandingin_atau_dikomentari_donnie,"['dibandingin', 'atau', 'dikomentari', 'donnie', 'pengamatan', 'syahrir', 'manteman', 'kejauhan', 'malik', 'adam']","['gara invasi donnie ke venezuela jangan kejauhan dibandingin dengan syahrir atau agus salim atau adam malik deh coba dibandingin sama yg paling deket barusan retno marsudi silakan dikomentari kinerja menlu kita sesuai pengamatan manteman', 'gara invasi donnie ke venezuela jangan kejauhan dibandingin dengan syahrir atau agus salim atau adam malik deh coba dibandingin sama yg paling deket barusan retno marsudi silakan dikomentari kinerja menlu kita sesuai pengamatan manteman', 'gara invasi donnie ke venezuela jangan kejauhan dibandingin dengan syahrir atau agus salim atau adam malik deh coba dibandingin sama yg paling deket barusan retno marsudi silakan dikomentari kinerja menlu kita sesuai pengamatan manteman']"
25,53,25_pembenci_mohon_maaf_bagi,"['pembenci', 'mohon', 'maaf', 'bagi', 'para', 'presiden', '', '', '', '']","['mohon maaf bagi para pembenci presiden', 'mohon maaf bagi para pembenci presiden', 'mohon maaf bagi para pembenci presiden']"
26,52,26_dgn_as_yg_tidak,"['dgn', 'as', 'yg', 'tidak', 'berpendirian', 'bermitra', 'sungkantakut', 'iraq', 'penurut', 'south']","['saya heran membaca pernyataan re venezuela yg sangat standar dan sama sekali tidak menyebut amerika serikat sejak kapan kita sungkantakut mengkritik kawan yg lakukan pelanggaran hukum internasional kenapa menlu sugiono sampai sekarang tidak bersuara padahal dunia menunggu pandangan sbg pemain global south yg penting ini momen perlu percaya diri menunjukkan sikap sama ketika kita dulu menentang invasi as thdp iraq bebas aktif itu artinya berani berpendirian bermitra dgn as dan dgn negara manapun tidak boleh menjadikan negara penurut yg mengorbankan hal yg prinsipil', 'saya heran membaca pernyataan re venezuela yg sangat standar dan sama sekali tidak menyebut amerika serikat sejak kapan kita sungkantakut mengkritik kawan yg lakukan pelanggaran hukum internasional kenapa menlu sugiono sampai sekarang tidak bersuara padahal dunia menunggu pandangan sbg pemain global south yg penting ini momen perlu percaya diri menunjukkan sikap sama ketika kita dulu menentang invasi as thdp iraq bebas aktif itu artinya berani berpendirian bermitra dgn as dan dgn negara manapun tidak boleh menjadikan negara penurut yg mengorbankan hal yg prinsipil', 'saya heran membaca pernyataan re venezuela yg sangat standar dan sama sekali tidak menyebut amerika serikat sejak kapan kita sungkantakut mengkritik kawan yg lakukan pelanggaran hukum internasional kenapa menlu sugiono sampai sekarang tidak bersuara padahal dunia menunggu pandangan sbg pemain global south yg penting ini momen perlu percaya diri menunjukkan sikap sama ketika kita dulu menentang invasi as thdp iraq bebas aktif itu artinya berani berpendirian bermitra dgn as dan dgn negara manapun tidak boleh menjadikan negara penurut yg mengorbankan hal yg prinsipil']"
27,51,27_wn_brutal_terancam_area,"['wn', 'brutal', 'terancam', 'area', 'bersenjata', 'tambang', 'aksi', 'emas', 'serang', 'kedaulatan']","['kedaulatan negara sudah terancam secara nyata aksi brutal wn china bersenjata serang tni di area tambang emas', 'kedaulatan negara sudah terancam secara nyata aksi brutal wn china bersenjata serang tni di area tambang emas', 'kedaulatan negara sudah terancam secara nyata aksi brutal wn china bersenjata serang tni di area tambang emas']"
28,50,28_emanglah_menghabisi_radarada_politisi,"['emanglah', 'menghabisi', 'radarada', 'politisi', 'koruptor', 'bukannya', 'nunggu', 'tempat', 'ngapain', 'seharusnya']","['bukannya dia udah di tempat yang seharusnya bisa menghabisi koruptor ngapain nunggu jadi presiden politisi emanglah radarada semua', 'bukannya dia udah di tempat yang seharusnya bisa menghabisi koruptor ngapain nunggu jadi presiden politisi emanglah radarada semua', 'bukannya dia udah di tempat yang seharusnya bisa menghabisi koruptor ngapain nunggu jadi presiden politisi emanglah radarada semua']"
29,50,29_baik_baru_lebih_tahun,"['baik', 'baru', 'lebih', 'tahun', 'melangkah', 'menyala', 'maju', 'semakin', 'semangat', 'semoga']","['selamat tahun baru semoga di tahun yang baru ini kita dapat melangkah lebih baik dengan semangat yang terus menyala demi indonesia yang semakin maju dan lebih baik', 'selamat tahun baru semoga di tahun yang baru ini kita dapat melangkah lebih baik dengan semangat yang terus menyala demi indonesia yang semakin maju dan lebih baik', 'selamat tahun baru semoga di tahun yang baru ini kita dapat melangkah lebih baik dengan semangat yang terus menyala demi indonesia yang semakin maju dan lebih baik']"
30,47,30_dgn_as_yg_tidak,"['dgn', 'as', 'yg', 'tidak', 'berpendirian', 'bermitra', 'sungkantakut', 'iraq', 'penurut', 'south']","['saya heran membaca pernyataan re venezuela yg sangat standar dan sama sekali tidak menyebut amerika serikat sejak kapan kita sungkantakut mengkritik kawan yg lakukan pelanggaran hukum internasional kenapa menlu sugiono sampai sekarang tidak bersuara padahal dunia menunggu pandangan sbg pemain global south yg penting ini momen perlu percaya diri menunjukkan sikap sama ketika kita dulu menentang invasi as thdp iraq bebas aktif itu artinya berani berpendirian bermitra dgn as dan dgn negara manapun tidak boleh menjadikan negara penurut yg mengorbankan hal yg prinsipil', 'saya heran membaca pernyataan re venezuela yg sangat standar dan sama sekali tidak menyebut amerika serikat sejak kapan kita sungkantakut mengkritik kawan yg lakukan pelanggaran hukum internasional kenapa menlu sugiono sampai sekarang tidak bersuara padahal dunia menunggu pandangan sbg pemain global south yg penting ini momen perlu percaya diri menunjukkan sikap sama ketika kita dulu menentang invasi as thdp iraq bebas aktif itu artinya berani berpendirian bermitra dgn as dan dgn negara manapun tidak boleh menjadikan negara penurut yg mengorbankan hal yg prinsipil', 'saya heran membaca pernyataan re venezuela yg sangat standar dan sama sekali tidak menyebut amerika serikat sejak kapan kita sungkantakut mengkritik kawan yg lakukan pelanggaran hukum internasional kenapa menlu sugiono sampai sekarang tidak bersuara padahal dunia menunggu pandangan sbg pemain global south yg penting ini momen perlu percaya diri menunjukkan sikap sama ketika kita dulu menentang invasi as thdp iraq bebas aktif itu artinya berani berpendirian bermitra dgn as dan dgn negara manapun tidak boleh menjadikan negara penurut yg mengorbankan hal yg prinsipil']"
31,47,31_dgn_as_yg_tidak,"['dgn', 'as', 'yg', 'tidak', 'berpendirian', 'bermitra', 'sungkantakut', 'iraq', 'penurut', 'south']","['saya heran membaca pernyataan re venezuela yg sangat standar dan sama sekali tidak menyebut amerika serikat sejak kapan kita sungkantakut mengkritik kawan yg lakukan pelanggaran hukum internasional kenapa menlu sugiono sampai sekarang tidak bersuara padahal dunia menunggu pandangan sbg pemain global south yg penting ini momen perlu percaya diri menunjukkan sikap sama ketika kita dulu menentang invasi as thdp iraq bebas aktif itu artinya berani berpendirian bermitra dgn as dan dgn negara manapun tidak boleh menjadikan negara penurut yg mengorbankan hal yg prinsipil', 'saya heran membaca pernyataan re venezuela yg sangat standar dan sama sekali tidak menyebut amerika serikat sejak kapan kita sungkantakut mengkritik kawan yg lakukan pelanggaran hukum internasional kenapa menlu sugiono sampai sekarang tidak bersuara padahal dunia menunggu pandangan sbg pemain global south yg penting ini momen perlu percaya diri menunjukkan sikap sama ketika kita dulu menentang invasi as thdp iraq bebas aktif itu artinya berani berpendirian bermitra dgn as dan dgn negara manapun tidak boleh menjadikan negara penurut yg mengorbankan hal yg prinsipil', 'saya heran membaca pernyataan re venezuela yg sangat standar dan sama sekali tidak menyebut amerika serikat sejak kapan kita sungkantakut mengkritik kawan yg lakukan pelanggaran hukum internasional kenapa menlu sugiono sampai sekarang tidak bersuara padahal dunia menunggu pandangan sbg pemain global south yg penting ini momen perlu percaya diri menunjukkan sikap sama ketika kita dulu menentang invasi as thdp iraq bebas aktif itu artinya berani berpendirian bermitra dgn as dan dgn negara manapun tidak boleh menjadikan negara penurut yg mengorbankan hal yg prinsipil']"
32,47,32_ladang_tangerang_jagung_bantarpanjang,"['ladang', 'tangerang', 'jagung', 'bantarpanjang', 'tigaraksa', 'terbengkalai', 'polresta', 'ditumbuhi', 'diresmikan', 'rumput']","['polresta tangerang akan melakukan evaluasi terhadap ladang jagung yang terbengkalai dan ditumbuhi rumput liar di desa bantarpanjang kecamatan tigaraksa kabupaten tangerang banten ladang jagung ini sebelumnya diresmikan wakil presiden ri gibran rakabuming raka untuk program', 'polresta tangerang akan melakukan evaluasi terhadap ladang jagung yang terbengkalai dan ditumbuhi rumput liar di desa bantarpanjang kecamatan tigaraksa kabupaten tangerang banten ladang jagung ini sebelumnya diresmikan wakil presiden ri gibran rakabuming raka untuk program', 'polresta tangerang akan melakukan evaluasi terhadap ladang jagung yang terbengkalai dan ditumbuhi rumput liar di desa bantarpanjang kecamatan tigaraksa kabupaten tangerang banten ladang jagung ini sebelumnya diresmikan wakil presiden ri gibran rakabuming raka untuk program']"
33,46,33_dgn_as_yg_tidak,"['dgn', 'as', 'yg', 'tidak', 'berpendirian', 'bermitra', 'sungkantakut', 'iraq', 'penurut', 'south']","['saya heran membaca pernyataan re venezuela yg sangat standar dan sama sekali tidak menyebut amerika serikat sejak kapan kita sungkantakut mengkritik kawan yg lakukan pelanggaran hukum internasional kenapa menlu sugiono sampai sekarang tidak bersuara padahal dunia menunggu pandangan sbg pemain global south yg penting ini momen perlu percaya diri menunjukkan sikap sama ketika kita dulu menentang invasi as thdp iraq bebas aktif itu artinya berani berpendirian bermitra dgn as dan dgn negara manapun tidak boleh menjadikan negara penurut yg mengorbankan hal yg prinsipil', 'saya heran membaca pernyataan re venezuela yg sangat standar dan sama sekali tidak menyebut amerika serikat sejak kapan kita sungkantakut mengkritik kawan yg lakukan pelanggaran hukum internasional kenapa menlu sugiono sampai sekarang tidak bersuara padahal dunia menunggu pandangan sbg pemain global south yg penting ini momen perlu percaya diri menunjukkan sikap sama ketika kita dulu menentang invasi as thdp iraq bebas aktif itu artinya berani berpendirian bermitra dgn as dan dgn negara manapun tidak boleh menjadikan negara penurut yg mengorbankan hal yg prinsipil', 'saya heran membaca pernyataan re venezuela yg sangat standar dan sama sekali tidak menyebut amerika serikat sejak kapan kita sungkantakut mengkritik kawan yg lakukan pelanggaran hukum internasional kenapa menlu sugiono sampai sekarang tidak bersuara padahal dunia menunggu pandangan sbg pemain global south yg penting ini momen perlu percaya diri menunjukkan sikap sama ketika kita dulu menentang invasi as thdp iraq bebas aktif itu artinya berani berpendirian bermitra dgn as dan dgn negara manapun tidak boleh menjadikan negara penurut yg mengorbankan hal yg prinsipil']"
34,46,34_sekolah_rakyat_kesehatan_gratis,"['sekolah', 'rakyat', 'kesehatan', 'gratis', 'makin', 'lewat', 'mbg', 'prabowo', 'skrining', 'cetak']","['presiden prabowo selalu support inovasi pendidikan sekolah rakyat jadi bukti nyata', 'presiden prabowo buktiin pendidikan bisa jadi kunci keluar dari kemiskinan lewat sekolah rakyat', 'presiden prabowo buktikan komitmen lewat sekolah rakyat rakyat makin percaya diri']"
35,44,35_kinerjanya_biasanya_sedikit_kementrian,"['kinerjanya', 'biasanya', 'sedikit', 'kementrian', 'rasanya', 'bagus', 'bawah', 'gimana', 'ya', 'salah']","['biasanya salah satu dari sedikit kementrian yg kinerjanya bagus ya kemenlu sekarang gimana ya rasanya mereka kerja di bawah orang ini', 'biasanya salah satu dari sedikit kementrian yg kinerjanya bagus ya kemenlu sekarang gimana ya rasanya mereka kerja di bawah orang ini', 'biasanya salah satu dari sedikit kementrian yg kinerjanya bagus ya kemenlu sekarang gimana ya rasanya mereka kerja di bawah orang ini']"
36,44,36_pasca_pulihkan_bangkit_infrastruktur,"['pasca', 'pulihkan', 'bangkit', 'infrastruktur', 'darurat', 'akses', 'bencana', 'prabowo', 'masyarakat', 'percepatan']","['presiden prabowo memastikan pembangunan akses darurat dipercepat supaya ekonomi warga kembali bergerak prabowo pulihkan infrastruktur sebagai jalan menuju bangkit pasca bencana', 'presiden prabowo mendorong percepatan pembangunan jalur darurat prabowo pulihkan infrastruktur untuk bangkit pasca bencana', 'presiden prabowo mendorong pembangunan akses darurat prabowo pulihkan infrastruktur supaya warga bangkit pasca bencana']"
37,44,37_dgn_as_yg_tidak,"['dgn', 'as', 'yg', 'tidak', 'berpendirian', 'bermitra', 'sungkantakut', 'iraq', 'penurut', 'south']","['saya heran membaca pernyataan re venezuela yg sangat standar dan sama sekali tidak menyebut amerika serikat sejak kapan kita sungkantakut mengkritik kawan yg lakukan pelanggaran hukum internasional kenapa menlu sugiono sampai sekarang tidak bersuara padahal dunia menunggu pandangan sbg pemain global south yg penting ini momen perlu percaya diri menunjukkan sikap sama ketika kita dulu menentang invasi as thdp iraq bebas aktif itu artinya berani berpendirian bermitra dgn as dan dgn negara manapun tidak boleh menjadikan negara penurut yg mengorbankan hal yg prinsipil', 'saya heran membaca pernyataan re venezuela yg sangat standar dan sama sekali tidak menyebut amerika serikat sejak kapan kita sungkantakut mengkritik kawan yg lakukan pelanggaran hukum internasional kenapa menlu sugiono sampai sekarang tidak bersuara padahal dunia menunggu pandangan sbg pemain global south yg penting ini momen perlu percaya diri menunjukkan sikap sama ketika kita dulu menentang invasi as thdp iraq bebas aktif itu artinya berani berpendirian bermitra dgn as dan dgn negara manapun tidak boleh menjadikan negara penurut yg mengorbankan hal yg prinsipil', 'saya heran membaca pernyataan re venezuela yg sangat standar dan sama sekali tidak menyebut amerika serikat sejak kapan kita sungkantakut mengkritik kawan yg lakukan pelanggaran hukum internasional kenapa menlu sugiono sampai sekarang tidak bersuara padahal dunia menunggu pandangan sbg pemain global south yg penting ini momen perlu percaya diri menunjukkan sikap sama ketika kita dulu menentang invasi as thdp iraq bebas aktif itu artinya berani berpendirian bermitra dgn as dan dgn negara manapun tidak boleh menjadikan negara penurut yg mengorbankan hal yg prinsipil']"
38,43,38_dgn_as_yg_tidak,"['dgn', 'as', 'yg', 'tidak', 'berpendirian', 'bermitra', 'sungkantakut', 'iraq', 'penurut', 'south']","['saya heran membaca pernyataan re venezuela yg sangat standar dan sama sekali tidak menyebut amerika serikat sejak kapan kita sungkantakut mengkritik kawan yg lakukan pelanggaran hukum internasional kenapa menlu sugiono sampai sekarang tidak bersuara padahal dunia menunggu pandangan sbg pemain global south yg penting ini momen perlu percaya diri menunjukkan sikap sama ketika kita dulu menentang invasi as thdp iraq bebas aktif itu artinya berani berpendirian bermitra dgn as dan dgn negara manapun tidak boleh menjadikan negara penurut yg mengorbankan hal yg prinsipil', 'saya heran membaca pernyataan re venezuela yg sangat standar dan sama sekali tidak menyebut amerika serikat sejak kapan kita sungkantakut mengkritik kawan yg lakukan pelanggaran hukum internasional kenapa menlu sugiono sampai sekarang tidak bersuara padahal dunia menunggu pandangan sbg pemain global south yg penting ini momen perlu percaya diri menunjukkan sikap sama ketika kita dulu menentang invasi as thdp iraq bebas aktif itu artinya berani berpendirian bermitra dgn as dan dgn negara manapun tidak boleh menjadikan negara penurut yg mengorbankan hal yg prinsipil', 'saya heran membaca pernyataan re venezuela yg sangat standar dan sama sekali tidak menyebut amerika serikat sejak kapan kita sungkantakut mengkritik kawan yg lakukan pelanggaran hukum internasional kenapa menlu sugiono sampai sekarang tidak bersuara padahal dunia menunggu pandangan sbg pemain global south yg penting ini momen perlu percaya diri menunjukkan sikap sama ketika kita dulu menentang invasi as thdp iraq bebas aktif itu artinya berani berpendirian bermitra dgn as dan dgn negara manapun tidak boleh menjadikan negara penurut yg mengorbankan hal yg prinsipil']"
39,42,39_menyusun_ruupemilu_selangkah_mengegolkannya,"['menyusun', 'ruupemilu', 'selangkah', 'mengegolkannya', 'politikus', 'skenario', 'tempo', 'pemilihan', 'sistem', 'ambisi']","['ambisi presiden prabowo subianto mengganti sistem pemilihan kepala daerah tinggal selangkah lagi para politikus menyusun skenario untuk mengegolkannya tempo ruupemilu pilkada', 'ambisi presiden prabowo subianto mengganti sistem pemilihan kepala daerah tinggal selangkah lagi para politikus menyusun skenario untuk mengegolkannya tempo ruupemilu pilkada', 'ambisi presiden prabowo subianto mengganti sistem pemilihan kepala daerah tinggal selangkah lagi para politikus menyusun skenario untuk mengegolkannya tempo ruupemilu pilkada']"
40,42,40_dgn_as_yg_tidak,"['dgn', 'as', 'yg', 'tidak', 'berpendirian', 'bermitra', 'sungkantakut', 'iraq', 'penurut', 'south']","['saya heran membaca pernyataan re venezuela yg sangat standar dan sama sekali tidak menyebut amerika serikat sejak kapan kita sungkantakut mengkritik kawan yg lakukan pelanggaran hukum internasional kenapa menlu sugiono sampai sekarang tidak bersuara padahal dunia menunggu pandangan sbg pemain global south yg penting ini momen perlu percaya diri menunjukkan sikap sama ketika kita dulu menentang invasi as thdp iraq bebas aktif itu artinya berani berpendirian bermitra dgn as dan dgn negara manapun tidak boleh menjadikan negara penurut yg mengorbankan hal yg prinsipil', 'saya heran membaca pernyataan re venezuela yg sangat standar dan sama sekali tidak menyebut amerika serikat sejak kapan kita sungkantakut mengkritik kawan yg lakukan pelanggaran hukum internasional kenapa menlu sugiono sampai sekarang tidak bersuara padahal dunia menunggu pandangan sbg pemain global south yg penting ini momen perlu percaya diri menunjukkan sikap sama ketika kita dulu menentang invasi as thdp iraq bebas aktif itu artinya berani berpendirian bermitra dgn as dan dgn negara manapun tidak boleh menjadikan negara penurut yg mengorbankan hal yg prinsipil', 'saya heran membaca pernyataan re venezuela yg sangat standar dan sama sekali tidak menyebut amerika serikat sejak kapan kita sungkantakut mengkritik kawan yg lakukan pelanggaran hukum internasional kenapa menlu sugiono sampai sekarang tidak bersuara padahal dunia menunggu pandangan sbg pemain global south yg penting ini momen perlu percaya diri menunjukkan sikap sama ketika kita dulu menentang invasi as thdp iraq bebas aktif itu artinya berani berpendirian bermitra dgn as dan dgn negara manapun tidak boleh menjadikan negara penurut yg mengorbankan hal yg prinsipil']"
41,42,41_dgn_as_yg_tidak,"['dgn', 'as', 'yg', 'tidak', 'berpendirian', 'bermitra', 'sungkantakut', 'iraq', 'penurut', 'south']","['saya heran membaca pernyataan re venezuela yg sangat standar dan sama sekali tidak menyebut amerika serikat sejak kapan kita sungkantakut mengkritik kawan yg lakukan pelanggaran hukum internasional kenapa menlu sugiono sampai sekarang tidak bersuara padahal dunia menunggu pandangan sbg pemain global south yg penting ini momen perlu percaya diri menunjukkan sikap sama ketika kita dulu menentang invasi as thdp iraq bebas aktif itu artinya berani berpendirian bermitra dgn as dan dgn negara manapun tidak boleh menjadikan negara penurut yg mengorbankan hal yg prinsipil', 'saya heran membaca pernyataan re venezuela yg sangat standar dan sama sekali tidak menyebut amerika serikat sejak kapan kita sungkantakut mengkritik kawan yg lakukan pelanggaran hukum internasional kenapa menlu sugiono sampai sekarang tidak bersuara padahal dunia menunggu pandangan sbg pemain global south yg penting ini momen perlu percaya diri menunjukkan sikap sama ketika kita dulu menentang invasi as thdp iraq bebas aktif itu artinya berani berpendirian bermitra dgn as dan dgn negara manapun tidak boleh menjadikan negara penurut yg mengorbankan hal yg prinsipil', 'saya heran membaca pernyataan re venezuela yg sangat standar dan sama sekali tidak menyebut amerika serikat sejak kapan kita sungkantakut mengkritik kawan yg lakukan pelanggaran hukum internasional kenapa menlu sugiono sampai sekarang tidak bersuara padahal dunia menunggu pandangan sbg pemain global south yg penting ini momen perlu percaya diri menunjukkan sikap sama ketika kita dulu menentang invasi as thdp iraq bebas aktif itu artinya berani berpendirian bermitra dgn as dan dgn negara manapun tidak boleh menjadikan negara penurut yg mengorbankan hal yg prinsipil']"
42,40,42_dgn_as_yg_tidak,"['dgn', 'as', 'yg', 'tidak', 'berpendirian', 'bermitra', 'sungkantakut', 'iraq', 'penurut', 'south']","['saya heran membaca pernyataan re venezuela yg sangat standar dan sama sekali tidak menyebut amerika serikat sejak kapan kita sungkantakut mengkritik kawan yg lakukan pelanggaran hukum internasional kenapa menlu sugiono sampai sekarang tidak bersuara padahal dunia menunggu pandangan sbg pemain global south yg penting ini momen perlu percaya diri menunjukkan sikap sama ketika kita dulu menentang invasi as thdp iraq bebas aktif itu artinya berani berpendirian bermitra dgn as dan dgn negara manapun tidak boleh menjadikan negara penurut yg mengorbankan hal yg prinsipil', 'saya heran membaca pernyataan re venezuela yg sangat standar dan sama sekali tidak menyebut amerika serikat sejak kapan kita sungkantakut mengkritik kawan yg lakukan pelanggaran hukum internasional kenapa menlu sugiono sampai sekarang tidak bersuara padahal dunia menunggu pandangan sbg pemain global south yg penting ini momen perlu percaya diri menunjukkan sikap sama ketika kita dulu menentang invasi as thdp iraq bebas aktif itu artinya berani berpendirian bermitra dgn as dan dgn negara manapun tidak boleh menjadikan negara penurut yg mengorbankan hal yg prinsipil', 'saya heran membaca pernyataan re venezuela yg sangat standar dan sama sekali tidak menyebut amerika serikat sejak kapan kita sungkantakut mengkritik kawan yg lakukan pelanggaran hukum internasional kenapa menlu sugiono sampai sekarang tidak bersuara padahal dunia menunggu pandangan sbg pemain global south yg penting ini momen perlu percaya diri menunjukkan sikap sama ketika kita dulu menentang invasi as thdp iraq bebas aktif itu artinya berani berpendirian bermitra dgn as dan dgn negara manapun tidak boleh menjadikan negara penurut yg mengorbankan hal yg prinsipil']"
43,40,43_dgn_as_yg_tidak,"['dgn', 'as', 'yg', 'tidak', 'berpendirian', 'bermitra', 'sungkantakut', 'iraq', 'penurut', 'south']","['saya heran membaca pernyataan re venezuela yg sangat standar dan sama sekali tidak menyebut amerika serikat sejak kapan kita sungkantakut mengkritik kawan yg lakukan pelanggaran hukum internasional kenapa menlu sugiono sampai sekarang tidak bersuara padahal dunia menunggu pandangan sbg pemain global south yg penting ini momen perlu percaya diri menunjukkan sikap sama ketika kita dulu menentang invasi as thdp iraq bebas aktif itu artinya berani berpendirian bermitra dgn as dan dgn negara manapun tidak boleh menjadikan negara penurut yg mengorbankan hal yg prinsipil', 'saya heran membaca pernyataan re venezuela yg sangat standar dan sama sekali tidak menyebut amerika serikat sejak kapan kita sungkantakut mengkritik kawan yg lakukan pelanggaran hukum internasional kenapa menlu sugiono sampai sekarang tidak bersuara padahal dunia menunggu pandangan sbg pemain global south yg penting ini momen perlu percaya diri menunjukkan sikap sama ketika kita dulu menentang invasi as thdp iraq bebas aktif itu artinya berani berpendirian bermitra dgn as dan dgn negara manapun tidak boleh menjadikan negara penurut yg mengorbankan hal yg prinsipil', 'saya heran membaca pernyataan re venezuela yg sangat standar dan sama sekali tidak menyebut amerika serikat sejak kapan kita sungkantakut mengkritik kawan yg lakukan pelanggaran hukum internasional kenapa menlu sugiono sampai sekarang tidak bersuara padahal dunia menunggu pandangan sbg pemain global south yg penting ini momen perlu percaya diri menunjukkan sikap sama ketika kita dulu menentang invasi as thdp iraq bebas aktif itu artinya berani berpendirian bermitra dgn as dan dgn negara manapun tidak boleh menjadikan negara penurut yg mengorbankan hal yg prinsipil']"
44,40,44_ilegalmelihat_flora_relevan_masifnya,"['ilegalmelihat', 'flora', 'relevan', 'masifnya', 'memilah', 'kehancuran', 'kematian', 'gelondongan', 'legal', 'kerusakan']","['pak presiden saat ini setelah bencana banjir longsor lumpur kayu gelondongan sudah tidak relevan lagi memilah yg legal dan ilegalmelihat masifnya kerusakan kehancuran lingkungan infrastruktur kematian kehidupan rakyat yg kehilangan ayah ibu anak saudara flora', 'pak presiden saat ini setelah bencana banjir longsor lumpur kayu gelondongan sudah tidak relevan lagi memilah yg legal dan ilegalmelihat masifnya kerusakan kehancuran lingkungan infrastruktur kematian kehidupan rakyat yg kehilangan ayah ibu anak saudara flora', 'pak presiden saat ini setelah bencana banjir longsor lumpur kayu gelondongan sudah tidak relevan lagi memilah yg legal dan ilegalmelihat masifnya kerusakan kehancuran lingkungan infrastruktur kematian kehidupan rakyat yg kehilangan ayah ibu anak saudara flora']"
45,40,45_datang_rekonstruksi_pascabencana_bangun,"['datang', 'rekonstruksi', 'pascabencana', 'bangun', 'jalan', 'kembali', 'listrik', 'rumah', 'kalinya', 'diganti']","['tiga kali datang bukan sekadar simbol presiden prabowo memastikan negara kerja prabowo bangun kembali melalui rekonstruksi pascabencana rumah rusak diganti jalan listrik dibangun ulang gotong royong jadi kunci', 'prabowo bangun kembali saat presiden prabowo untuk ketiga kalinya datang ke lokasi banjir dan longsor rekonstruksi pascabencana negara hadir mengganti rumah memulihkan listrik jalan dan infrastruktur mengajak rakyat gotong royong bangkit bersama', 'untuk ketiga kalinya presiden prabowo datang memastikan prabowo bangun kembali melalui rekonstruksi pascabencana']"
46,39,46_tanziha_kualat_dirapel_dikorupsi,"['tanziha', 'kualat', 'dirapel', 'dikorupsi', 'dimainin', 'ikeu', 'pakar', 'bgn', 'ingat', 'isinya']","['mbg dirapel buat satu minggu tapi isinya seperti ini jadi ingat kata dewan pakar bgn ikeu tanziha harus bersyukur gw mau tanya nih kira yang begini dikorupsi atau gak pak rakyat kecil jgn dimainin trus nanti kualat cc', 'mbg dirapel buat satu minggu tapi isinya seperti ini jadi ingat kata dewan pakar bgn ikeu tanziha harus bersyukur gw mau tanya nih kira yang begini dikorupsi atau gak pak rakyat kecil jgn dimainin trus nanti kualat cc', 'mbg dirapel buat satu minggu tapi isinya seperti ini jadi ingat kata dewan pakar bgn ikeu tanziha harus bersyukur gw mau tanya nih kira yang begini dikorupsi atau gak pak rakyat kecil jgn dimainin trus nanti kualat cc']"
47,38,47_layaknya_inkompetensi_dino_betapa,"['layaknya', 'inkompetensi', 'dino', 'betapa', 'kompeten', 'ham', 'sedang', 'menjawab', 'anda', 'malah']","['pak dino sedang mengkritik inkompetensi menlu terus anda malah menjawab dengan menunjukkan betapa tidak kompeten dan layaknya seorang menteri ham', 'pak dino sedang mengkritik inkompetensi menlu terus anda malah menjawab dengan menunjukkan betapa tidak kompeten dan layaknya seorang menteri ham', 'pak dino sedang mengkritik inkompetensi menlu terus anda malah menjawab dengan menunjukkan betapa tidak kompeten dan layaknya seorang menteri ham']"
48,38,48_layaknya_inkompetensi_dino_betapa,"['layaknya', 'inkompetensi', 'dino', 'betapa', 'kompeten', 'ham', 'sedang', 'menjawab', 'anda', 'malah']","['pak dino sedang mengkritik inkompetensi menlu terus anda malah menjawab dengan menunjukkan betapa tidak kompeten dan layaknya seorang menteri ham', 'pak dino sedang mengkritik inkompetensi menlu terus anda malah menjawab dengan menunjukkan betapa tidak kompeten dan layaknya seorang menteri ham', 'pak dino sedang mengkritik inkompetensi menlu terus anda malah menjawab dengan menunjukkan betapa tidak kompeten dan layaknya seorang menteri ham']"
49,38,49_tau_kalo_diculik_info,"['tau', 'kalo', 'diculik', 'info', 'cari', 'menculik', 'mana', 'sih', 'soal', 'aku']","['kalo mau tau soal presiden diculik cari info di mana ya kalo presiden menculik sih aku udah tau', 'kalo mau tau soal presiden diculik cari info di mana ya kalo presiden menculik sih aku udah tau', 'kalo mau tau soal presiden diculik cari info di mana ya kalo presiden menculik sih aku udah tau']"
50,38,50_akad_seakanakan_subsidi_kritikkritik,"['akad', 'seakanakan', 'subsidi', 'kritikkritik', 'massal', 'bravo', 'seakan', 'hadir', 'ribu', 'terlihat']","['kegiatan akad massal ribu rumah subsidi hari sabtu lalu di serang banten di sini terlihat kalau menlu ri hadir seakan menjawab kritikkritik di luar sana bahwa seakanakan menlu ri tidak hadir dan bekerja bravo', 'kegiatan akad massal ribu rumah subsidi hari sabtu lalu di serang banten di sini terlihat kalau menlu ri hadir seakan menjawab kritikkritik di luar sana bahwa seakanakan menlu ri tidak hadir dan bekerja bravo', 'kegiatan akad massal ribu rumah subsidi hari sabtu lalu di serang banten di sini terlihat kalau menlu ri hadir seakan menjawab kritikkritik di luar sana bahwa seakanakan menlu ri tidak hadir dan bekerja bravo']"
51,38,51_dino_inkompetensi_layaknya_betapa,"['dino', 'inkompetensi', 'layaknya', 'betapa', 'kompeten', 'ham', 'sedang', 'menjawab', 'anda', 'malah']","['pak dino sedang mengkritik inkompetensi menlu terus anda malah menjawab dengan menunjukkan betapa tidak kompeten dan layaknya seorang menteri ham', 'pak dino sedang mengkritik inkompetensi menlu terus anda malah menjawab dengan menunjukkan betapa tidak kompeten dan layaknya seorang menteri ham', 'pak dino sedang mengkritik inkompetensi menlu terus anda malah menjawab dengan menunjukkan betapa tidak kompeten dan layaknya seorang menteri ham']"
52,38,52_dgn_as_yg_tidak,"['dgn', 'as', 'yg', 'tidak', 'berpendirian', 'bermitra', 'sungkantakut', 'iraq', 'penurut', 'south']","['saya heran membaca pernyataan re venezuela yg sangat standar dan sama sekali tidak menyebut amerika serikat sejak kapan kita sungkantakut mengkritik kawan yg lakukan pelanggaran hukum internasional kenapa menlu sugiono sampai sekarang tidak bersuara padahal dunia menunggu pandangan sbg pemain global south yg penting ini momen perlu percaya diri menunjukkan sikap sama ketika kita dulu menentang invasi as thdp iraq bebas aktif itu artinya berani berpendirian bermitra dgn as dan dgn negara manapun tidak boleh menjadikan negara penurut yg mengorbankan hal yg prinsipil', 'saya heran membaca pernyataan re venezuela yg sangat standar dan sama sekali tidak menyebut amerika serikat sejak kapan kita sungkantakut mengkritik kawan yg lakukan pelanggaran hukum internasional kenapa menlu sugiono sampai sekarang tidak bersuara padahal dunia menunggu pandangan sbg pemain global south yg penting ini momen perlu percaya diri menunjukkan sikap sama ketika kita dulu menentang invasi as thdp iraq bebas aktif itu artinya berani berpendirian bermitra dgn as dan dgn negara manapun tidak boleh menjadikan negara penurut yg mengorbankan hal yg prinsipil', 'saya heran membaca pernyataan re venezuela yg sangat standar dan sama sekali tidak menyebut amerika serikat sejak kapan kita sungkantakut mengkritik kawan yg lakukan pelanggaran hukum internasional kenapa menlu sugiono sampai sekarang tidak bersuara padahal dunia menunggu pandangan sbg pemain global south yg penting ini momen perlu percaya diri menunjukkan sikap sama ketika kita dulu menentang invasi as thdp iraq bebas aktif itu artinya berani berpendirian bermitra dgn as dan dgn negara manapun tidak boleh menjadikan negara penurut yg mengorbankan hal yg prinsipil']"
53,37,53_hrs_saudi_arabia_dipojokkan,"['hrs', 'saudi', 'arabia', 'dipojokkan', 'ironis', 'reynhard', 'ahlanwasahlanibhrs', 'kriminal', 'super', 'sungguh']","['reynhard di inggris yg jelas super kriminal n memalukan indonesia diberi bantuan hukum habib rizieq shihab hrs di saudi arabia malah dipojokkan pernyataan menko n dubes ri di saudi sungguh tak adil n ironis selamat datang hrs ahlanwasahlanibhrs', 'reynhard di inggris yg jelas super kriminal n memalukan indonesia diberi bantuan hukum habib rizieq shihab hrs di saudi arabia malah dipojokkan pernyataan menko n dubes ri di saudi sungguh tak adil n ironis selamat datang hrs ahlanwasahlanibhrs', 'reynhard di inggris yg jelas super kriminal n memalukan indonesia diberi bantuan hukum habib rizieq shihab hrs di saudi arabia malah dipojokkan pernyataan menko n dubes ri di saudi sungguh tak adil n ironis selamat datang hrs ahlanwasahlanibhrs']"
54,37,54_rekonstruksi_pascabencana_bangun_kembali,"['rekonstruksi', 'pascabencana', 'bangun', 'kembali', 'lapangan', 'rumah', 'berat', 'jalan', 'rusak', 'diganti']","['di lapangan yang berat prabowo bangun kembali tetap mendorong harapan rekonstruksi pascabencana dilakukan agar rumah rusak diganti dan aktivitas warga pulih', 'prabowo bangun kembali dengan rekonstruksi pascabencana hadir langsung untuk ketiga kalinya memastikan rumah yang rusak diganti listrik jalan dan infrastruktur dipulihkan secepatnya negara dan rakyat bergerak bersama dalam semangat gotong royong', 'prabowo bangun kembali infrastruktur yang terdampak bencana rekonstruksi pascabencana']"
55,37,55_melimpah_nuklirnya_perlakuan_sumberdaya,"['melimpah', 'nuklirnya', 'perlakuan', 'sumberdaya', 'berlalu', 'tampak', 'dijajah', 'akal', 'nuklir', 'aturan']","['dulu dianggap orang gila dengan ambisi nuklirnya sekarang tampak masuk akal perlakuan trump terhadap pelanggaran kedaulatan venezuela bukti bahwa aturan internasional tidak lagi berlalu negara dg sumberdaya melimpah tanpa senjata nuklir hanya nunggu waktu saja untuk dijajah', 'dulu dianggap orang gila dengan ambisi nuklirnya sekarang tampak masuk akal perlakuan trump terhadap pelanggaran kedaulatan venezuela bukti bahwa aturan internasional tidak lagi berlalu negara dg sumberdaya melimpah tanpa senjata nuklir hanya nunggu waktu saja untuk dijajah', 'dulu dianggap orang gila dengan ambisi nuklirnya sekarang tampak masuk akal perlakuan trump terhadap pelanggaran kedaulatan venezuela bukti bahwa aturan internasional tidak lagi berlalu negara dg sumberdaya melimpah tanpa senjata nuklir hanya nunggu waktu saja untuk dijajah']"
56,37,56_beradab_nicolas_mengecam_keluarkan,"['beradab', 'nicolas', 'mengecam', 'keluarkan', 'sebagian', 'maduro', 'bangsa', 'besar', 'menculik', 'pemimpin']","['sebagian besar pemimpin bangsa beradab sudah keluarkan pernyataan mengecam presiden as trump karena menculik presiden venezuela nicolas maduro presiden indonesia', 'sebagian besar pemimpin bangsa beradab sudah keluarkan pernyataan mengecam presiden as trump karena menculik presiden venezuela nicolas maduro presiden indonesia', 'sebagian besar pemimpin bangsa beradab sudah keluarkan pernyataan mengecam presiden as trump karena menculik presiden venezuela nicolas maduro presiden indonesia']"
57,37,57_baik_baru_lebih_tahun,"['baik', 'baru', 'lebih', 'tahun', 'melangkah', 'menyala', 'maju', 'semakin', 'semangat', 'semoga']","['selamat tahun baru semoga di tahun yang baru ini kita dapat melangkah lebih baik dengan semangat yang terus menyala demi indonesia yang semakin maju dan lebih baik', 'selamat tahun baru semoga di tahun yang baru ini kita dapat melangkah lebih baik dengan semangat yang terus menyala demi indonesia yang semakin maju dan lebih baik', 'selamat tahun baru semoga di tahun yang baru ini kita dapat melangkah lebih baik dengan semangat yang terus menyala demi indonesia yang semakin maju dan lebih baik']"
58,36,58_baik_baru_lebih_tahun,"['baik', 'baru', 'lebih', 'tahun', 'melangkah', 'menyala', 'maju', 'semakin', 'semangat', 'semoga']","['selamat tahun baru semoga di tahun yang baru ini kita dapat melangkah lebih baik dengan semangat yang terus menyala demi indonesia yang semakin maju dan lebih baik', 'selamat tahun baru semoga di tahun yang baru ini kita dapat melangkah lebih baik dengan semangat yang terus menyala demi indonesia yang semakin maju dan lebih baik', 'selamat tahun baru semoga di tahun yang baru ini kita dapat melangkah lebih baik dengan semangat yang terus menyala demi indonesia yang semakin maju dan lebih baik']"
59,36,59_tau_kalo_diculik_info,"['tau', 'kalo', 'diculik', 'info', 'cari', 'menculik', 'mana', 'sih', 'soal', 'aku']","['kalo mau tau soal presiden diculik cari info di mana ya kalo presiden menculik sih aku udah tau', 'kalo mau tau soal presiden diculik cari info di mana ya kalo presiden menculik sih aku udah tau', 'kalo mau tau soal presiden diculik cari info di mana ya kalo presiden menculik sih aku udah tau']"
60,36,60_dgn_as_yg_tidak,"['dgn', 'as', 'yg', 'tidak', 'berpendirian', 'bermitra', 'sungkantakut', 'iraq', 'penurut', 'south']","['saya heran membaca pernyataan re venezuela yg sangat standar dan sama sekali tidak menyebut amerika serikat sejak kapan kita sungkantakut mengkritik kawan yg lakukan pelanggaran hukum internasional kenapa menlu sugiono sampai sekarang tidak bersuara padahal dunia menunggu pandangan sbg pemain global south yg penting ini momen perlu percaya diri menunjukkan sikap sama ketika kita dulu menentang invasi as thdp iraq bebas aktif itu artinya berani berpendirian bermitra dgn as dan dgn negara manapun tidak boleh menjadikan negara penurut yg mengorbankan hal yg prinsipil', 'saya heran membaca pernyataan re venezuela yg sangat standar dan sama sekali tidak menyebut amerika serikat sejak kapan kita sungkantakut mengkritik kawan yg lakukan pelanggaran hukum internasional kenapa menlu sugiono sampai sekarang tidak bersuara padahal dunia menunggu pandangan sbg pemain global south yg penting ini momen perlu percaya diri menunjukkan sikap sama ketika kita dulu menentang invasi as thdp iraq bebas aktif itu artinya berani berpendirian bermitra dgn as dan dgn negara manapun tidak boleh menjadikan negara penurut yg mengorbankan hal yg prinsipil', 'saya heran membaca pernyataan re venezuela yg sangat standar dan sama sekali tidak menyebut amerika serikat sejak kapan kita sungkantakut mengkritik kawan yg lakukan pelanggaran hukum internasional kenapa menlu sugiono sampai sekarang tidak bersuara padahal dunia menunggu pandangan sbg pemain global south yg penting ini momen perlu percaya diri menunjukkan sikap sama ketika kita dulu menentang invasi as thdp iraq bebas aktif itu artinya berani berpendirian bermitra dgn as dan dgn negara manapun tidak boleh menjadikan negara penurut yg mengorbankan hal yg prinsipil']"
61,36,61_dgn_as_yg_tidak,"['dgn', 'as', 'yg', 'tidak', 'berpendirian', 'bermitra', 'sungkantakut', 'iraq', 'penurut', 'south']","['saya heran membaca pernyataan re venezuela yg sangat standar dan sama sekali tidak menyebut amerika serikat sejak kapan kita sungkantakut mengkritik kawan yg lakukan pelanggaran hukum internasional kenapa menlu sugiono sampai sekarang tidak bersuara padahal dunia menunggu pandangan sbg pemain global south yg penting ini momen perlu percaya diri menunjukkan sikap sama ketika kita dulu menentang invasi as thdp iraq bebas aktif itu artinya berani berpendirian bermitra dgn as dan dgn negara manapun tidak boleh menjadikan negara penurut yg mengorbankan hal yg prinsipil', 'saya heran membaca pernyataan re venezuela yg sangat standar dan sama sekali tidak menyebut amerika serikat sejak kapan kita sungkantakut mengkritik kawan yg lakukan pelanggaran hukum internasional kenapa menlu sugiono sampai sekarang tidak bersuara padahal dunia menunggu pandangan sbg pemain global south yg penting ini momen perlu percaya diri menunjukkan sikap sama ketika kita dulu menentang invasi as thdp iraq bebas aktif itu artinya berani berpendirian bermitra dgn as dan dgn negara manapun tidak boleh menjadikan negara penurut yg mengorbankan hal yg prinsipil', 'saya heran membaca pernyataan re venezuela yg sangat standar dan sama sekali tidak menyebut amerika serikat sejak kapan kita sungkantakut mengkritik kawan yg lakukan pelanggaran hukum internasional kenapa menlu sugiono sampai sekarang tidak bersuara padahal dunia menunggu pandangan sbg pemain global south yg penting ini momen perlu percaya diri menunjukkan sikap sama ketika kita dulu menentang invasi as thdp iraq bebas aktif itu artinya berani berpendirian bermitra dgn as dan dgn negara manapun tidak boleh menjadikan negara penurut yg mengorbankan hal yg prinsipil']"
62,36,62_pulihkan_pasca_pemerintah_bangkit,"['pulihkan', 'pasca', 'pemerintah', 'bangkit', 'jajaran', 'berdiskusi', 'infrastruktur', 'darurat', 'akses', 'prabowo']","['presiden prabowo berdiskusi bersama jajaran pemerintah membahas percepatan akses darurat agar aktivitas warga kembali normal prabowo pulihkan infrastruktur demi masyarakat bangkit pasca bencana', 'presiden prabowo berdiskusi langsung dengan jajaran pemerintah mempercepat pembangunan akses darurat prabowo pulihkan infrastruktur demi masyarakat yang siap bangkit pasca bencana', 'presiden prabowo berdiskusi dengan jajaran pemerintah untuk percepatan akses darurat demi rakyat prabowo pulihkan infrastruktur agar wilayah terdampak bisa bangkit pasca bencana']"
63,36,63_ladang_tangerang_jagung_ditumbuhi,"['ladang', 'tangerang', 'jagung', 'ditumbuhi', 'bantarpanjang', 'tigaraksa', 'terbengkalai', 'polresta', 'diresmikan', 'rumput']","['polresta tangerang akan melakukan evaluasi terhadap ladang jagung yang terbengkalai dan ditumbuhi rumput liar di desa bantarpanjang kecamatan tigaraksa kabupaten tangerang banten ladang jagung ini sebelumnya diresmikan wakil presiden ri gibran rakabuming raka untuk program', 'polresta tangerang akan melakukan evaluasi terhadap ladang jagung yang terbengkalai dan ditumbuhi rumput liar di desa bantarpanjang kecamatan tigaraksa kabupaten tangerang banten ladang jagung ini sebelumnya diresmikan wakil presiden ri gibran rakabuming raka untuk program', 'polresta tangerang akan melakukan evaluasi terhadap ladang jagung yang terbengkalai dan ditumbuhi rumput liar di desa bantarpanjang kecamatan tigaraksa kabupaten tangerang banten ladang jagung ini sebelumnya diresmikan wakil presiden ri gibran rakabuming raka untuk program']"
64,35,64_tugas_tugasnya_emang_harusnya,"['tugas', 'tugasnya', 'emang', 'harusnya', 'lah', 'ya', 'dia', 'tua', 'emg', 'udh']","['tugas presiden tu emang apa ya', 'lah kan emg tugasnya tolol ga mau cape mah ngapain jd presiden', 'kan emg tugasnya kalo ga sanggup dan udah tua ngapain jadi presiden']"
65,35,65_musa_tongkat_nabi_punya,"['musa', 'tongkat', 'nabi', 'punya', 'tidak', 'media', 'sbgai', 'jatah', 'apa', 'ndak']","['presiden janji bangun rumah korban banjir longsor aceh sebut tak punya tongkat nabi musa', 'apa mau dikata pak presiden tidak punya tongkat nabi musa', 'presiden tidak punya tongkat nabi musa']"
66,34,66_layaknya_inkompetensi_dino_betapa,"['layaknya', 'inkompetensi', 'dino', 'betapa', 'kompeten', 'ham', 'sedang', 'menjawab', 'anda', 'malah']","['pak dino sedang mengkritik inkompetensi menlu terus anda malah menjawab dengan menunjukkan betapa tidak kompeten dan layaknya seorang menteri ham', 'pak dino sedang mengkritik inkompetensi menlu terus anda malah menjawab dengan menunjukkan betapa tidak kompeten dan layaknya seorang menteri ham', 'pak dino sedang mengkritik inkompetensi menlu terus anda malah menjawab dengan menunjukkan betapa tidak kompeten dan layaknya seorang menteri ham']"
67,34,67_jd_gue_gak_terlalu,"['jd', 'gue', 'gak', 'terlalu', 'bgt', 'diatur', 'aja', 'kl', 'typo', 'mamarika']","['gue udah mewanti ortu buat jangan asal pilih presiden lagi nanti tahun mendatang gue jg nyesel bgt dulu pernah pro jkw kok pdhl aslinya semanipulatif itu bersyukur gue kuliah ambil sosio jd bikin gue melek bgt', 'yg diingat cumn saat dia dikatain tp gak baca kritik yg santun kl sadar gak semua org suka mbok yaa diam bae dirmh gak ush sok sibuk validasi diri jd presiden terbaik menjadikan semua mantan presiden musuhnya menjadikan presiden skrg jd rivalnya buat apa coba', 'hmmm tp klo udh ke presiden sih hope gue tinggi ya syg bgt klo indo cmn jdi cukup aja hrus ada pemimpin yg brani ngedobrak ngelead dgn brani utk jd negara maju indo sudah terlalu bnyk ditindas gue rasa']"
68,34,68_dgn_as_yg_tidak,"['dgn', 'as', 'yg', 'tidak', 'berpendirian', 'bermitra', 'sungkantakut', 'iraq', 'penurut', 'south']","['saya heran membaca pernyataan re venezuela yg sangat standar dan sama sekali tidak menyebut amerika serikat sejak kapan kita sungkantakut mengkritik kawan yg lakukan pelanggaran hukum internasional kenapa menlu sugiono sampai sekarang tidak bersuara padahal dunia menunggu pandangan sbg pemain global south yg penting ini momen perlu percaya diri menunjukkan sikap sama ketika kita dulu menentang invasi as thdp iraq bebas aktif itu artinya berani berpendirian bermitra dgn as dan dgn negara manapun tidak boleh menjadikan negara penurut yg mengorbankan hal yg prinsipil', 'saya heran membaca pernyataan re venezuela yg sangat standar dan sama sekali tidak menyebut amerika serikat sejak kapan kita sungkantakut mengkritik kawan yg lakukan pelanggaran hukum internasional kenapa menlu sugiono sampai sekarang tidak bersuara padahal dunia menunggu pandangan sbg pemain global south yg penting ini momen perlu percaya diri menunjukkan sikap sama ketika kita dulu menentang invasi as thdp iraq bebas aktif itu artinya berani berpendirian bermitra dgn as dan dgn negara manapun tidak boleh menjadikan negara penurut yg mengorbankan hal yg prinsipil', 'saya heran membaca pernyataan re venezuela yg sangat standar dan sama sekali tidak menyebut amerika serikat sejak kapan kita sungkantakut mengkritik kawan yg lakukan pelanggaran hukum internasional kenapa menlu sugiono sampai sekarang tidak bersuara padahal dunia menunggu pandangan sbg pemain global south yg penting ini momen perlu percaya diri menunjukkan sikap sama ketika kita dulu menentang invasi as thdp iraq bebas aktif itu artinya berani berpendirian bermitra dgn as dan dgn negara manapun tidak boleh menjadikan negara penurut yg mengorbankan hal yg prinsipil']"
69,34,69_aceh_ketiganya_menunda_pakistan,"['aceh', 'ketiganya', 'menunda', 'pakistan', 'keselamatan', 'agenda', 'rusia', 'meninjau', 'prioritas', 'tetap']","['dari aceh pakistan rusia presiden prabowo langsung kembali ke aceh meninjau bencana di tengah agenda global keselamatan rakyat tetap prioritas ini kunjungan ketiganya ke aceh tanpa menunda negara hadir', 'dari aceh pakistan rusia presiden prabowo langsung kembali ke aceh meninjau bencana di tengah agenda global keselamatan rakyat tetap prioritas ini kunjungan ketiganya ke aceh tanpa menunda negara hadir', 'dari aceh pakistan rusia presiden prabowo langsung kembali ke aceh meninjau bencana di tengah agenda global keselamatan rakyat tetap prioritas ini kunjungan ketiganya ke aceh tanpa menunda negara hadir']"
70,34,70_pembalakan_liar_pengawasan_ketat,"['pembalakan', 'liar', 'pengawasan', 'ketat', 'semuatanganibencana', 'logging', 'tamiang', 'illegal', 'tertibkan', 'ditertibkan']","['presiden prabowo mendesak pengawasan ketat atas pembalakan liar saat meninjau banjir di aceh tamiang semuatanganibencana', 'tinjau banjir aceh tamiang presiden prabowo desak pengawasan ketat pembalakan liar semuatanganibencana', 'tegas presiden prabowo tinjau banjir aceh tamiang desak pengawasan ketat pembalakan liar semuatanganibencana']"
71,34,71_selangkah_menyusun_mengegolkannya_ruupemilu,"['selangkah', 'menyusun', 'mengegolkannya', 'ruupemilu', 'politikus', 'skenario', 'tempo', 'pemilihan', 'sistem', 'ambisi']","['ambisi presiden prabowo subianto mengganti sistem pemilihan kepala daerah tinggal selangkah lagi para politikus menyusun skenario untuk mengegolkannya tempo ruupemilu pilkada', 'ambisi presiden prabowo subianto mengganti sistem pemilihan kepala daerah tinggal selangkah lagi para politikus menyusun skenario untuk mengegolkannya tempo ruupemilu pilkada', 'ambisi presiden prabowo subianto mengganti sistem pemilihan kepala daerah tinggal selangkah lagi para politikus menyusun skenario untuk mengegolkannya tempo ruupemilu pilkada']"
72,34,72_layaknya_inkompetensi_dino_betapa,"['layaknya', 'inkompetensi', 'dino', 'betapa', 'kompeten', 'ham', 'sedang', 'menjawab', 'anda', 'malah']","['pak dino sedang mengkritik inkompetensi menlu terus anda malah menjawab dengan menunjukkan betapa tidak kompeten dan layaknya seorang menteri ham', 'pak dino sedang mengkritik inkompetensi menlu terus anda malah menjawab dengan menunjukkan betapa tidak kompeten dan layaknya seorang menteri ham', 'pak dino sedang mengkritik inkompetensi menlu terus anda malah menjawab dengan menunjukkan betapa tidak kompeten dan layaknya seorang menteri ham']"
73,33,73_iran_araghchi_lebanon_kami,"['iran', 'araghchi', 'lebanon', 'kami', 'abbas', 'perundingan', 'nuklir', 'isr', 'menlu', 'suriah']","['menlu iran lontarkan tuduhan keras sebut as tidak jujur dalam isu global terutama soal sanksi dan perjanjian nuklir baca detail kecaman diplomatik iran narayapost iran as diplomasi geopolitik timurtengah', 'menlu iran araghchi tetanggatetangga kami adalah prioritas kami ini adalah prinsip terpenting dalam kebijakan luar negeri republik islam iran hubungan republik islam iran dengan federasi rusia adalah sebuah kemitraan strategis', 'pejabat saudi kunjungi iran untuk bahas gaza amp suriah wakil menlu saudi saud bin mohammed alsati akan melakukan perjalanan ke iran untuk membahas hubungan bilateral dan isu regional menurut kemenlu iran via wana ia juga dijadwalkan bertemu menlu iran abbas araghchi']"
74,33,74_baik_baru_lebih_tahun,"['baik', 'baru', 'lebih', 'tahun', 'melangkah', 'menyala', 'maju', 'semakin', 'semangat', 'semoga']","['selamat tahun baru semoga di tahun yang baru ini kita dapat melangkah lebih baik dengan semangat yang terus menyala demi indonesia yang semakin maju dan lebih baik', 'selamat tahun baru semoga di tahun yang baru ini kita dapat melangkah lebih baik dengan semangat yang terus menyala demi indonesia yang semakin maju dan lebih baik', 'selamat tahun baru semoga di tahun yang baru ini kita dapat melangkah lebih baik dengan semangat yang terus menyala demi indonesia yang semakin maju dan lebih baik']"
75,33,75_layaknya_inkompetensi_dino_betapa,"['layaknya', 'inkompetensi', 'dino', 'betapa', 'kompeten', 'ham', 'sedang', 'menjawab', 'anda', 'malah']","['pak dino sedang mengkritik inkompetensi menlu terus anda malah menjawab dengan menunjukkan betapa tidak kompeten dan layaknya seorang menteri ham', 'pak dino sedang mengkritik inkompetensi menlu terus anda malah menjawab dengan menunjukkan betapa tidak kompeten dan layaknya seorang menteri ham', 'pak dino sedang mengkritik inkompetensi menlu terus anda malah menjawab dengan menunjukkan betapa tidak kompeten dan layaknya seorang menteri ham']"
76,33,76_reformasi_polri_tim_kapolri,"['reformasi', 'polri', 'tim', 'kapolri', 'kepolisian', 'jimly', 'komisi', 'dicopot', 'pak', 'menyelenggarakan']","['banyak pertanyaan tentang kinerja reformasi kepolisian adakah kemajuan yang sudah dicapai dan apakah tim reformasi kepolisian itu diperlukan sesuai perintah presidensaya sudah mengingatkan tim reformasi kepolisian harus merevisi terlebih dahulu uu tentang kepolisan ri hening', 'trus apa langkah yg d lakukan oleh tim reformasi ini udh terangan sekali polri melawan aturan negara ini bubarkan aj tim reformasi klo kalian g bisa kasih masukan k presiden gimana pak', 'presiden aja takut sama kapolri buat tim reformasi polri kapolri nya masuk jd anggota reformasi polri aja udah aneh gimana kalau yg jd masalah kapolri nya']"
77,33,77_baik_baru_lebih_tahun,"['baik', 'baru', 'lebih', 'tahun', 'melangkah', 'menyala', 'maju', 'semakin', 'semangat', 'semoga']","['selamat tahun baru semoga di tahun yang baru ini kita dapat melangkah lebih baik dengan semangat yang terus menyala demi indonesia yang semakin maju dan lebih baik', 'selamat tahun baru semoga di tahun yang baru ini kita dapat melangkah lebih baik dengan semangat yang terus menyala demi indonesia yang semakin maju dan lebih baik', 'selamat tahun baru semoga di tahun yang baru ini kita dapat melangkah lebih baik dengan semangat yang terus menyala demi indonesia yang semakin maju dan lebih baik']"
78,32,78_program_gratis_lewat_rumah,"['program', 'gratis', 'lewat', 'rumah', 'prabowo', 'makin', 'masa', 'inovasi', 'cek', 'depan']","['presiden prabowo kunjungi korban bencana tiga kali ini bukti kepedulian negara untuk prabowo bangun kembali semua rumah rusak lewat program rekonstruksi pascabencana yang sulit ini semangat gotong royong kita', 'program juta rumah dari presiden prabowo bikin semua orang punya harapan baru', 'semua rumah warga yang rusak akan diganti negara janji beliau ini adalah tekad pemerintah untuk prabowo bangun kembali masa depan lebih baik lewat program rekonstruksi pascabencana yang menyeluruh']"
79,32,79_ilegalmelihat_flora_relevan_masifnya,"['ilegalmelihat', 'flora', 'relevan', 'masifnya', 'memilah', 'kehancuran', 'kematian', 'gelondongan', 'legal', 'kerusakan']","['pak presiden saat ini setelah bencana banjir longsor lumpur kayu gelondongan sudah tidak relevan lagi memilah yg legal dan ilegalmelihat masifnya kerusakan kehancuran lingkungan infrastruktur kematian kehidupan rakyat yg kehilangan ayah ibu anak saudara flora', 'pak presiden saat ini setelah bencana banjir longsor lumpur kayu gelondongan sudah tidak relevan lagi memilah yg legal dan ilegalmelihat masifnya kerusakan kehancuran lingkungan infrastruktur kematian kehidupan rakyat yg kehilangan ayah ibu anak saudara flora', 'pak presiden saat ini setelah bencana banjir longsor lumpur kayu gelondongan sudah tidak relevan lagi memilah yg legal dan ilegalmelihat masifnya kerusakan kehancuran lingkungan infrastruktur kematian kehidupan rakyat yg kehilangan ayah ibu anak saudara flora']"
80,31,80_dg_jokowi_amsterdam_paris,"['dg', 'jokowi', 'amsterdam', 'paris', 'bersihkan', 'bertanya', 'diaspora', 'jawaban', 'sigit', 'orangorang']","['dari diskusi dg diaspora di amsterdam dan paris semua bertanya ada apa dg presiden sehingga tdk berani bersihkan orangorang jokowi terutama kapolri jawaban saya hanya allah prabowo jokowi dan sigit yang tahu', 'dari diskusi dg diaspora di amsterdam dan paris semua bertanya ada apa dg presiden sehingga tdk berani bersihkan orangorang jokowi terutama kapolri jawaban saya hanya allah prabowo jokowi dan sigit yang tahu', 'dari diskusi dg diaspora di amsterdam dan paris semua bertanya ada apa dg presiden sehingga tdk berani bersihkan orangorang jokowi terutama kapolri jawaban saya hanya allah prabowo jokowi dan sigit yang tahu']"
81,31,81_pak_mhn_halah_keren,"['pak', 'mhn', 'halah', 'keren', 'gmana', 'presidenpresidennya', 'receh', 'peenah', 'maluin', 'klg']","['ga berani pak', 'keren pak anies semoga pak anies jadi presiden ke semangat pak', 'pak presiden ini semua temen bobby kertanegara pls save them pak saveplgsebanga savetessonilo savesumatra']"
82,30,82_dubes_ri_miring_komentarnya,"['dubes', 'ri', 'miring', 'komentarnya', 'usulkan', 'membela', 'bersangkutan', 'melayani', 'melindungi', 'pdhal']","['sbg anggota komisi sy usulkan kpd agar segera menarik n mengganti dubes ri di saudi yg bersangkutan sdh berada di sana hampir tahun komentarnya selalu miring soal habib rizieq shihab pdhal dubes ri seharusnya melayani melindungi n membela warga ri', 'sbg anggota komisi sy usulkan kpd agar segera menarik n mengganti dubes ri di saudi yg bersangkutan sdh berada di sana hampir tahun komentarnya selalu miring soal habib rizieq shihab pdhal dubes ri seharusnya melayani melindungi n membela warga ri', 'sbg anggota komisi sy usulkan kpd agar segera menarik n mengganti dubes ri di saudi yg bersangkutan sdh berada di sana hampir tahun komentarnya selalu miring soal habib rizieq shihab pdhal dubes ri seharusnya melayani melindungi n membela warga ri']"
83,30,83_anggapan_bersumber_waspada_terlebih,"['anggapan', 'bersumber', 'waspada', 'terlebih', 'menilai', 'mengingatkan', 'narasi', 'suka', 'pihak', 'kekuatan']","['presiden prabowo mengingatkan kepada semua pihak untuk waspada terhadap kekuatan luar yang tidak suka indonesia kuat terlebih kata prabowo ada narasi yang sudah menyebut kalau pemerintah tidak hadir dalam bencana sumatra presiden prabowo menilai anggapan tersebut bersumber', 'presiden prabowo mengingatkan kepada semua pihak untuk waspada terhadap kekuatan luar yang tidak suka indonesia kuat terlebih kata prabowo ada narasi yang sudah menyebut kalau pemerintah tidak hadir dalam bencana sumatra presiden prabowo menilai anggapan tersebut bersumber', 'presiden prabowo mengingatkan kepada semua pihak untuk waspada terhadap kekuatan luar yang tidak suka indonesia kuat terlebih kata prabowo ada narasi yang sudah menyebut kalau pemerintah tidak hadir dalam bencana sumatra presiden prabowo menilai anggapan tersebut bersumber']"
84,30,84_juga_nyuruh_gak_lu,"['juga', 'nyuruh', 'gak', 'lu', 'iblis', 'tipu', 'masing', 'elu', 'jelek', 'enggak']","['ga nyuruh jd presiden juga si', 'ya tinggal bilang aja gw juga ilfeel sama lu dalam dunia kerja amp bisnis mau lu sebel sm partner tetep aja kasih muka manis walaupun muak sm kelakuannya suruh lah temen lu niru pejabat indo suka kritik presiden tp ditawarin jabatan langsung bela presiden', 'lebih jelek lagi elu presiden bukan kaya juga enggak terkenal juga enggak julid kayak iblis bacot doang nol prestasi lu tu iblis jelmaan lucifer tau kaga hidupmu isinya amarah dendam sakit hati suka mengolok olok']"
85,29,85_dubes_ri_miring_komentarnya,"['dubes', 'ri', 'miring', 'komentarnya', 'usulkan', 'membela', 'bersangkutan', 'melayani', 'melindungi', 'pdhal']","['sbg anggota komisi sy usulkan kpd agar segera menarik n mengganti dubes ri di saudi yg bersangkutan sdh berada di sana hampir tahun komentarnya selalu miring soal habib rizieq shihab pdhal dubes ri seharusnya melayani melindungi n membela warga ri', 'sbg anggota komisi sy usulkan kpd agar segera menarik n mengganti dubes ri di saudi yg bersangkutan sdh berada di sana hampir tahun komentarnya selalu miring soal habib rizieq shihab pdhal dubes ri seharusnya melayani melindungi n membela warga ri', 'sbg anggota komisi sy usulkan kpd agar segera menarik n mengganti dubes ri di saudi yg bersangkutan sdh berada di sana hampir tahun komentarnya selalu miring soal habib rizieq shihab pdhal dubes ri seharusnya melayani melindungi n membela warga ri']"
86,28,86_anggapan_bersumber_waspada_terlebih,"['anggapan', 'bersumber', 'waspada', 'terlebih', 'menilai', 'mengingatkan', 'narasi', 'suka', 'pihak', 'kekuatan']","['presiden prabowo mengingatkan kepada semua pihak untuk waspada terhadap kekuatan luar yang tidak suka indonesia kuat terlebih kata prabowo ada narasi yang sudah menyebut kalau pemerintah tidak hadir dalam bencana sumatra presiden prabowo menilai anggapan tersebut bersumber', 'presiden prabowo mengingatkan kepada semua pihak untuk waspada terhadap kekuatan luar yang tidak suka indonesia kuat terlebih kata prabowo ada narasi yang sudah menyebut kalau pemerintah tidak hadir dalam bencana sumatra presiden prabowo menilai anggapan tersebut bersumber', 'presiden prabowo mengingatkan kepada semua pihak untuk waspada terhadap kekuatan luar yang tidak suka indonesia kuat terlebih kata prabowo ada narasi yang sudah menyebut kalau pemerintah tidak hadir dalam bencana sumatra presiden prabowo menilai anggapan tersebut bersumber']"
87,28,87_juli_raja_buntut_pemanfaatan,"['juli', 'raja', 'buntut', 'pemanfaatan', 'antoni', 'mengambil', 'kehutanan', 'paripurna', 'usaha', 'sidang']","['pernyataan tersebut disampaikan menteri kehutanan raja juli antoni di depan presiden prabowo subianto dalam sidang kabinet paripurna di istana negara jakarta senin raja juli mengambil langkah tegas atas kegiatan usaha sejumlah perusahaan pemanfaatan hutan buntut', 'pernyataan tersebut disampaikan menteri kehutanan raja juli antoni di depan presiden prabowo subianto dalam sidang kabinet paripurna di istana negara jakarta senin raja juli mengambil langkah tegas atas kegiatan usaha sejumlah perusahaan pemanfaatan hutan buntut', 'pernyataan tersebut disampaikan menteri kehutanan raja juli antoni di depan presiden prabowo subianto dalam sidang kabinet paripurna di istana negara jakarta senin raja juli mengambil langkah tegas atas kegiatan usaha sejumlah perusahaan pemanfaatan hutan buntut']"
88,26,88_dijawab_harus_oleh_ini,"['dijawab', 'harus', 'oleh', 'ini', '', '', '', '', '', '']","['harus dijawab ini oleh', 'harus dijawab ini oleh', 'harus dijawab ini oleh']"
89,25,89_data_terima_bapak_kesalahan,"['data', 'terima', 'bapak', 'kesalahan', 'baikbaik', 'terdapat', 'pembantu', 'tag', 'informasi', 'syariah']","['pak presiden mohon maaf saya tag bapak informasi atau data yang bapak terima dari pembantu bapak terdapat kesalahan kondisi aceh saat ini tidak baikbaik saja terima kasih', 'pak presiden mohon maaf saya tag bapak informasi atau data yang bapak terima dari pembantu bapak terdapat kesalahan kondisi aceh saat ini tidak baikbaik saja terima kasih', 'pak presiden mohon maaf saya tag bapak informasi atau data yang bapak terima dari pembantu bapak terdapat kesalahan kondisi aceh saat ini tidak baikbaik saja terima kasih']"
90,25,90_telah_air_dilaporkan_dihadapi,"['telah', 'air', 'dilaporkan', 'dihadapi', 'keterangannya', 'ketersediaan', 'menyoroti', 'kekurangan', 'ditangani', 'telco']","['presiden menyampaikan bahwa sejumlah kekurangan yang masih dihadapi warga telah dilaporkan dan akan segera ditangani dalam keterangannya presiden juga menyoroti kebutuhan mendesak terkait ketersediaan air bersih dan air minum bagi masyarakat terdampak', 'presiden menyampaikan bahwa sejumlah kekurangan yang masih dihadapi warga telah dilaporkan dan akan segera ditangani dalam keterangannya presiden juga menyoroti kebutuhan mendesak terkait ketersediaan air bersih dan air minum bagi masyarakat terdampak', 'presiden menyampaikan bahwa sejumlah kekurangan yang masih dihadapi warga telah dilaporkan dan akan segera ditangani dalam keterangannya presiden juga menyoroti kebutuhan mendesak terkait ketersediaan air bersih dan air minum bagi masyarakat terdampak']"
91,24,91_sumatera_sugiono_belum_bantuan,"['sumatera', 'sugiono', 'belum', 'bantuan', 'negeri', 'takaichi', 'sumber', 'luar', 'asing', 'menlu']","['menteri luar negeri sugiono memimpin pengiriman bantuan kemanusiaan diplomat peduli untuk masyarakat terdampak bencana di aceh sumatera utara dan sumatera barat di halaman kantor kementerian luar negeri menlu sugiono menyebut pengiriman bantuan ini merupakan tindak lanjut', 'ya benar menlu sugiono menyatakan pada desember bahwa indonesia belum membuka pintu bantuan luar negeri untuk bencana di sumatera karena masih mampu ditangani secara nasional ia menambahkan bantuan bisa dibuka jika diperlukan sumber metro tv', 'ri belum terima bantuan luar negeri untuk bencana sumatra ini kata menlu sugiono']"
92,24,92_pangan_harga_pokok_dijaga,"['pangan', 'harga', 'pokok', 'dijaga', 'stabil', 'ketahanan', 'stabilitas', 'sembari', 'meminta', 'perekonomian']","['presiden prabowo meminta agar ketahanan pangan dan harga kebutuhan pokok dijaga stabil sembari memantau perkembangan perekonomian nasional huniankorbanbencana memulihkan warga terdampak', 'presiden prabowo meminta agar ketahanan pangan dan harga kebutuhan pokok dijaga stabil sembari memantau perkembangan perekonomian nasional huniankorbanbencana memulihkan warga terdampak', 'presiden prabowo meminta agar ketahanan pangan dan harga kebutuhan pokok dijaga stabil sembari memantau perkembangan perekonomian nasional huniankorbanbencana memulihkan warga terdampak']"
93,24,93_wn_brutal_terancam_area,"['wn', 'brutal', 'terancam', 'area', 'bersenjata', 'tambang', 'aksi', 'emas', 'serang', 'kedaulatan']","['kedaulatan negara sudah terancam secara nyata aksi brutal wn china bersenjata serang tni di area tambang emas', 'kedaulatan negara sudah terancam secara nyata aksi brutal wn china bersenjata serang tni di area tambang emas', 'kedaulatan negara sudah terancam secara nyata aksi brutal wn china bersenjata serang tni di area tambang emas']"
94,24,94_rebut_ayo_bersatu_kedaulatan,"['rebut', 'ayo', 'bersatu', 'kedaulatan', 'rakyat', 'kembali', 'jejakdigital', 'arsip', 'nasional', '']","['ayo bersatu rebut kembali kedaulatan rakyat', 'ayo bersatu rebut kembali kedaulatan rakyat', 'ayo bersatu rebut kembali kedaulatan rakyat']"
95,24,95_pembenci_mohon_maaf_bagi,"['pembenci', 'mohon', 'maaf', 'bagi', 'para', 'presiden', '', '', '', '']","['mohon maaf bagi para pembenci presiden', 'mohon maaf bagi para pembenci presiden', 'mohon maaf bagi para pembenci presiden']"
96,23,96_meriah_terisolasi_zonauang_amp,"['meriah', 'terisolasi', 'zonauang', 'amp', 'takengon', 'juga', 'bener', 'mau', 'riba', 'berita']","['mantap daerahdaerah yang sempet terisolasi kayak takengon amp bener meriah itu udah mulai dibuka aksesnya lho presiden prabowo apresiasi banget kerja keras petugas di lapangan yang udah matimatian buka jalan salut aceh tamiang juga udah nyambung zonauang', 'nggak cuma itu akses jalan ke daerah terisolasi kayak takengon amp bener meriah juga lagi digeber biar cepet kebuka lagi presiden prabowo bahkan ngecek sendiri proses pembukaan akses ini biar warga di sana nggak makin terisolasi jalan ke aceh zonauang', 'presiden prabowo tinjau takengon amp bener meriah yang sempat terisolasi kerennya upaya pembukaan akses jalan terus digenjot maksimal petugas jembatan di bener meriah udah berfungsi jalur ke aceh tamiang pun kini sudah tembus jadi bantuan bisa zonauang']"
97,23,97_dipukul_warsidi_priuk_jamaah,"['dipukul', 'warsidi', 'priuk', 'jamaah', 'lawannya', 'contohnya', 'orba', 'islam', 'jaman', 'peristiwa']","['kalau jaman orba nih tni dipukul mundur gini ga lama balik lagi bawa pasukan ratusan orang contohnya saat peristiwa priuk dan jamaah warsidi apakah karena lawannya bukan orang islam dan bukan wni', 'kalau jaman orba nih tni dipukul mundur gini ga lama balik lagi bawa pasukan ratusan orang contohnya saat peristiwa priuk dan jamaah warsidi apakah karena lawannya bukan orang islam dan bukan wni', 'kalau jaman orba nih tni dipukul mundur gini ga lama balik lagi bawa pasukan ratusan orang contohnya saat peristiwa priuk dan jamaah warsidi apakah karena lawannya bukan orang islam dan bukan wni']"
98,23,98_pembenci_mohon_maaf_bagi,"['pembenci', 'mohon', 'maaf', 'bagi', 'para', 'presiden', '', '', '', '']","['mohon maaf bagi para pembenci presiden', 'mohon maaf bagi para pembenci presiden', 'mohon maaf bagi para pembenci presiden']"
99,23,99_rusia_putin_vladimir_ukraina,"['rusia', 'putin', 'vladimir', 'ukraina', 'bertemu', 'moskow', 'seskab', 'sisi', 'btw', 'mendampingi']","['presiden prabowo hari ini bertemu dengan presiden putin di rusia btw kok hanya menlu dan seskab aja ya yang mendampingi dari sisi rusia rame banget padahal', 'presiden prabowo hari ini bertemu dengan presiden putin di rusia btw kok hanya menlu dan seskab aja ya yang mendampingi dari sisi rusia rame banget padahal', 'presiden prabowo hari ini bertemu dengan presiden putin di rusia btw kok hanya menlu dan seskab aja ya yang mendampingi dari sisi rusia rame banget padahal']"
100,22,100_breaking_advokasi_menempuh_ap,"['breaking', 'advokasi', 'menempuh', 'ap', 'news', 'pimpinan', 'lbh', 'menetapkan', 'jalur', 'menyatakan']","['breaking news lembaga bantuan hukum advokasi publik lbh ap pimpinan pusat menyatakan siap menempuh jalur hukum jika presiden ri prabowo subianto tidak segera menetapkan status bencana nasional atas peristiwa banjir bandang dan tanah longsor di wilayah', 'breaking news lembaga bantuan hukum advokasi publik lbh ap pimpinan pusat menyatakan siap menempuh jalur hukum jika presiden ri prabowo subianto tidak segera menetapkan status bencana nasional atas peristiwa banjir bandang dan tanah longsor di wilayah', 'breaking news lembaga bantuan hukum advokasi publik lbh ap pimpinan pusat menyatakan siap menempuh jalur hukum jika presiden ri prabowo subianto tidak segera menetapkan status bencana nasional atas peristiwa banjir bandang dan tanah longsor di wilayah']"
101,21,101_pusat_pulihkan_pasca_bangkit,"['pusat', 'pulihkan', 'pasca', 'bangkit', 'infrastruktur', 'pemerintah', 'dukungan', 'penuh', 'darurat', 'bencana']","['pemerintah pusat di bawah arahan presiden prabowo siap memberi dukungan penuh pembangunan jalur darurat prabowo pulihkan infrastruktur agar bangsa bangkit pasca bencana', 'pemerintah pusat memberi dukungan penuh sesuai arahan presiden prabowo prabowo pulihkan infrastruktur agar daerah terdampak bangkit pasca bencana', 'pemerintah pusat di bawah arahan presiden prabowo prabowo pulihkan infrastruktur demi bangkit pasca bencana']"
102,21,102_beradab_nicolas_mengecam_keluarkan,"['beradab', 'nicolas', 'mengecam', 'keluarkan', 'sebagian', 'maduro', 'bangsa', 'besar', 'menculik', 'pemimpin']","['sebagian besar pemimpin bangsa beradab sudah keluarkan pernyataan mengecam presiden as trump karena menculik presiden venezuela nicolas maduro presiden indonesia', 'sebagian besar pemimpin bangsa beradab sudah keluarkan pernyataan mengecam presiden as trump karena menculik presiden venezuela nicolas maduro presiden indonesia', 'sebagian besar pemimpin bangsa beradab sudah keluarkan pernyataan mengecam presiden as trump karena menculik presiden venezuela nicolas maduro presiden indonesia']"
103,21,103_tertukar_jitak_part_seumuran,"['tertukar', 'jitak', 'part', 'seumuran', 'sapa', 'yang', 'tokoh', 'pemberontakan', 'siapalah', 'ywdah']","['presiden yang itu harus melihat presiden jitak yang bekerja menangani kebingungan warga akan konten jitak dengan sebaik ini', 'tokoh dunia yang seumuran dengan presiden ri part', 'tokoh dunia yang seumuran dengan presiden ri part']"
104,21,104_lu_dikritik_bayangin_seperti,"['lu', 'dikritik', 'bayangin', 'seperti', 'akan', 'apa', 'seorang', 'lakukan', 'terus', 'menlu']","['bayangin lu seorang menlu terus dikritik seperti ini apa yang akan lu lakukan', 'bayangin lu seorang menlu terus dikritik seperti ini apa yang akan lu lakukan', 'bayangin lu seorang menlu terus dikritik seperti ini apa yang akan lu lakukan']"
105,21,105_hrs_saudi_arabia_dipojokkan,"['hrs', 'saudi', 'arabia', 'dipojokkan', 'ironis', 'reynhard', 'ahlanwasahlanibhrs', 'kriminal', 'super', 'sungguh']","['reynhard di inggris yg jelas super kriminal n memalukan indonesia diberi bantuan hukum habib rizieq shihab hrs di saudi arabia malah dipojokkan pernyataan menko n dubes ri di saudi sungguh tak adil n ironis selamat datang hrs ahlanwasahlanibhrs', 'reynhard di inggris yg jelas super kriminal n memalukan indonesia diberi bantuan hukum habib rizieq shihab hrs di saudi arabia malah dipojokkan pernyataan menko n dubes ri di saudi sungguh tak adil n ironis selamat datang hrs ahlanwasahlanibhrs', 'reynhard di inggris yg jelas super kriminal n memalukan indonesia diberi bantuan hukum habib rizieq shihab hrs di saudi arabia malah dipojokkan pernyataan menko n dubes ri di saudi sungguh tak adil n ironis selamat datang hrs ahlanwasahlanibhrs']"
106,21,106_kenyataan_kenyataannya_tanzania_sosmed,"['kenyataan', 'kenyataannya', 'tanzania', 'sosmed', 'masih', 'uganda', 'kenyal', 'klo', 'bisa', 'kenyang']","['sebagai pendukung beliau dlu gw berharap blio bisa menjadi presiden namun negara ini sdh dikuasai oleh wowo dan anteknya jdi kesempatan org baik ini terjegal seandainya ada revolusi dari rakyat harapan gw bisa jd kenyataan', 'bu zmn beliau presiden tiap pagi kami sekeluarga sarapan nasi goreng nasinya sisa kemarin rasanya kenyal gimana gitu sayang klo dibuang kata ibu saya maklum ga ada kulkas atau mac jigger tapi ibu saya luar biasa nasi kenyal dg aroma khas itu sgt nikmat dg kerupuk tq pak harto', 'gibi nih punya presiden gak bisa main hape kudet sama teknologi sosmed aja harus ajudan yang pegang berita sosmed kudu sama si teddy yang kasih tau wawlahi gw tiap kali buka instagram kenyataannya gak kayak fotofoto media presiden capek gw ngelaknat pemerintah melulu']"
107,20,107_hrs_saudi_arabia_dipojokkan,"['hrs', 'saudi', 'arabia', 'dipojokkan', 'ironis', 'reynhard', 'ahlanwasahlanibhrs', 'kriminal', 'super', 'sungguh']","['reynhard di inggris yg jelas super kriminal n memalukan indonesia diberi bantuan hukum habib rizieq shihab hrs di saudi arabia malah dipojokkan pernyataan menko n dubes ri di saudi sungguh tak adil n ironis selamat datang hrs ahlanwasahlanibhrs', 'reynhard di inggris yg jelas super kriminal n memalukan indonesia diberi bantuan hukum habib rizieq shihab hrs di saudi arabia malah dipojokkan pernyataan menko n dubes ri di saudi sungguh tak adil n ironis selamat datang hrs ahlanwasahlanibhrs', 'reynhard di inggris yg jelas super kriminal n memalukan indonesia diberi bantuan hukum habib rizieq shihab hrs di saudi arabia malah dipojokkan pernyataan menko n dubes ri di saudi sungguh tak adil n ironis selamat datang hrs ahlanwasahlanibhrs']"
108,20,108_menawarkan_dihubungi_disampaikannya_mengaku,"['menawarkan', 'dihubungi', 'disampaikannya', 'mengaku', 'sumatera', 'paripurna', 'sidang', 'istana', 'bandang', 'barat']","['presiden prabowo subianto mengaku dihubungi oleh banyak kepala negara yang menawarkan bantuan untuk penanganan bencana banjir bandang dan tanah longsor di aceh sumatera utara dan sumatera barat pernyataan itu disampaikannya dalam sidang kabinet paripurna di istana negara', 'presiden prabowo subianto mengaku dihubungi oleh banyak kepala negara yang menawarkan bantuan untuk penanganan bencana banjir bandang dan tanah longsor di aceh sumatera utara dan sumatera barat pernyataan itu disampaikannya dalam sidang kabinet paripurna di istana negara', 'presiden prabowo subianto mengaku dihubungi oleh banyak kepala negara yang menawarkan bantuan untuk penanganan bencana banjir bandang dan tanah longsor di aceh sumatera utara dan sumatera barat pernyataan itu disampaikannya dalam sidang kabinet paripurna di istana negara']"
109,20,109_bwat_babu_tuan_beres,"['bwat', 'babu', 'tuan', 'beres', 'kirim', 'kuasa', 'punya', 'perintahkan', 'alat', 'tongkat']","['tuan presiden memang gak punya tongkat tapi kan punya kuasa bwat perintahkan semua babu nya bwat segera kirim ratusan alat berat bwat beres pasca bencana', 'tuan presiden memang gak punya tongkat tapi kan punya kuasa bwat perintahkan semua babu nya bwat segera kirim ratusan alat berat bwat beres pasca bencana', 'tuan presiden memang gak punya tongkat tapi kan punya kuasa bwat perintahkan semua babu nya bwat segera kirim ratusan alat berat bwat beres pasca bencana']"
110,20,110_fadli_zon_komunis_bahaya,"['fadli', 'zon', 'komunis', 'bahaya', 'sebut', 'jawab', 'partai', 'minta', 'china', 'kemenlu']","['fadli zon minta kemenlu jawab amerika yang sebut indonesia dalam bahaya partai komunis china', 'fadli zon minta kemenlu jawab amerika yang sebut indonesia dalam bahaya partai komunis china', 'fadli zon minta kemenlu jawab amerika yang sebut indonesia dalam bahaya partai komunis china']"
111,19,111_pasca_pulihkan_bangkit_infrastruktur,"['pasca', 'pulihkan', 'bangkit', 'infrastruktur', 'akses', 'bencana', 'kunci', 'bergerak', 'masyarakat', 'demi']","['ketika akses terbuka harapan ikut menyala prabowo pulihkan infrastruktur agar ekonomi warga kembali bergerak dan bangkit pasca bencana', 'prabowo pulihkan infrastruktur di banyak titik terdampak bencana karena akses jalan adalah kunci masyarakat bangkit pasca bencana', 'prabowo pulihkan infrastruktur lewat percepatan akses darurat agar masyarakat bangkit pasca bencana']"
112,19,112_purn_tni_hor_jenderal,"['purn', 'tni', 'hor', 'jenderal', 'lettu', 'menkopolkam', 'letjen', 'djamari', 'chaniago', 'sjamsoeddin']","['jabatan penting negara saat ini presiden ri jenderal tni hor purn prabowo seskab letkol tni teddy menkopolkam letjen tni purn djamari chaniago menhan jenderal tni hor purn sjafrie sjamsoeddin menlu lettu tni soegiono menko bidang infrastruktur dan pembangunan', 'jabatan penting negara saat ini presiden ri jenderal tni hor purn prabowo seskab letkol tni teddy menkopolkam letjen tni purn djamari chaniago menhan jenderal tni hor purn sjafrie sjamsoeddin menlu lettu tni soegiono menko bidang infrastruktur dan pembangunan', 'jabatan penting negara saat ini presiden ri jenderal tni hor purn prabowo seskab letkol tni teddy menkopolkam letjen tni purn djamari chaniago menhan jenderal tni hor purn sjafrie sjamsoeddin menlu lettu tni soegiono menko bidang infrastruktur dan pembangunan']"
113,19,113_diplomat_diplomatik_seorg_kemenlu,"['diplomat', 'diplomatik', 'seorg', 'kemenlu', 'hubungan', 'visa', 'trump', 'citizenship', 'corong', 'chinarusia']","['diplomat tuh corong pemrenta kak apalagi kan menlu nya bkn diplomat karir tp org kepercayaan onoh jadiya ga bisa diarepin pun', 'jokowi yg ktnya gk pinter aja ttp menempatkan seorg diplomat sbg menlu krn dia tau pentingnya pengetahuan diplomatik seorg menlu prabowo malah nunjuk seorg disertir tentara yg tahunan wara wiri jd pengawal dia bawain handuk kecil basah utk menyeka mukanya utk jd menlu', 'diplomat kosaku kuroda ini influence terbesar memutuskan untuk mau menjadi diplomat ambil s ilmu politik belajar dan cari cara buat bisa lolos cpns kemenlu tapi gagal biasalah karena brokenheart dan losing muse and motivation to reach that dream again']"
114,19,114_keluar_omon_eehh_prestasinyaaaa,"['keluar', 'omon', 'eehh', 'prestasinyaaaa', 'taksi', 'sianipar', 'saiki', 'fuckk', 'laknatullah', 'mang']","['keluar keluar jadi presiden', 'rak jelas mang presiden saiki', 'takut bgt pas keluar jadi presiden eehh']"
115,18,115_cc_cosplay_more_amiin,"['cc', 'cosplay', 'more', 'amiin', 'thank', 'you', 'nah', 'abs', 'beneran', 'ada']","['cc', 'cc', 'more cosplay']"
116,18,116_militer_eksternal_persona_kelen,"['militer', 'eksternal', 'persona', 'kelen', 'polandia', 'mrpresiden', 'wartawan', 'jika', 'indon', 'ruang']","['pejabat indon sengaja ngebiarin amp gk menetapkan bencana nasional biar gk ngeluarin duit lbh amp berharap bantuan internasional tnp hrus ngasih tau scr resmi emg bgsd kelen pejabat indon ketika butuh suara ampe pelosok negeri kelen datangi giliran mrk butuh bantuan kalian diamkan', 'slm sy bkerja di eo kepresidenan jkw sllu mnghindar sesi bilateral menolak interview dg wartawan asing sekalinya intrview wartawan hrs dbriefing pertanyaan shg pihak protokoler dan kemenlu dpt menyiapkan jawaban utk jkw jd jgn bilang dia hebat kl smua settingan', 'hi grok coba tolong analisa dan jelaskan versi aku berdasarkan akunku mbti pekerjaan iq eq sq zodiak genre musik persona jika menjadi standup komedian persona jika menjadi presiden persona jika menjadi artis kesimpulan']"
117,18,117_dg_jokowi_amsterdam_paris,"['dg', 'jokowi', 'amsterdam', 'paris', 'bersihkan', 'bertanya', 'diaspora', 'jawaban', 'sigit', 'orangorang']","['dari diskusi dg diaspora di amsterdam dan paris semua bertanya ada apa dg presiden sehingga tdk berani bersihkan orangorang jokowi terutama kapolri jawaban saya hanya allah prabowo jokowi dan sigit yang tahu', 'dari diskusi dg diaspora di amsterdam dan paris semua bertanya ada apa dg presiden sehingga tdk berani bersihkan orangorang jokowi terutama kapolri jawaban saya hanya allah prabowo jokowi dan sigit yang tahu', 'dari diskusi dg diaspora di amsterdam dan paris semua bertanya ada apa dg presiden sehingga tdk berani bersihkan orangorang jokowi terutama kapolri jawaban saya hanya allah prabowo jokowi dan sigit yang tahu']"
118,18,118_cair_semuatanganibencana_provinsi_rp,"['cair', 'semuatanganibencana', 'provinsi', 'rp', 'bantuan', 'sudah', 'miliar', 'kota', 'kabupaten', 'dapat']","['bantuan presiden sudah cair provinsi dapat rp m kabupaten kota rp miliar semuatanganibencana', 'bantuan presiden sudah cair provinsi dapat m kabupaten kota dapat m semuatanganibencana', 'bantuan presiden sudah cair provinsi dapat m kabupaten dapat m semuatanganibencana']"
119,18,119_dg_jokowi_amsterdam_paris,"['dg', 'jokowi', 'amsterdam', 'paris', 'bersihkan', 'bertanya', 'diaspora', 'jawaban', 'sigit', 'orangorang']","['dari diskusi dg diaspora di amsterdam dan paris semua bertanya ada apa dg presiden sehingga tdk berani bersihkan orangorang jokowi terutama kapolri jawaban saya hanya allah prabowo jokowi dan sigit yang tahu', 'dari diskusi dg diaspora di amsterdam dan paris semua bertanya ada apa dg presiden sehingga tdk berani bersihkan orangorang jokowi terutama kapolri jawaban saya hanya allah prabowo jokowi dan sigit yang tahu', 'dari diskusi dg diaspora di amsterdam dan paris semua bertanya ada apa dg presiden sehingga tdk berani bersihkan orangorang jokowi terutama kapolri jawaban saya hanya allah prabowo jokowi dan sigit yang tahu']"
120,17,120_menangkap_pengadilan_membawanya_mengadilinya,"['menangkap', 'pengadilan', 'membawanya', 'mengadilinya', 'netanyahu', 'operasi', 'mengapa', 'terpilih', 'nicols', 'israel']","['jika as dapat melakukan operasi di venezuela untuk menangkap nicols maduro seorang presiden terpilih amp mengadilinya di pengadilan amerika lalu mengapa tidak mungkin untuk menangkap netanyahu dari israel dan membawanya ke pengadilan internasional', 'jika as dapat melakukan operasi di venezuela untuk menangkap nicols maduro seorang presiden terpilih amp mengadilinya di pengadilan amerika lalu mengapa tidak mungkin untuk menangkap netanyahu dari israel dan membawanya ke pengadilan internasional', 'jika as dapat melakukan operasi di venezuela untuk menangkap nicols maduro seorang presiden terpilih amp mengadilinya di pengadilan amerika lalu mengapa tidak mungkin untuk menangkap netanyahu dari israel dan membawanya ke pengadilan internasional']"
121,17,121_video_ngoceh_dlm_suatu,"['video', 'ngoceh', 'dlm', 'suatu', 'nonton', 'dr', 'masalah', 'rongrongan', 'penyampai', 'pembuat']","['nkri ada dlm rongrongan bkn cuma pki nmn rongrongan dr bekas penjajah nkri australia mengapa bin amp bais jg kemenlu diam apalagi yg kerjanya cuma bikin uu menyengsarakan rakyat sadarkah pa lihat video kucing mujair tiktok', 'terlihat dlm video ini dia berperan sbg seorang pejabat yg punya kompetensi menilai suatu masalah dlm tata kelola pemerintahan pdhal tupoksinya adalah sbg penyampai pesan dr presiden kpd rakyat bukan pjbat pmbuat analisis atas suatu kebijakan atau pembuat opini', 'terlihat dlm video ini dia berperan sbg seorang pejabat yg punya kompetensi menilai suatu masalah dlm tata kelola pemerintahan pdhal tupoksinya adalah sbg penyampai pesan dr presiden kpd rakyat bukan pjbat pmbuat analisis atas suatu kebijakan atau pembuat opini']"
122,17,122_fadli_zon_komunis_bahaya,"['fadli', 'zon', 'komunis', 'bahaya', 'sebut', 'jawab', 'partai', 'minta', 'china', 'kemenlu']","['fadli zon minta kemenlu jawab amerika yang sebut indonesia dalam bahaya partai komunis china', 'fadli zon minta kemenlu jawab amerika yang sebut indonesia dalam bahaya partai komunis china', 'fadli zon minta kemenlu jawab amerika yang sebut indonesia dalam bahaya partai komunis china']"
123,17,123_wn_brutal_terancam_area,"['wn', 'brutal', 'terancam', 'area', 'bersenjata', 'tambang', 'aksi', 'emas', 'serang', 'kedaulatan']","['kedaulatan negara sudah terancam secara nyata aksi brutal wn china bersenjata serang tni di area tambang emas', 'kedaulatan negara sudah terancam secara nyata aksi brutal wn china bersenjata serang tni di area tambang emas', 'kedaulatan negara sudah terancam secara nyata aksi brutal wn china bersenjata serang tni di area tambang emas']"
124,17,124_politik_polri_kepentingan_parpol,"['politik', 'polri', 'kepentingan', 'parpol', 'sipil', 'tertinggi', 'skarang', 'partai', 'kekuasaan', 'ditambah']","['politik kita ini sangat gampang brubah justru presiden ini tetap harus sebagai wasit saja kebiasaan orang asia kalo punya kekuasana di posisi tertinggi malah jadi diktator mkanya posisi tertinggi hanya seremonial saja perdana menteri sebagai eksekutif diawasi presiden', 'kan selama ini biang keroknya cuma partai politik bagaimana bisa partai politik mengawasi partainya sendiri sedang negara ini tidak punya presiden sama sekali presiden cuma pajangan atau boneka ketua partai politik', 'sudah terlanjur dari sejak lama tidak hanya saat skarang skarang ini dari dulu semua berawal dari kepentingan masing masing partai politik sehingga dpr mk mpr polri tni presiden kepala daerah bumn ditambah lagi masyarakat yang sok pinter sehingga semuanya amburadul']"
125,17,125_punya_gini_cuma_ditaruh,"['punya', 'gini', 'cuma', 'ditaruh', 'meong', 'naruta', 'play', 'silit', 'intrumen', 'kapori']","['punya presiden yang luar biasa kayak gini', 'hampir punya presiden kayak gini', 'punya presiden gini banget']"
126,16,126_donald_trump_thailand_ukraina,"['donald', 'trump', 'thailand', 'ukraina', 'kemboja', 'syarikat', 'konflik', 'perang', 'dakwaan', 'bangkok']","['presiden trump tegaskan penanganan konflik ukraina butuh keseriusan ekstrem setiap langkah yang mainmain berpotensi memicu perang dunia ketiga baca detail peringatan trump narayapost trump ukraina perangdunia geopolitik', 'phnompenh kemboja menutup semua lintasan sempadannya dengan thailand semalam selepas bangkok menafikan dakwaan presiden amerika syarikat as donald trump bahawa satu gencatan senjata sudah dipersetujui', 'konflik thailandkemboja kemboja menutup semua pintu lintasan sempadannya dengan thailand selepas bangkok menafikan dakwaan presiden amerika syarikat as donald trump bahawa satu gencatan senjata telah dipersetujui buletintv sempadanditutup kembojathailand']"
127,16,127_sumatra_hunian_pembangunan_terdampak,"['sumatra', 'hunian', 'pembangunan', 'terdampak', 'warga', 'huniankorbanbencana', 'sementara', 'tetap', 'memulihkan', 'seluruh']","['pembangunan hunian sementara dan hunian tetap untuk seluruh warga terdampak bencana di sumatra presiden ingin secepat mungkin segera selesai terbangun jelasnya', 'dalam rangka pemulihan bencana presiden prabowo secara tegas mendesak pembangunan hunian sementara dan hunian tetap bagi seluruh warga di sumatra dipercepat secepatnya huniankorbanbencana memulihkan warga terdampak', 'presiden prabowo subianto secara tegas mendesak pembangunan hunian sementara dan hunian tetap bagi seluruh warga di sumatra agar dipercepat huniankorbanbencana memulihkan warga terdampak']"
128,16,128_papua_bergerakuntukpapua_taiwan_timur,"['papua', 'bergerakuntukpapua', 'taiwan', 'timur', 'polugri', 'paniai', 'smasmk', 'papuabarat', 'menggema', 'enam']","['program mbg presiden prabowo harus sampai ke papua t komisi xiii dpr ri benar prioritaskan siswa tksma di enam provinsi papua kurangi stunting bangun generasi emas dukung terus', 'presiden indonesia akan selalu menjadikan papua sebagai prioritas dan akan terus membantu masyarakat papua karena papua merupakan bagian penting indonesia dari timur kemajuan menggema bergerakuntukpapua', 'presiden indonesia akan selalu menjadikan papua sebagai prioritas dan akan terus membantu masyarakat papua karena papua merupakan bagian penting indonesia dari timur kemajuan menggema bergerakuntukpapua']"
129,16,129_diarak_memindahkan_provokatif_van,"['diarak', 'memindahkan', 'provokatif', 'van', 'menginjakinjak', 'unjuk', 'york', 'biadab', 'jalanan', 'new']","['biadab menginjakinjak harga diri pemimpin suatu negara presiden venezuela diarak di jalan raya as dalam sebuah unjuk kekuatan yang provokatif pasukan amerika serikat yang bersenjata lengkap terlihat memindahkan nicols maduro melalui jalanan new york dengan pintu van', 'biadab menginjakinjak harga diri pemimpin suatu negara presiden venezuela diarak di jalan raya as dalam sebuah unjuk kekuatan yang provokatif pasukan amerika serikat yang bersenjata lengkap terlihat memindahkan nicols maduro melalui jalanan new york dengan pintu van', 'biadab menginjakinjak harga diri pemimpin suatu negara presiden venezuela diarak di jalan raya as dalam sebuah unjuk kekuatan yang provokatif pasukan amerika serikat yang bersenjata lengkap terlihat memindahkan nicols maduro melalui jalanan new york dengan pintu van']"
130,15,130_perkara_metro_polda_jaya,"['perkara', 'metro', 'polda', 'jaya', 'ijazah', 'khusus', 'joko', 'widodo', 'gelar', 'palsu']","['sudah berlangsung selama jam gelar perkara khusus kasus dugaan ijazah palsu presiden ke ri joko widodo yang digelar polda metro jaya atas permintaan roy suryo cs senin fae', 'kuasa hukum roy suryo cs menegaskan akan menyoroti sejumlah aspek dalam gelar perkara khusus terkait kasus dugaan ijazah palsu presiden ke ri joko widodo yang digelar di polda metro jaya senin baca di sini ta roysuryo ijazah jokowi', 'polda metro jaya menjadwalkan gelar perkara khusus terkait kasus tudingan ijazah palsu presiden ke ri joko widodo pada senin desember pihak joko widodo menyatakan siap menghadiri gelar perkara khusus tersebut sesuai undangan dari polda metro jaya kuasa hukum']"
131,15,131_kemenkum_diy_kanwil_kementerianhukum,"['kemenkum', 'diy', 'kanwil', 'kementerianhukum', 'setahunberdampak', 'layananhukummakinmudah', 'kanwilkemenkumdiy', 'kemenlu', 'amp', 'sinergi']","['kemenkum amp kemenlu tunjukkan sinergi kuat demi kepentingan nasional di kancah global kementerianhukum kanwilkemenkumdiy layananhukummakinmudah setahunberdampak kanwil kemenkum diy', 'kemenkum amp kemenlu sinergi terbaik untuk ki global kementerianhukum kanwilkemenkumdiy layananhukummakinmudah setahunberdampak kanwil kemenkum diy', 'setahunberdampak kanwil kemenkum diy kemenkum amp kemenlu bersatu kawal royalti global yang berkeadilan kementerianhukum kanwilkemenkumdiy layananhukummakinmudah setahunberdampak kanwil kemenkum diy']"
132,15,132_foto_louvre_museum_namtan,"['foto', 'louvre', 'museum', 'namtan', 'sumatera', 'becak', 'fotomaulana', 'disembunyiin', 'dikutip', 'chindo']","['ribuan pengunjung kecewa usai museum louvre paris perancis tutup pada senin penutupan museum louvre ini imbas aksi mogok kerja para pegawainya dikutip dari afp senin mereka menuntut penambahan staf louvre paris', 'namanya jg presiden npd dateng ke lokasi foto foto ngomong ngalur ngidul abis itu pulang yg penting udh ada dokumentasi', 'sepertinya udah menjalar ke yang lain model begini modal foto doang kerja abis foto tidur lagi atau ngeluyur']"
133,15,133_republik_subianto_indonesia_bekasi,"['republik', 'subianto', 'indonesia', 'bekasi', 'putih', 'normal', 'merah', 'idola', 'kejaksaan', 'bogor']","['presiden republik indonesia prabowo subianto menggelar pertemuan dengan sejumlah menteri kabinet merah putih di kediaman pribadinya di hambalang jawa barat minggu', 'presiden republik indonesia prabowo subianto menargetkan pemulihan aliran listrik dapat kembali normal persen secepatnya di seluruh wilayah terdampak bencana banjir bandang di sumatera presiden prabowosubianto listrik aceh idola smg indonesia', 'presiden republik indonesia prabowo subianto menargetkan pemulihan aliran listrik dapat kembali normal persen secepatnya di seluruh wilayah terdampak bencana banjir bandang di sumatera presiden prabowosubianto listrik aceh idola smg indonesia']"
134,15,134_konsesi_gajah_lahan_konservasi,"['konsesi', 'gajah', 'lahan', 'konservasi', 'seluas', 'tusam', 'miliknya', 'hutani', 'berasal', 'lestari']","['presiden prabowo subianto menyerahkan konsesi lahan seluas hektar di aceh untuk program konservasi gajah lahan itu berasal dari konsesi miliknya melalui pt tusam hutani lestari baca di prabowosubianto aceh gajah', 'presiden prabowo subianto menyerahkan konsesi lahan seluas hektar di aceh untuk program konservasi gajah lahan itu berasal dari konsesi miliknya melalui pt tusam hutani lestari baca di prabowosubianto aceh gajah', 'presiden prabowo subianto menyerahkan konsesi lahan seluas hektar di aceh untuk program konservasi gajah lahan itu berasal dari konsesi miliknya melalui pt tusam hutani lestari baca di prabowosubianto aceh gajah']"
135,15,135_polri_berkolaborasi_instruksi_pln,"['polri', 'berkolaborasi', 'instruksi', 'pln', 'saatnya', 'melaksanakan', 'ber', 'kesesuaian', 'jidat', 'diapolitisi']","['melaksanakan instruksi presiden tni polri dan pln berkolaborasi pulihkan listrik pasca bencana saatnya bahu membahu ber', 'melaksanakan instruksi presiden tni polri dan pln berkolaborasi pulihkan listrik pasca bencana saatnya bahu membahu ber', 'melaksanakan instruksi presiden tni polri dan pln berkolaborasi pulihkan listrik pasca bencana saatnya bahu membahu ber']"
136,15,136_islam_jamaah_dipukul_priuk,"['islam', 'jamaah', 'dipukul', 'priuk', 'warsidi', 'lawannya', 'contohnya', 'orba', 'jaman', 'peristiwa']","['kalau jaman orba nih tni dipukul mundur gini ga lama balik lagi bawa pasukan ratusan orang contohnya saat peristiwa priuk dan jamaah warsidi apakah karena lawannya bukan orang islam dan bukan wni', 'kalau jaman orba nih tni dipukul mundur gini ga lama balik lagi bawa pasukan ratusan orang contohnya saat peristiwa priuk dan jamaah warsidi apakah karena lawannya bukan orang islam dan bukan wni', 'kalau jaman orba nih tni dipukul mundur gini ga lama balik lagi bawa pasukan ratusan orang contohnya saat peristiwa priuk dan jamaah warsidi apakah karena lawannya bukan orang islam dan bukan wni']"
137,15,137_beradab_nicolas_mengecam_keluarkan,"['beradab', 'nicolas', 'mengecam', 'keluarkan', 'sebagian', 'maduro', 'bangsa', 'besar', 'menculik', 'pemimpin']","['sebagian besar pemimpin bangsa beradab sudah keluarkan pernyataan mengecam presiden as trump karena menculik presiden venezuela nicolas maduro presiden indonesia', 'sebagian besar pemimpin bangsa beradab sudah keluarkan pernyataan mengecam presiden as trump karena menculik presiden venezuela nicolas maduro presiden indonesia', 'sebagian besar pemimpin bangsa beradab sudah keluarkan pernyataan mengecam presiden as trump karena menculik presiden venezuela nicolas maduro presiden indonesia']"
138,14,138_china_jepang_ketegangan_taiwan,"['china', 'jepang', 'ketegangan', 'taiwan', 'memicu', 'pbb', 'luhut', 'asiatimur', 'indonesiaupdate', 'beijing']","['sebagian orang menduga pembatalan ini berkaitan dengan meningkatnya ketegangan hubungan jepang china terutama setelah pernyataan pm jepang sanae takaichi mengenai isu taiwan yang memicu reaksi keras dari pihak china', 'menlu china menilai pernyataan pm jepang sudah melewati batas memicu ketegangan baru di asia timur narayapost china jepang geopolitik asiatimur isuglobal diplomasi beritaterkini indonesiaupdate', 'menlu china menilai pernyataan pm jepang sudah melewati batas memicu ketegangan baru di asia timur narayapost china jepang geopolitik asiatimur isuglobal diplomasi beritaterkini indonesiaupdate']"
139,14,139_program_mbg_dakwah_junior,"['program', 'mbg', 'dakwah', 'junior', 'proyek', 'sehatbersama', 'fia', 'pemeriksaangratis', 'kesehatanuntuksemua', 'indonesiapeduli']","['bupati adalah conductor dan arranger program mbg di daerah lumajang selama ini kepala daerah seolaholah hanya menjadi penonton dalam pelaksanaan program makan bergizi gratis mbg namun setelah keputusan presiden keppres nomor tahun tentang tim koordinas antar', 'program cek kesehatan gratis ini merupakan salah satu program quick win presiden prabowo subianto yang menyasar juta masyarakat sehatbersama kesehatanuntuksemua indonesiapeduli pemeriksaangratis', 'program cek kesehatan gratis ini merupakan salah satu program quick win presiden prabowo subianto yang menyasar juta masyarakat sehatbersama kesehatanuntuksemua indonesiapeduli pemeriksaangratis']"
140,14,140_cuma_dayang_keinginan_hati,"['cuma', 'dayang', 'keinginan', 'hati', 'bahkan', 'omonomon', 'fungsi', 'kamu', 'alasan', 'meskipun']","['presiden tidak mau mendengar keinginan rakyatnya kapolri pratikno bahlil zul hasan raja juli luhut dan grup jokowi lainnya minta agar diganti presiden memilih membiarkan mereka tetap di posisinya perubahan mimpi bahkan teriakan purnawirawan pun diabaikaannya', 'hati hati dan harus dilawan fufufafa bisa jadi presiden meskipun hanya sebulan atau bahkan hari yg terpenting keinginan dia sudah tercapai tercatat sebagai deretan presiden meskipun cuma sebentar', 'presiden jawa sipil wakil non jawa militer menteri kunci mendagri harun zain ekonom gubernur periode eks kopral trip front jatim menlu mochtar kusumatmaja ahli hukum laut menhan m panggabean jenderal batak menkeu ali wardhana ka bappenas samaun samadikun']"
141,14,141_games_sea_atlet_menpora,"['games', 'sea', 'atlet', 'menpora', 'medali', 'bonus', 'erick', 'emas', 'miliar', 'thailand']","['menpora erick menegaskan bonus rp miliar di sea games bukan sekadar angka tapi bentuk dukungan serius presiden prabowo ke atlet nasional berita menpora olahragaindonesia seagames', 'bonus rp miliar untuk atlet sea games disebut menpora erick thohir sebagai bukti nyata komitmen presiden prabowo mendukung olahraga indonesia berita menpora erickthohir seagames', 'prestasi gemilang sea games atlet indonesia dapat bonus fantastis presiden prabowo turut menyampaikan rasa bangga dan salam kepada seluruh atlet sea games']"
142,13,142_nguji_ngajarin_kesabaran_sabar,"['nguji', 'ngajarin', 'kesabaran', 'sabar', 'usah', 'wni', 'gw', 'nih', 'banget', 'ga']","['ga usah ngajarin gw sabar jadi wni aja udah nguji kesabaran banget nih', 'ga usah ngajarin gw sabar jadi wni aja udah nguji kesabaran banget nih', 'ga usah ngajarin gw sabar jadi wni aja udah nguji kesabaran banget nih']"
143,13,143_produkproduk_tkdn_sepakat_hapus,"['produkproduk', 'tkdn', 'sepakat', 'hapus', 'syarat', 'trump', 'dengan', 'as', 'produk', 'ngajak']","['sepakat dengan trump prabowo hapus syarat tkdn produkproduk as', 'sepakat dengan trump prabowo hapus syarat tkdn produkproduk as', 'sepakat dengan trump prabowo hapus syarat tkdn produkproduk as']"
144,12,144_rehabilitasi_indonesiabangkit_tanggapbencana_fase,"['rehabilitasi', 'indonesiabangkit', 'tanggapbencana', 'fase', 'jangka', 'negarahadir', 'panjang', 'sumatera', 'prioritas', 'barat']","['pasca banjir dan longsor di aceh sumatera utara dan sumatera barat pemerintah masuk fase rehabilitasi dan rekonstruksi presiden prabowo subianto menegaskan pemulihan jangka panjang sebagai prioritas nasional negarahadir tanggapbencana indonesiabangkit', 'pasca banjir dan longsor di aceh sumatera utara dan sumatera barat pemerintah masuk fase rehabilitasi dan rekonstruksi presiden prabowo subianto menegaskan pemulihan jangka panjang sebagai prioritas nasional negarahadir tanggapbencana indonesiabangkit', 'pasca banjir dan longsor di aceh sumatera utara dan sumatera barat pemerintah masuk fase rehabilitasi dan rekonstruksi presiden prabowo subianto menegaskan pemulihan jangka panjang sebagai prioritas nasional negarahadir tanggapbencana indonesiabangkit']"
145,12,145_layak_menekankan_huniankorbanbencana_kilat,"['layak', 'menekankan', 'huniankorbanbencana', 'kilat', 'memulihkan', 'diselesaikan', 'tinggal', 'menempati', 'aman', 'konstruksi']","['presiden prabowo menekankan agar proses konstruksi harus diselesaikan secara kilat demi memastikan masyarakat dapat kembali menempati tempat tinggal yg layak dan aman ketersediaan bahan pokok juga akan menjadi pembahasan utama huniankorbanbencana memulihkan warga terdampak', 'presiden prabowo menekankan supaya proses konstruksi segera diselesaikan secara kilat untuk memastikan masyarakat agar bisa kembali menempati tempat tinggal yang layak dan aman huniankorbanbencana memulihkan warga terdampak', 'presiden prabowo menekankan agar proses konstruksi harus diselesaikan secara kilat demi memastikan masyarakat dapat kembali menempati tempat tinggal yang layak dan aman huniankorbanbencana memulihkan warga terdampak']"
146,12,146_kuripan_polsek_bhabinkamtibmas_monitoring,"['kuripan', 'polsek', 'bhabinkamtibmas', 'monitoring', 'tanaman', 'pertumbuhan', 'albarokah', 'tani', 'melaksanakan', 'sambang']","['dukung asta cita presiden ri bhabinkamtibmas polsek kuripan aipda wawan adi dan briptu m nur hidayat bersama kelompok tani albarokah melaksanakan monitoring pertumbuhan tanaman jagung di desa jatisari kec kuripan kabupaten probolinggo sebagai wujud ketahanan pangan', 'dukung asta cita presiden ri bhabinkamtibmas polsek kuripan aipda wawan adi dan briptu m nur hidayat bersama kelompok tani albarokah melaksanakan monitoring pertumbuhan tanaman jagung di desa jatisari kec kuripan kabupaten probolinggo sebagai wujud ketahanan pangan', 'dukung asta cita presiden ri bhabinkamtibmas polsek kuripan aipda wawan adi dan briptu m nur hidayat bersama kelompok tani albarokah melaksanakan monitoring pertumbuhan tanaman jagung di desa jatisari kec kuripan kabupaten probolinggo sebagai wujud ketahanan pangan']"
147,12,147_diuji_nabi_firaun_penyakit,"['diuji', 'nabi', 'firaun', 'penyakit', 'kemiskinan', 'nuh', 'ngeres', 'ayyub', 'pemerintahnya', 'planga']","['nabi nuh diuji dengan bencana nabi ayyub diuji dengan penyakit dan kemiskinan nabi musa diuji dengan firaun dan wni diuji dengan bencana penyakit kemiskinan dan pemerintahnya yang mirip firaun dan punya wapres yang planga plongo dan otak yg ngeres', 'nabi nuh diuji dengan bencana nabi ayyub diuji dengan penyakit dan kemiskinan nabi musa diuji dengan firaun dan wni diuji dengan bencana penyakit kemiskinan dan pemerintahnya yang mirip firaun dan punya wapres yang planga plongo dan otak yg ngeres', 'nabi nuh diuji dengan bencana nabi ayyub diuji dengan penyakit dan kemiskinan nabi musa diuji dengan firaun dan wni diuji dengan bencana penyakit kemiskinan dan pemerintahnya yang mirip firaun dan punya wapres yang planga plongo dan otak yg ngeres']"
148,12,148_australia_pantai_bondi_sydney,"['australia', 'pantai', 'bondi', 'sydney', 'penembakan', 'hanukkah', 'sehubungan', 'insiden', 'serangan', 'perayaan']","['presiden finlandia alexander stubb sehubungan insiden penembakan pantai bondi serangan teroris malam ini pada perayaan hanukkah di pantai bondi sangat mengejutkan dan menghancurkan', 'presiden volodymyr zelensky bereaksi sehubungan insiden pantai bondi ukraina menyatakan solidaritasnya dengan australia dalam menghadapi serangan teroris brutal di pantai bondi sydney yang menargetkan komunitas yahudi pada awal hanukkah kami menyampaikan belasungkawa kepa', 'kaja kallas wakil presiden komisi eropa sehubungan insiden pantai bondi saya sangat terkejut dengan gambargambar mengerikan dari penembakan saat perayaan hanukkah di pantai bondi australia']"
149,12,149_huntara_huntap_huniankorbanbencana_hunian,"['huntara', 'huntap', 'huniankorbanbencana', 'hunian', 'memulihkan', 'sumatra', 'terdampak', 'pembangunan', 'sementara', 'warga']","['presiden prabowo perintahkan percepatan huntara dan huntap di sumatra langkah cepat negara hadir untuk memulihkan warga terdampak pascabencana huniankorbanbencana', 'presiden perintah percepatan pembangunan hunian sementara huntara dan hunian tetap huntap bagi seluruh korban bencana di sumatra huniankorbanbencana memulihkan warga terdampak', 'presiden prabowo secara tegas mendesak pembangunan hunian sementara huntara dan hunian tetap huntap bagi seluruh warga di sumatra huniankorbanbencana memulihkan warga terdampak']"
150,12,150_juga_sawit_lu_teges,"['juga', 'sawit', 'lu', 'teges', 'raut', 'ada', 'masing', 'duduk', 'kayak', 'itulah']","['kok bisa ada narasi begini siselayaknya manusia normal aja si gila lu kalo ketawa liat korban bencana inimah wajar anjirrr lagian apalagi beliau presiden lagian juga kayak gaada raut sedih si itu lebih ke raut muka malas menanggapi bencana', 'karena dari awal mqf juga ada buat ngedukung keduanya gaada presiden an dukung karir masing masing kurang bersyukur apa cb dari lama dipisahin tp sekalinya ada momen hypenya kenceng bgt kalo ada momen ya syukur ngga ya yauda masi aja ada yg salty', 'mengadi negeri gimana lu gak teges pas ada ruu kuhp disahkan lu gak teges pas bencana dan lu juga yang punya lahan sawit dengan luas hektar dan lu presiden dan punya sawit jujur gw takut qrt gini bentar gw gembokan dulu']"
151,12,151_tunku_tersebut_syed_reserve,"['tunku', 'tersebut', 'syed', 'reserve', 'federal', 'tanggul', 'terulang', 'provinsi', 'serupa', 'independen']","['selamat menyambut ulang tahun hari keputeraan yang ke kepada tunku besar tampin merangkap presiden pbns ytm kol k tunku syed razman ibni tunku syed idrus alqadri', 'sementara terkait percepatan perbaikan infrastruktur khususnya tanggul presiden turut menyoroti hal tersebut sebagai langkah pencegahan agar bencana serupa tidak terulang presiden menyatakan bahwa seluruh kekuatan negara dikerahkan untuk mendukung upaya tersebut', 'sementara terkait percepatan perbaikan infrastruktur khususnya tanggul presiden turut menyoroti hal tersebut sebagai langkah pencegahan agar bencana serupa tidak terulang presiden menyatakan bahwa seluruh kekuatan negara dikerahkan untuk mendukung upaya tersebut']"
152,12,152_pengen_pengangguran_pekerjaan_dikonsultasikan,"['pengen', 'pengangguran', 'pekerjaan', 'dikonsultasikan', 'dihhh', 'pengusung', 'pengem', 'pengemis', 'pengennya', 'menerobos']","['perkap nomor tahun pengamat intelijen yakin sudah dikonsultasikan ke presiden', 'kok rada aneh hak sih bisa menerobos pengamanan presiden sekedar nanya maaf jika salah', 'alhamdulillah kalau benar jd presiden jd bertambah lama jg si rismon dpt kerja jd pengacara pengangguran byk acara']"
153,11,153_diplomasi_kemenkum_kanwilkemenkumdiy_diy,"['diplomasi', 'kemenkum', 'kanwilkemenkumdiy', 'diy', 'kanwil', 'setahunberdampak', 'layananhukummakinmudah', 'kementerianhukum', 'negosiasi', 'mesir']","['koordinasi yang baik antara djki bsk hukum dan kemenlu adalah kunci sukses diplomasi kementerianhukum kanwilkemenkumdiy layananhukummakinmudah setahunberdampak kanwil kemenkum diy', 'kemenkum amp kemenlu kerja sama erat untuk sukseskan diplomasi hak cipta kementerianhukum kanwilkemenkumdiy layananhukummakinmudah setahunberdampak kanwil kemenkum diy', 'strategi diplomasi amp negosiasi menjadi fokus utama pertemuan kemenkumkemenlu kementerianhukum kanwilkemenkumdiy layananhukummakinmudah setahunberdampak kanwil kemenkum diy']"
154,11,154_hambalang_rapat_hunian_korban,"['hambalang', 'rapat', 'hunian', 'korban', 'pembangunan', 'percepatan', 'dorong', 'huniankorbanbencana', 'memulihkan', 'terdampak']","['rapat darurat di hambalang menegaskan fokus presiden prabowo pada percepatan hunian dan pemenuhan kebutuhan dasar korban bencana huniankorbanbencana memulihkan warga terdampak', 'rapat di hambalang presiden prabowo dorong percepat pembangunan hunian korban bencana untuk memulihkan warga terdampak huniankorbanbencana', 'rapat di hambalang presiden prabowo dorong percepatan pembangunan hunian korban bencana huniankorbanbencana memulihkan warga terdampak']"
155,11,155_geopolitik_catatan_petani_petanigodigital,"['geopolitik', 'catatan', 'petani', 'petanigodigital', 'sdmpetaniunggul', 'avic', 'ccpresident', 'geostrategis', 'geografi', 'lumbung']","['siap kandasuksesampsehat selalu kanda menteri laporan catatan geopolitik internasional petani indonesia menuju lumbung pangan dunia yang damai sdmpetaniunggul petanigodigital ccpresiden amp mas', 'catatan geostrategis internasional petani indonesia sebagai nahkoda arah bangsabangsa membangun dunia baru sdmpetaniunggul petanigodigital ccpresiden amp kanda menteri', 'catatan geopolitik internasional petani indonesia menuju lumbung pangan dunia yang damai sdmpetaniunggul petanigodigital ccpresident kanda menteri mas']"
156,11,156_optimisme_evakuasiprioritas_dukasumateradukakita_pemerintahcepattanggap,"['optimisme', 'evakuasiprioritas', 'dukasumateradukakita', 'pemerintahcepattanggap', 'sinergiuntuknegeri', 'berbagi', 'haru', 'tumbuh', 'empati', 'bertemu']","['haru saat pemimpin datang dengan empati harapan tumbuh presiden prabowo bertemu korban banjir aceh berbagi kekuatan dan optimisme sinergiuntuknegeri pemerintahcepattanggap negarahadir dukasumateradukakita evakuasiprioritas', 'haru saat pemimpin datang dengan empati harapan tumbuh presiden prabowo bertemu korban banjir aceh berbagi kekuatan dan optimisme sinergiuntuknegeri pemerintahcepattanggap negarahadir dukasumateradukakita evakuasiprioritas', 'haru saat pemimpin datang dengan empati harapan tumbuh presiden prabowo bertemu korban banjir aceh berbagi kekuatan dan optimisme sinergiuntuknegeri pemerintahcepattanggap negarahadir dukasumateradukakita evakuasiprioritas']"
157,11,157_nepalkanpejabatbusuk_nepalkan_nepal_melawan,"['nepalkanpejabatbusuk', 'nepalkan', 'nepal', 'melawan', 'putusan', 'tenda', 'pm', 'berpenghuni', 'assegaf', 'genzmilenial']","['presiden prabowo diminta pecat bahlil dan dirut pln buntut kebohongan soal listrik di aceh pulih nepalkanpejabatbusuk nepalkanpejabatbusuk', 'nepalkanpejabatbusuk nepalkanpejabatbusuk kapolri melawan presiden dan mk kesimpulannya apa', 'nepalkan pejabat busuk semakin hari negara semakin kacau polri berani melawan putusan mk dgn putusan kapolri yg menetapkan anggota polri boleh menduduki jabatan sipil pak msh presiden ri nepalkanpejabatbusuk nepalkanpejabatbusuk']"
158,11,158_km_lorong_patuhi_papan,"['km', 'lorong', 'patuhi', 'papan', 'ditutup', 'penyelenggaraan', 'awas', 'harap', 'tanda', 'maklum']","['hrs awas kerja penyelenggaraan km km arah selatan dari klia ke bandar serenia lorong kanan ditutup patuhi arahan papan tanda harap maklum', 'hrs awas kerja penyelenggaraan km km arah selatan dari alor pongsu ke bukit merah lorong kanan ditutup patuhi arahan papan tanda harap maklum', 'hrs awas kerja penyelenggaraan km km arah selatan dari alor pongsu ke bukit merah lorong kanan ditutup patuhi arahan papan tanda harap maklum']"
159,10,159_forum_domestik_kemlu_koperasi,"['forum', 'domestik', 'kemlu', 'koperasi', 'memadai', 'stok', 'pemerintah', 'kemampuan', 'kemenlu', 'sekretaris']","['sekretaris utama bnn ri tantan sulistyana menghadiri rapat koordinasi forum sekretaris kementerianlembaga kl yang diselenggarakan oleh kementerian luar negeri kemenlu republik indonesia pada rabu pertemuan yang digelar di aula kantin diplomasi kemenlu jakarta', 'pernyataan resmi pemerintah indonesia seperti dari menlu dan bnpb menekankan kemampuan domestik cukup untuk tangani bencana banjir dan longsor di sumatra dengan stok logistik memadai dan tanpa kebutuhan bantuan asing namun laporan lapangan dari bnpb sendiri korban', 'alasan pemerintah indonesia membatasi bantuan asing untuk korban bencana di sumatra banjir amp longsor di aceh sumut sumbar berdasarkan pernyataan menhan amp menlu kemampuan domestik cukup stok logistik amp obat memadai distribusi via daratlautudara lancar amp keyakinan bisa']"
160,10,160_akad_kritikkritik_seakanakan_subsidi,"['akad', 'kritikkritik', 'seakanakan', 'subsidi', 'bravo', 'massal', 'seakan', 'hadir', 'ribu', 'terlihat']","['kegiatan akad massal ribu rumah subsidi hari sabtu lalu di serang banten di sini terlihat kalau menlu ri hadir seakan menjawab kritikkritik di luar sana bahwa seakanakan menlu ri tidak hadir dan bekerja bravo', 'kegiatan akad massal ribu rumah subsidi hari sabtu lalu di serang banten di sini terlihat kalau menlu ri hadir seakan menjawab kritikkritik di luar sana bahwa seakanakan menlu ri tidak hadir dan bekerja bravo', 'kegiatan akad massal ribu rumah subsidi hari sabtu lalu di serang banten di sini terlihat kalau menlu ri hadir seakan menjawab kritikkritik di luar sana bahwa seakanakan menlu ri tidak hadir dan bekerja bravo']"
161,10,161_dgn_as_yg_tidak,"['dgn', 'as', 'yg', 'tidak', 'berpendirian', 'bermitra', 'sungkantakut', 'iraq', 'penurut', 'south']","['saya heran membaca pernyataan re venezuela yg sangat standar dan sama sekali tidak menyebut amerika serikat sejak kapan kita sungkantakut mengkritik kawan yg lakukan pelanggaran hukum internasional kenapa menlu sugiono sampai sekarang tidak bersuara padahal dunia menunggu pandangan sbg pemain global south yg penting ini momen perlu percaya diri menunjukkan sikap sama ketika kita dulu menentang invasi as thdp iraq bebas aktif itu artinya berani berpendirian bermitra dgn as dan dgn negara manapun tidak boleh menjadikan negara penurut yg mengorbankan hal yg prinsipil', 'saya heran membaca pernyataan re venezuela yg sangat standar dan sama sekali tidak menyebut amerika serikat sejak kapan kita sungkantakut mengkritik kawan yg lakukan pelanggaran hukum internasional kenapa menlu sugiono sampai sekarang tidak bersuara padahal dunia menunggu pandangan sbg pemain global south yg penting ini momen perlu percaya diri menunjukkan sikap sama ketika kita dulu menentang invasi as thdp iraq bebas aktif itu artinya berani berpendirian bermitra dgn as dan dgn negara manapun tidak boleh menjadikan negara penurut yg mengorbankan hal yg prinsipil', 'saya heran membaca pernyataan re venezuela yg sangat standar dan sama sekali tidak menyebut amerika serikat sejak kapan kita sungkantakut mengkritik kawan yg lakukan pelanggaran hukum internasional kenapa menlu sugiono sampai sekarang tidak bersuara padahal dunia menunggu pandangan sbg pemain global south yg penting ini momen perlu percaya diri menunjukkan sikap sama ketika kita dulu menentang invasi as thdp iraq bebas aktif itu artinya berani berpendirian bermitra dgn as dan dgn negara manapun tidak boleh menjadikan negara penurut yg mengorbankan hal yg prinsipil']"
