Topic,Count,Name,Representation,Representative_Docs
-1,2777,-1_presiden_aja_kerja_gak,"['presiden', 'aja', 'kerja', 'gak', 'ada', 'jadi', 'ga', 'nya', 'ya', 'masih']","['bahkan lebih awal dari itu sih yang dulu pada milih dia kalo punya otak dan hati nurani juga harusnya tau dari awal ini orang gak ada spek jadi presiden', 'soal listrik emang ada kendala di lapangan karena kondisi alam yang menantang dan beberapa wilayah masih banjir tapi presiden prabowo optimis dalam seminggu ke depan listrik bisa pulih kembali di sebagian besar area ini bukti pemerintah juga zonauang', 'gak jadi nabi pun gak apa pak gak punya tongkat nabi musa pun gak apa pak cuma jadi bapak yang sekarang dengan bener aja bisa gak sih bekerja lah selayaknya presiden pak']"
0,531,0_rekonstruksi_pascabencana_bangun_kembali,"['rekonstruksi', 'pascabencana', 'bangun', 'kembali', 'rumah', 'ketiga', 'prabowo', 'listrik', 'jalan', 'royong']","['prabowo bangun kembali untuk rakyat presiden prabowo kembali ke lokasi bencana menegaskan rekonstruksi pascabencana rumah warga diganti negara listrik dan jalan dipulihkan gotong royong jadi kekuatan', 'presiden prabowo hadir ketiga kalinya di lokasi bencana menegaskan prabowo bangun kembali rekonstruksi pascabencana rumah rusak diganti listrik jalan dan infrastruktur dipulihkan gotong royong jadi kekuatan', 'presiden prabowo kembali untuk ketiga kalinya ke lokasi banjir dan longsor membawa komitmen prabowo bangun kembali rumah warga diganti negara listrik jalan dan infrastruktur dipulihkan lewat rekonstruksi pascabencana gotong royong jadi kekuatan bersama']"
1,239,1_toti_maksudnya_sebelah_negaranya,"['toti', 'maksudnya', 'sebelah', 'negaranya', 'marah', 'malaysia', 'kayaknya', 'dewan', 'mata', 'dianggap']","['anggota dewan malaysia marah bantuan dari negaranya dianggap sebelah mata oleh seorang menteri dari indonesia toti kayaknya maksudnya', 'anggota dewan malaysia marah bantuan dari negaranya dianggap sebelah mata oleh seorang menteri dari indonesia toti kayaknya maksudnya', 'anggota dewan malaysia marah bantuan dari negaranya dianggap sebelah mata oleh seorang menteri dari indonesia toti kayaknya maksudnya']"
2,173,2_siapa_suruh_jadi_presiden,"['siapa', 'suruh', 'jadi', 'presiden', 'tua', 'omon', 'dukung', 'lu', 'ya', 'lah']","['lah siapa suruh jadi presiden', 'lah siapa suruh udh tua jadi presiden', 'suruh siapa jadi presiden']"
3,163,3_jadi_dia_bukan_presiden,"['jadi', 'dia', 'bukan', 'presiden', 'ada', 'kalau', 'rakyatnya', 'orang', 'soalnya', 'gak']","['ini aku suka beliau karena dia sangat mengayomi pokoknya ini orang kalo jadi presiden langsung maju dah negaranya hidup ume selain itu dia tuh suka berkebun ramah juga orangnya pokoknya ini minusnya ga nyata doang', 'kalau jadi wapres susah sih nder soalnya bapakmu bukan presiden tapi masih ada opsi jadi menteri tenang masih ada peluang kerja kok apalagi kalau kamu punya pengalaman', 'orang kalau udah buta emang susah orang jawa menganggap mereka paling top paling ok paling iya hasil nya presiden jawa hasil nya hari ini negara gk tau arah nya boro mau maju dia jalan kemana aja kagak tau ya anggaran habis terus yang sda terkuras terus negara tetap miskin']"
4,128,4_pengungsi_langkat_pengungsian_posko,"['pengungsi', 'langkat', 'pengungsian', 'posko', 'man', 'meninjau', 'tinjau', 'kebutuhan', 'semuatanganibencana', 'subianto']","['hal tersebut disampaikan presiden dalam keterangannya kepada masyarakat saat meninjau posko pengungsi di man langkat kabupaten langkat sumatera utara sabtu', 'hal tersebut disampaikan presiden dalam keterangannya kepada masyarakat saat meninjau posko pengungsi di man langkat kabupaten langkat sumatera utara sabtu', 'presiden prabowo tinjau korban terdampak banjir di posko pengungsian man langkat']"
5,123,5_pak_jd_aja_lg,"['pak', 'jd', 'aja', 'lg', 'gak', 'kl', 'klo', 'apa', 'tdk', 'presiden']","['makanyaaa klo dah tua lansia g usah jdi presiden dah lah pak mulai besok pensiun ajaaaa dirumah enak pak menikmati hari tua daripada capek ya kan saya sbg wni jg sangat bersyukur klo bpk besok mau pensiun', 'dari drs jd irjoko widodo aj dah ketahuan berijasah palsu rbt kl ga dipenjara akan membahayakan nkri apa lg lom jg dimakzulkan gibran cc pak presiden pak menhan amp', 'dari drs jd irjoko widodo aj dah ketahuan berijasah palsu rbt kl ga dipenjara akan membahayakan nkri apa lg lom jg dimakzulkan gibran cc pak presiden pak menhan amp awasgerombolansop']"
6,113,6_indonesia_rakyat_merdeka_indonesiaemas,"['indonesia', 'rakyat', 'merdeka', 'indonesiaemas', 'presiden', 'dpr', 'jadi', 'mereka', 'sejarah', 'bapak']","['sekolah rakyat gagasan presiden prabowo wujudkan pendidikan inklusif amp hapus hambatan ekonomi bagi lapisan terbawah sekolahrakyat indonesiaemas', 'sekolah rakyat gagasan presiden prabowo wujudkan pendidikan inklusif amp hapus hambatan ekonomi bagi lapisan terbawah fondasi penting berlandaskan pancasila menuju indonesia emas sekolahrakyat indonesiaemas', 'sekolah rakyat gagasan presiden prabowo wujudkan pendidikan inklusif amp hapus hambatan ekonomi bagi lapisan terbawah fondasi penting berlandaskan pancasila menuju indonesia emas sekolahrakyat indonesiaemas']"
7,99,7_aku_kerja_mama_gua,"['aku', 'kerja', 'mama', 'gua', 'ga', 'bgt', 'ku', 'ibu', 'ayah', 'mamah']","['dan minta maaf sama aku karna ga pernah bisa bikin keluarga yang cemara ibu sampe sekarang masih kerja dan aku sekarang kelas ibu selalu bilang untuk sukses dan kejar cita waktu itu ibu bilang ibu ikhlas kalo aku mau nyari ayah kandung ku tapi aku rasa', 'ternyata ayah kandung aku sejahat itu sama ibu jadi yang bikin aku pengen terus hidup ya ibu karna selama dia hidup aku rasa ibu ga pernah bahagia selalu rasa sakit yang dia terima sepanjang hidupnya ibu aku cuma kerja dan kerja demi aku dan ade i love ibu', 'jujur di situ sedih bgt karna mama berjuang se begitu besarnya tiap malem pusing mikirin biaya kuliah skrg aku udh kerja jd mskpn cape aku selalu inget perjuangan mama sm bpk aku biar aku bisa kuliah jd aku mau bantu lunasin hutang mama yg dipake buat aku kuliah']"
8,88,8_hunian_huniankorbanbencana_memulihkan_terdampak,"['hunian', 'huniankorbanbencana', 'memulihkan', 'terdampak', 'korban', 'warga', 'percepatan', 'pembangunan', 'bencana', 'membahas']","['presiden prabowo kumpulkan menteri untuk membahas percepatan hunian korban bencana sumatera huniankorbanbencana memulihkan warga terdampak', 'presiden dan menteri rapat kabinet untuk fokus membahas percepatan penyediaan hunian bagi korban bencana sumatera huniankorbanbencana memulihkan warga terdampak', 'presiden prabowo perintahkan percepatan hunian korban bencana huniankorbanbencana memulihkan warga terdampak']"
9,84,9_penanganan_bencana_terdampak_percepatan,"['penanganan', 'bencana', 'terdampak', 'percepatan', 'pastikan', 'terkendali', 'sumatera', 'cepat', 'berjalan', 'huniankorbanbencana']","['presiden prabowo minta percepatan penanganan bencana sumatera', 'presiden prabowo minta percepatan penanganan bencana sumatera', 'semuatanganibencana bantuan presiden sudah cair untuk penanganan bencana ini menunjukkan kalau pemerintah sangat cepat dalam penanganan bencana']"
10,63,10_kerja_yu_capek_mulu,"['kerja', 'yu', 'capek', 'mulu', 'dikitdikit', 'rodi', 'bang', 'definisi', 'ntar', 'ya']","['harus kerja ya', 'saatnya kerja kerja kerja', 'kerja']"
11,63,11_baik_baru_lebih_tahun,"['baik', 'baru', 'lebih', 'tahun', 'melangkah', 'menyala', 'maju', 'semakin', 'semangat', 'semoga']","['selamat tahun baru semoga di tahun yang baru ini kita dapat melangkah lebih baik dengan semangat yang terus menyala demi indonesia yang semakin maju dan lebih baik', 'selamat tahun baru semoga di tahun yang baru ini kita dapat melangkah lebih baik dengan semangat yang terus menyala demi indonesia yang semakin maju dan lebih baik', 'selamat tahun baru semoga di tahun yang baru ini kita dapat melangkah lebih baik dengan semangat yang terus menyala demi indonesia yang semakin maju dan lebih baik']"
12,63,12_baik_baru_lebih_tahun,"['baik', 'baru', 'lebih', 'tahun', 'melangkah', 'menyala', 'maju', 'semakin', 'semangat', 'semoga']","['selamat tahun baru semoga di tahun yang baru ini kita dapat melangkah lebih baik dengan semangat yang terus menyala demi indonesia yang semakin maju dan lebih baik', 'selamat tahun baru semoga di tahun yang baru ini kita dapat melangkah lebih baik dengan semangat yang terus menyala demi indonesia yang semakin maju dan lebih baik', 'selamat tahun baru semoga di tahun yang baru ini kita dapat melangkah lebih baik dengan semangat yang terus menyala demi indonesia yang semakin maju dan lebih baik']"
13,63,13_menlu_nya_dy_proudly,"['menlu', 'nya', 'dy', 'proudly', 'announce', 'gblk', 'mas', 'apa', 'belum', 'min']","['menlu bisa apa', 'menlu nya bisa di aja gak', 'babe gw nunjukin foto menlu dy ama menlu konoha proudly announce menlu dy pinter ini orang bagus katany ya gw proudly announce jg menlu konoha goblog cuma deep people makanya jd menteri doang']"
14,62,14_bapak_kasad_tni_bekerjasama,"['bapak', 'kasad', 'tni', 'bekerjasama', 'beserta', 'tertimpa', 'membahu', 'hormat', 'ad', 'bahu']","['atas perintah bapak presiden tni ad bergerak cepat dalam upaya penanganan serta pemulihan bagi saudara kita yg tertimpa bencana hormat dan bangga bapak kasad tni beserta seluruh jajaran yg bahu membahu dan bekerjasama', 'atas perintah bapak presiden tni ad bergerak cepat dalam upaya penanganan serta pemulihan bagi saudara kita yg tertimpa bencana hormat dan bangga bapak kasad tni beserta seluruh jajaran yg bahu membahu dan bekerjasama', 'atas perintah bapak presiden tni ad bergerak cepat dalam upaya penanganan serta pemulihan bagi saudara kita yg tertimpa bencana hormat dan bangga bapak kasad tni beserta seluruh jajaran yg bahu membahu dan bekerjasama']"
15,62,15_dgn_as_yg_tidak,"['dgn', 'as', 'yg', 'tidak', 'berpendirian', 'bermitra', 'sungkantakut', 'iraq', 'penurut', 'south']","['saya heran membaca pernyataan re venezuela yg sangat standar dan sama sekali tidak menyebut amerika serikat sejak kapan kita sungkantakut mengkritik kawan yg lakukan pelanggaran hukum internasional kenapa menlu sugiono sampai sekarang tidak bersuara padahal dunia menunggu pandangan sbg pemain global south yg penting ini momen perlu percaya diri menunjukkan sikap sama ketika kita dulu menentang invasi as thdp iraq bebas aktif itu artinya berani berpendirian bermitra dgn as dan dgn negara manapun tidak boleh menjadikan negara penurut yg mengorbankan hal yg prinsipil', 'saya heran membaca pernyataan re venezuela yg sangat standar dan sama sekali tidak menyebut amerika serikat sejak kapan kita sungkantakut mengkritik kawan yg lakukan pelanggaran hukum internasional kenapa menlu sugiono sampai sekarang tidak bersuara padahal dunia menunggu pandangan sbg pemain global south yg penting ini momen perlu percaya diri menunjukkan sikap sama ketika kita dulu menentang invasi as thdp iraq bebas aktif itu artinya berani berpendirian bermitra dgn as dan dgn negara manapun tidak boleh menjadikan negara penurut yg mengorbankan hal yg prinsipil', 'saya heran membaca pernyataan re venezuela yg sangat standar dan sama sekali tidak menyebut amerika serikat sejak kapan kita sungkantakut mengkritik kawan yg lakukan pelanggaran hukum internasional kenapa menlu sugiono sampai sekarang tidak bersuara padahal dunia menunggu pandangan sbg pemain global south yg penting ini momen perlu percaya diri menunjukkan sikap sama ketika kita dulu menentang invasi as thdp iraq bebas aktif itu artinya berani berpendirian bermitra dgn as dan dgn negara manapun tidak boleh menjadikan negara penurut yg mengorbankan hal yg prinsipil']"
16,62,16_emanglah_menghabisi_radarada_politisi,"['emanglah', 'menghabisi', 'radarada', 'politisi', 'koruptor', 'bukannya', 'nunggu', 'tempat', 'ngapain', 'seharusnya']","['bukannya dia udah di tempat yang seharusnya bisa menghabisi koruptor ngapain nunggu jadi presiden politisi emanglah radarada semua', 'bukannya dia udah di tempat yang seharusnya bisa menghabisi koruptor ngapain nunggu jadi presiden politisi emanglah radarada semua', 'bukannya dia udah di tempat yang seharusnya bisa menghabisi koruptor ngapain nunggu jadi presiden politisi emanglah radarada semua']"
17,61,17_emanglah_menghabisi_radarada_politisi,"['emanglah', 'menghabisi', 'radarada', 'politisi', 'koruptor', 'bukannya', 'nunggu', 'tempat', 'ngapain', 'seharusnya']","['bukannya dia udah di tempat yang seharusnya bisa menghabisi koruptor ngapain nunggu jadi presiden politisi emanglah radarada semua', 'bukannya dia udah di tempat yang seharusnya bisa menghabisi koruptor ngapain nunggu jadi presiden politisi emanglah radarada semua', 'bukannya dia udah di tempat yang seharusnya bisa menghabisi koruptor ngapain nunggu jadi presiden politisi emanglah radarada semua']"
18,61,18_dg_jokowi_amsterdam_paris,"['dg', 'jokowi', 'amsterdam', 'paris', 'bersihkan', 'bertanya', 'diaspora', 'jawaban', 'sigit', 'orangorang']","['dari diskusi dg diaspora di amsterdam dan paris semua bertanya ada apa dg presiden sehingga tdk berani bersihkan orangorang jokowi terutama kapolri jawaban saya hanya allah prabowo jokowi dan sigit yang tahu', 'dari diskusi dg diaspora di amsterdam dan paris semua bertanya ada apa dg presiden sehingga tdk berani bersihkan orangorang jokowi terutama kapolri jawaban saya hanya allah prabowo jokowi dan sigit yang tahu', 'dari diskusi dg diaspora di amsterdam dan paris semua bertanya ada apa dg presiden sehingga tdk berani bersihkan orangorang jokowi terutama kapolri jawaban saya hanya allah prabowo jokowi dan sigit yang tahu']"
19,60,19_dubes_ri_sy_miring,"['dubes', 'ri', 'sy', 'miring', 'komentarnya', 'membela', 'usulkan', 'bersangkutan', 'melayani', 'melindungi']","['sbg anggota komisi sy usulkan kpd agar segera menarik n mengganti dubes ri di saudi yg bersangkutan sdh berada di sana hampir tahun komentarnya selalu miring soal habib rizieq shihab pdhal dubes ri seharusnya melayani melindungi n membela warga ri', 'sbg anggota komisi sy usulkan kpd agar segera menarik n mengganti dubes ri di saudi yg bersangkutan sdh berada di sana hampir tahun komentarnya selalu miring soal habib rizieq shihab pdhal dubes ri seharusnya melayani melindungi n membela warga ri', 'sbg anggota komisi sy usulkan kpd agar segera menarik n mengganti dubes ri di saudi yg bersangkutan sdh berada di sana hampir tahun komentarnya selalu miring soal habib rizieq shihab pdhal dubes ri seharusnya melayani melindungi n membela warga ri']"
20,60,20_juga_lu_loe_gak,"['juga', 'lu', 'loe', 'gak', 'masing', 'kayak', 'tuh', 'sawit', 'nyuruh', 'aja']","['ga nyuruh jd presiden juga si', 'kate siape jaman bapakmu hidup enak amp gampang cari kerja loe gkmpernah jadi rakyat loe jebrol bpk mundh jdi presiden otoriter hidup loe numpang pajak rakyat harta loe dpt harta dari rakyat loe kerja juga hasil dari amncaman loe punya saham juga paksaan bpk loe', 'gak ada yg nyuruh juga lu jadi presiden gausa ngeluh semua orang juga kerja tupoksi nya masing masing']"
21,59,21_layaknya_inkompetensi_dino_betapa,"['layaknya', 'inkompetensi', 'dino', 'betapa', 'kompeten', 'ham', 'sedang', 'menjawab', 'anda', 'malah']","['pak dino sedang mengkritik inkompetensi menlu terus anda malah menjawab dengan menunjukkan betapa tidak kompeten dan layaknya seorang menteri ham', 'pak dino sedang mengkritik inkompetensi menlu terus anda malah menjawab dengan menunjukkan betapa tidak kompeten dan layaknya seorang menteri ham', 'pak dino sedang mengkritik inkompetensi menlu terus anda malah menjawab dengan menunjukkan betapa tidak kompeten dan layaknya seorang menteri ham']"
22,59,22_transportasi_pulihkan_bangkit_pasca,"['transportasi', 'pulihkan', 'bangkit', 'pasca', 'ekonomi', 'infrastruktur', 'pusat', 'akses', 'mobilitas', 'darurat']","['presiden prabowo bahas pemulihan akses darurat prioritas prabowo pulihkan infrastruktur demi mobilitas warga cepat pulih pemerintah pusat pastikan dukungan penuh agar ekonomi dan transportasi segera bangkit pasca bencana kita bangkit bersama', 'presiden prabowo fokus pada pemulihan akses transportasi prabowo pulihkan infrastruktur agar ekonomi warga bangkit pasca bencana', 'presiden prabowo memastikan dukungan penuh pemerintah pusat untuk akses transportasi darurat prabowo pulihkan infrastruktur demi ekonomi rakyat bangkit pasca bencana']"
23,57,23_aja_jadi_ganti_gw,"['aja', 'jadi', 'ganti', 'gw', 'ga', 'kalo', 'udh', 'kan', 'presiden', 'jd']","['fuck ganti presiden dah gw pengen ganti negara aja', 'presiden amp prabowo merupakan hal yg berbeda jd kalo kritik presiden prabowo ya sah aja krn orang nya suka rela nyalon jd presiden justru aneh kali ada orang yg ngefans sama presiden', 'kalo bapak gua jadi presiden jg bisa gua ini ngomong kek gini gausah jadi presiden dah masih idup aja udh syukur guaa']"
24,57,24_dibandingin_atau_dikomentari_donnie,"['dibandingin', 'atau', 'dikomentari', 'donnie', 'pengamatan', 'syahrir', 'manteman', 'kejauhan', 'malik', 'adam']","['gara invasi donnie ke venezuela jangan kejauhan dibandingin dengan syahrir atau agus salim atau adam malik deh coba dibandingin sama yg paling deket barusan retno marsudi silakan dikomentari kinerja menlu kita sesuai pengamatan manteman', 'gara invasi donnie ke venezuela jangan kejauhan dibandingin dengan syahrir atau agus salim atau adam malik deh coba dibandingin sama yg paling deket barusan retno marsudi silakan dikomentari kinerja menlu kita sesuai pengamatan manteman', 'gara invasi donnie ke venezuela jangan kejauhan dibandingin dengan syahrir atau agus salim atau adam malik deh coba dibandingin sama yg paling deket barusan retno marsudi silakan dikomentari kinerja menlu kita sesuai pengamatan manteman']"
25,57,25_baik_baru_lebih_tahun,"['baik', 'baru', 'lebih', 'tahun', 'melangkah', 'menyala', 'maju', 'semakin', 'semangat', 'semoga']","['selamat tahun baru semoga di tahun yang baru ini kita dapat melangkah lebih baik dengan semangat yang terus menyala demi indonesia yang semakin maju dan lebih baik', 'selamat tahun baru semoga di tahun yang baru ini kita dapat melangkah lebih baik dengan semangat yang terus menyala demi indonesia yang semakin maju dan lebih baik', 'selamat tahun baru semoga di tahun yang baru ini kita dapat melangkah lebih baik dengan semangat yang terus menyala demi indonesia yang semakin maju dan lebih baik']"
26,56,26_emanglah_menghabisi_radarada_politisi,"['emanglah', 'menghabisi', 'radarada', 'politisi', 'koruptor', 'bukannya', 'nunggu', 'tempat', 'ngapain', 'seharusnya']","['bukannya dia udah di tempat yang seharusnya bisa menghabisi koruptor ngapain nunggu jadi presiden politisi emanglah radarada semua', 'bukannya dia udah di tempat yang seharusnya bisa menghabisi koruptor ngapain nunggu jadi presiden politisi emanglah radarada semua', 'bukannya dia udah di tempat yang seharusnya bisa menghabisi koruptor ngapain nunggu jadi presiden politisi emanglah radarada semua']"
27,56,27_akad_kritikkritik_subsidi_seakanakan,"['akad', 'kritikkritik', 'subsidi', 'seakanakan', 'bravo', 'massal', 'seakan', 'hadir', 'ribu', 'terlihat']","['kegiatan akad massal ribu rumah subsidi hari sabtu lalu di serang banten di sini terlihat kalau menlu ri hadir seakan menjawab kritikkritik di luar sana bahwa seakanakan menlu ri tidak hadir dan bekerja bravo', 'kegiatan akad massal ribu rumah subsidi hari sabtu lalu di serang banten di sini terlihat kalau menlu ri hadir seakan menjawab kritikkritik di luar sana bahwa seakanakan menlu ri tidak hadir dan bekerja bravo', 'kegiatan akad massal ribu rumah subsidi hari sabtu lalu di serang banten di sini terlihat kalau menlu ri hadir seakan menjawab kritikkritik di luar sana bahwa seakanakan menlu ri tidak hadir dan bekerja bravo']"
28,54,28_dgn_as_yg_tidak,"['dgn', 'as', 'yg', 'tidak', 'berpendirian', 'bermitra', 'sungkantakut', 'iraq', 'penurut', 'south']","['saya heran membaca pernyataan re venezuela yg sangat standar dan sama sekali tidak menyebut amerika serikat sejak kapan kita sungkantakut mengkritik kawan yg lakukan pelanggaran hukum internasional kenapa menlu sugiono sampai sekarang tidak bersuara padahal dunia menunggu pandangan sbg pemain global south yg penting ini momen perlu percaya diri menunjukkan sikap sama ketika kita dulu menentang invasi as thdp iraq bebas aktif itu artinya berani berpendirian bermitra dgn as dan dgn negara manapun tidak boleh menjadikan negara penurut yg mengorbankan hal yg prinsipil', 'saya heran membaca pernyataan re venezuela yg sangat standar dan sama sekali tidak menyebut amerika serikat sejak kapan kita sungkantakut mengkritik kawan yg lakukan pelanggaran hukum internasional kenapa menlu sugiono sampai sekarang tidak bersuara padahal dunia menunggu pandangan sbg pemain global south yg penting ini momen perlu percaya diri menunjukkan sikap sama ketika kita dulu menentang invasi as thdp iraq bebas aktif itu artinya berani berpendirian bermitra dgn as dan dgn negara manapun tidak boleh menjadikan negara penurut yg mengorbankan hal yg prinsipil', 'saya heran membaca pernyataan re venezuela yg sangat standar dan sama sekali tidak menyebut amerika serikat sejak kapan kita sungkantakut mengkritik kawan yg lakukan pelanggaran hukum internasional kenapa menlu sugiono sampai sekarang tidak bersuara padahal dunia menunggu pandangan sbg pemain global south yg penting ini momen perlu percaya diri menunjukkan sikap sama ketika kita dulu menentang invasi as thdp iraq bebas aktif itu artinya berani berpendirian bermitra dgn as dan dgn negara manapun tidak boleh menjadikan negara penurut yg mengorbankan hal yg prinsipil']"
29,54,29_pembenci_mohon_maaf_bagi,"['pembenci', 'mohon', 'maaf', 'bagi', 'para', 'presiden', '', '', '', '']","['mohon maaf bagi para pembenci presiden', 'mohon maaf bagi para pembenci presiden', 'mohon maaf bagi para pembenci presiden']"
30,54,30_akalakalan_merangkap_dprd_jubir,"['akalakalan', 'merangkap', 'dprd', 'jubir', 'pilkada', 'lewat', 'menlu', 'ketus', 'tampang', 'tedy']","['menlu merangkap jubir akalakalan pilkada lewat dprd', 'menlu merangkap jubir akalakalan pilkada lewat dprd', 'menlu merangkap jubir akalakalan pilkada lewat dprd']"
31,53,31_dgn_as_yg_tidak,"['dgn', 'as', 'yg', 'tidak', 'berpendirian', 'bermitra', 'sungkantakut', 'iraq', 'penurut', 'south']","['saya heran membaca pernyataan re venezuela yg sangat standar dan sama sekali tidak menyebut amerika serikat sejak kapan kita sungkantakut mengkritik kawan yg lakukan pelanggaran hukum internasional kenapa menlu sugiono sampai sekarang tidak bersuara padahal dunia menunggu pandangan sbg pemain global south yg penting ini momen perlu percaya diri menunjukkan sikap sama ketika kita dulu menentang invasi as thdp iraq bebas aktif itu artinya berani berpendirian bermitra dgn as dan dgn negara manapun tidak boleh menjadikan negara penurut yg mengorbankan hal yg prinsipil', 'saya heran membaca pernyataan re venezuela yg sangat standar dan sama sekali tidak menyebut amerika serikat sejak kapan kita sungkantakut mengkritik kawan yg lakukan pelanggaran hukum internasional kenapa menlu sugiono sampai sekarang tidak bersuara padahal dunia menunggu pandangan sbg pemain global south yg penting ini momen perlu percaya diri menunjukkan sikap sama ketika kita dulu menentang invasi as thdp iraq bebas aktif itu artinya berani berpendirian bermitra dgn as dan dgn negara manapun tidak boleh menjadikan negara penurut yg mengorbankan hal yg prinsipil', 'saya heran membaca pernyataan re venezuela yg sangat standar dan sama sekali tidak menyebut amerika serikat sejak kapan kita sungkantakut mengkritik kawan yg lakukan pelanggaran hukum internasional kenapa menlu sugiono sampai sekarang tidak bersuara padahal dunia menunggu pandangan sbg pemain global south yg penting ini momen perlu percaya diri menunjukkan sikap sama ketika kita dulu menentang invasi as thdp iraq bebas aktif itu artinya berani berpendirian bermitra dgn as dan dgn negara manapun tidak boleh menjadikan negara penurut yg mengorbankan hal yg prinsipil']"
32,52,32_dibandingin_atau_dikomentari_donnie,"['dibandingin', 'atau', 'dikomentari', 'donnie', 'pengamatan', 'manteman', 'syahrir', 'kejauhan', 'barusan', 'silakan']","['gara invasi donnie ke venezuela jangan kejauhan dibandingin dengan syahrir atau agus salim atau adam malik deh coba dibandingin sama yg paling deket barusan retno marsudi silakan dikomentari kinerja menlu kita sesuai pengamatan manteman', 'gara invasi donnie ke venezuela jangan kejauhan dibandingin dengan syahrir atau agus salim atau adam malik deh coba dibandingin sama yg paling deket barusan retno marsudi silakan dikomentari kinerja menlu kita sesuai pengamatan manteman', 'gara invasi donnie ke venezuela jangan kejauhan dibandingin dengan syahrir atau agus salim atau adam malik deh coba dibandingin sama yg paling deket barusan retno marsudi silakan dikomentari kinerja menlu kita sesuai pengamatan manteman']"
33,51,33_islam_dipukul_jamaah_priuk,"['islam', 'dipukul', 'jamaah', 'priuk', 'warsidi', 'lawannya', 'contohnya', 'orba', 'jaman', 'peristiwa']","['kalau jaman orba nih tni dipukul mundur gini ga lama balik lagi bawa pasukan ratusan orang contohnya saat peristiwa priuk dan jamaah warsidi apakah karena lawannya bukan orang islam dan bukan wni', 'kalau jaman orba nih tni dipukul mundur gini ga lama balik lagi bawa pasukan ratusan orang contohnya saat peristiwa priuk dan jamaah warsidi apakah karena lawannya bukan orang islam dan bukan wni', 'kalau jaman orba nih tni dipukul mundur gini ga lama balik lagi bawa pasukan ratusan orang contohnya saat peristiwa priuk dan jamaah warsidi apakah karena lawannya bukan orang islam dan bukan wni']"
34,50,34_emanglah_menghabisi_radarada_politisi,"['emanglah', 'menghabisi', 'radarada', 'politisi', 'koruptor', 'bukannya', 'nunggu', 'tempat', 'ngapain', 'seharusnya']","['bukannya dia udah di tempat yang seharusnya bisa menghabisi koruptor ngapain nunggu jadi presiden politisi emanglah radarada semua', 'bukannya dia udah di tempat yang seharusnya bisa menghabisi koruptor ngapain nunggu jadi presiden politisi emanglah radarada semua', 'bukannya dia udah di tempat yang seharusnya bisa menghabisi koruptor ngapain nunggu jadi presiden politisi emanglah radarada semua']"
35,48,35_rekonstruksi_pascabencana_bangun_kembali,"['rekonstruksi', 'pascabencana', 'bangun', 'kembali', 'rumah', 'lapangan', 'berat', 'menyampaikan', 'jalan', 'rusak']","['di lapangan yang berat prabowo bangun kembali tetap mendorong harapan rekonstruksi pascabencana dilakukan agar rumah rusak diganti dan aktivitas warga pulih', 'prabowo bangun kembali dengan rekonstruksi pascabencana hadir langsung untuk ketiga kalinya memastikan rumah yang rusak diganti listrik jalan dan infrastruktur dipulihkan secepatnya negara dan rakyat bergerak bersama dalam semangat gotong royong', 'prabowo bangun kembali infrastruktur yang terdampak bencana rekonstruksi pascabencana']"
36,46,36_dgn_as_yg_tidak,"['dgn', 'as', 'yg', 'tidak', 'berpendirian', 'bermitra', 'sungkantakut', 'iraq', 'penurut', 'south']","['saya heran membaca pernyataan re venezuela yg sangat standar dan sama sekali tidak menyebut amerika serikat sejak kapan kita sungkantakut mengkritik kawan yg lakukan pelanggaran hukum internasional kenapa menlu sugiono sampai sekarang tidak bersuara padahal dunia menunggu pandangan sbg pemain global south yg penting ini momen perlu percaya diri menunjukkan sikap sama ketika kita dulu menentang invasi as thdp iraq bebas aktif itu artinya berani berpendirian bermitra dgn as dan dgn negara manapun tidak boleh menjadikan negara penurut yg mengorbankan hal yg prinsipil', 'saya heran membaca pernyataan re venezuela yg sangat standar dan sama sekali tidak menyebut amerika serikat sejak kapan kita sungkantakut mengkritik kawan yg lakukan pelanggaran hukum internasional kenapa menlu sugiono sampai sekarang tidak bersuara padahal dunia menunggu pandangan sbg pemain global south yg penting ini momen perlu percaya diri menunjukkan sikap sama ketika kita dulu menentang invasi as thdp iraq bebas aktif itu artinya berani berpendirian bermitra dgn as dan dgn negara manapun tidak boleh menjadikan negara penurut yg mengorbankan hal yg prinsipil', 'saya heran membaca pernyataan re venezuela yg sangat standar dan sama sekali tidak menyebut amerika serikat sejak kapan kita sungkantakut mengkritik kawan yg lakukan pelanggaran hukum internasional kenapa menlu sugiono sampai sekarang tidak bersuara padahal dunia menunggu pandangan sbg pemain global south yg penting ini momen perlu percaya diri menunjukkan sikap sama ketika kita dulu menentang invasi as thdp iraq bebas aktif itu artinya berani berpendirian bermitra dgn as dan dgn negara manapun tidak boleh menjadikan negara penurut yg mengorbankan hal yg prinsipil']"
37,46,37_wn_brutal_terancam_area,"['wn', 'brutal', 'terancam', 'area', 'bersenjata', 'tambang', 'aksi', 'emas', 'serang', 'kedaulatan']","['kedaulatan negara sudah terancam secara nyata aksi brutal wn china bersenjata serang tni di area tambang emas', 'kedaulatan negara sudah terancam secara nyata aksi brutal wn china bersenjata serang tni di area tambang emas', 'kedaulatan negara sudah terancam secara nyata aksi brutal wn china bersenjata serang tni di area tambang emas']"
38,46,38_pembenci_mohon_maaf_bagi,"['pembenci', 'mohon', 'maaf', 'bagi', 'para', 'presiden', '', '', '', '']","['mohon maaf bagi para pembenci presiden', 'mohon maaf bagi para pembenci presiden', 'mohon maaf bagi para pembenci presiden']"
39,45,39_dgn_as_yg_tidak,"['dgn', 'as', 'yg', 'tidak', 'berpendirian', 'bermitra', 'sungkantakut', 'iraq', 'penurut', 'south']","['saya heran membaca pernyataan re venezuela yg sangat standar dan sama sekali tidak menyebut amerika serikat sejak kapan kita sungkantakut mengkritik kawan yg lakukan pelanggaran hukum internasional kenapa menlu sugiono sampai sekarang tidak bersuara padahal dunia menunggu pandangan sbg pemain global south yg penting ini momen perlu percaya diri menunjukkan sikap sama ketika kita dulu menentang invasi as thdp iraq bebas aktif itu artinya berani berpendirian bermitra dgn as dan dgn negara manapun tidak boleh menjadikan negara penurut yg mengorbankan hal yg prinsipil', 'saya heran membaca pernyataan re venezuela yg sangat standar dan sama sekali tidak menyebut amerika serikat sejak kapan kita sungkantakut mengkritik kawan yg lakukan pelanggaran hukum internasional kenapa menlu sugiono sampai sekarang tidak bersuara padahal dunia menunggu pandangan sbg pemain global south yg penting ini momen perlu percaya diri menunjukkan sikap sama ketika kita dulu menentang invasi as thdp iraq bebas aktif itu artinya berani berpendirian bermitra dgn as dan dgn negara manapun tidak boleh menjadikan negara penurut yg mengorbankan hal yg prinsipil', 'saya heran membaca pernyataan re venezuela yg sangat standar dan sama sekali tidak menyebut amerika serikat sejak kapan kita sungkantakut mengkritik kawan yg lakukan pelanggaran hukum internasional kenapa menlu sugiono sampai sekarang tidak bersuara padahal dunia menunggu pandangan sbg pemain global south yg penting ini momen perlu percaya diri menunjukkan sikap sama ketika kita dulu menentang invasi as thdp iraq bebas aktif itu artinya berani berpendirian bermitra dgn as dan dgn negara manapun tidak boleh menjadikan negara penurut yg mengorbankan hal yg prinsipil']"
40,45,40_dgn_as_yg_tidak,"['dgn', 'as', 'yg', 'tidak', 'berpendirian', 'bermitra', 'sungkantakut', 'iraq', 'penurut', 'south']","['saya heran membaca pernyataan re venezuela yg sangat standar dan sama sekali tidak menyebut amerika serikat sejak kapan kita sungkantakut mengkritik kawan yg lakukan pelanggaran hukum internasional kenapa menlu sugiono sampai sekarang tidak bersuara padahal dunia menunggu pandangan sbg pemain global south yg penting ini momen perlu percaya diri menunjukkan sikap sama ketika kita dulu menentang invasi as thdp iraq bebas aktif itu artinya berani berpendirian bermitra dgn as dan dgn negara manapun tidak boleh menjadikan negara penurut yg mengorbankan hal yg prinsipil', 'saya heran membaca pernyataan re venezuela yg sangat standar dan sama sekali tidak menyebut amerika serikat sejak kapan kita sungkantakut mengkritik kawan yg lakukan pelanggaran hukum internasional kenapa menlu sugiono sampai sekarang tidak bersuara padahal dunia menunggu pandangan sbg pemain global south yg penting ini momen perlu percaya diri menunjukkan sikap sama ketika kita dulu menentang invasi as thdp iraq bebas aktif itu artinya berani berpendirian bermitra dgn as dan dgn negara manapun tidak boleh menjadikan negara penurut yg mengorbankan hal yg prinsipil', 'saya heran membaca pernyataan re venezuela yg sangat standar dan sama sekali tidak menyebut amerika serikat sejak kapan kita sungkantakut mengkritik kawan yg lakukan pelanggaran hukum internasional kenapa menlu sugiono sampai sekarang tidak bersuara padahal dunia menunggu pandangan sbg pemain global south yg penting ini momen perlu percaya diri menunjukkan sikap sama ketika kita dulu menentang invasi as thdp iraq bebas aktif itu artinya berani berpendirian bermitra dgn as dan dgn negara manapun tidak boleh menjadikan negara penurut yg mengorbankan hal yg prinsipil']"
41,44,41_dgn_as_yg_tidak,"['dgn', 'as', 'yg', 'tidak', 'berpendirian', 'bermitra', 'sungkantakut', 'iraq', 'penurut', 'south']","['saya heran membaca pernyataan re venezuela yg sangat standar dan sama sekali tidak menyebut amerika serikat sejak kapan kita sungkantakut mengkritik kawan yg lakukan pelanggaran hukum internasional kenapa menlu sugiono sampai sekarang tidak bersuara padahal dunia menunggu pandangan sbg pemain global south yg penting ini momen perlu percaya diri menunjukkan sikap sama ketika kita dulu menentang invasi as thdp iraq bebas aktif itu artinya berani berpendirian bermitra dgn as dan dgn negara manapun tidak boleh menjadikan negara penurut yg mengorbankan hal yg prinsipil', 'saya heran membaca pernyataan re venezuela yg sangat standar dan sama sekali tidak menyebut amerika serikat sejak kapan kita sungkantakut mengkritik kawan yg lakukan pelanggaran hukum internasional kenapa menlu sugiono sampai sekarang tidak bersuara padahal dunia menunggu pandangan sbg pemain global south yg penting ini momen perlu percaya diri menunjukkan sikap sama ketika kita dulu menentang invasi as thdp iraq bebas aktif itu artinya berani berpendirian bermitra dgn as dan dgn negara manapun tidak boleh menjadikan negara penurut yg mengorbankan hal yg prinsipil', 'saya heran membaca pernyataan re venezuela yg sangat standar dan sama sekali tidak menyebut amerika serikat sejak kapan kita sungkantakut mengkritik kawan yg lakukan pelanggaran hukum internasional kenapa menlu sugiono sampai sekarang tidak bersuara padahal dunia menunggu pandangan sbg pemain global south yg penting ini momen perlu percaya diri menunjukkan sikap sama ketika kita dulu menentang invasi as thdp iraq bebas aktif itu artinya berani berpendirian bermitra dgn as dan dgn negara manapun tidak boleh menjadikan negara penurut yg mengorbankan hal yg prinsipil']"
42,43,42_kinerjanya_biasanya_sedikit_kementrian,"['kinerjanya', 'biasanya', 'sedikit', 'kementrian', 'rasanya', 'bagus', 'bawah', 'gimana', 'ya', 'salah']","['biasanya salah satu dari sedikit kementrian yg kinerjanya bagus ya kemenlu sekarang gimana ya rasanya mereka kerja di bawah orang ini', 'biasanya salah satu dari sedikit kementrian yg kinerjanya bagus ya kemenlu sekarang gimana ya rasanya mereka kerja di bawah orang ini', 'biasanya salah satu dari sedikit kementrian yg kinerjanya bagus ya kemenlu sekarang gimana ya rasanya mereka kerja di bawah orang ini']"
43,43,43_dgn_as_yg_tidak,"['dgn', 'as', 'yg', 'tidak', 'berpendirian', 'bermitra', 'sungkantakut', 'iraq', 'penurut', 'south']","['saya heran membaca pernyataan re venezuela yg sangat standar dan sama sekali tidak menyebut amerika serikat sejak kapan kita sungkantakut mengkritik kawan yg lakukan pelanggaran hukum internasional kenapa menlu sugiono sampai sekarang tidak bersuara padahal dunia menunggu pandangan sbg pemain global south yg penting ini momen perlu percaya diri menunjukkan sikap sama ketika kita dulu menentang invasi as thdp iraq bebas aktif itu artinya berani berpendirian bermitra dgn as dan dgn negara manapun tidak boleh menjadikan negara penurut yg mengorbankan hal yg prinsipil', 'saya heran membaca pernyataan re venezuela yg sangat standar dan sama sekali tidak menyebut amerika serikat sejak kapan kita sungkantakut mengkritik kawan yg lakukan pelanggaran hukum internasional kenapa menlu sugiono sampai sekarang tidak bersuara padahal dunia menunggu pandangan sbg pemain global south yg penting ini momen perlu percaya diri menunjukkan sikap sama ketika kita dulu menentang invasi as thdp iraq bebas aktif itu artinya berani berpendirian bermitra dgn as dan dgn negara manapun tidak boleh menjadikan negara penurut yg mengorbankan hal yg prinsipil', 'saya heran membaca pernyataan re venezuela yg sangat standar dan sama sekali tidak menyebut amerika serikat sejak kapan kita sungkantakut mengkritik kawan yg lakukan pelanggaran hukum internasional kenapa menlu sugiono sampai sekarang tidak bersuara padahal dunia menunggu pandangan sbg pemain global south yg penting ini momen perlu percaya diri menunjukkan sikap sama ketika kita dulu menentang invasi as thdp iraq bebas aktif itu artinya berani berpendirian bermitra dgn as dan dgn negara manapun tidak boleh menjadikan negara penurut yg mengorbankan hal yg prinsipil']"
44,43,44_sekolah_rakyat_makin_kesehatan,"['sekolah', 'rakyat', 'makin', 'kesehatan', 'mbg', 'lewat', 'gratis', 'skrining', 'prabowo', 'buktiin']","['presiden prabowo selalu support inovasi pendidikan sekolah rakyat jadi bukti nyata', 'presiden prabowo buktiin pendidikan bisa jadi kunci keluar dari kemiskinan lewat sekolah rakyat', 'presiden prabowo buktikan komitmen lewat sekolah rakyat rakyat makin percaya diri']"
45,42,45_pemerintah_pulihkan_pasca_bangkit,"['pemerintah', 'pulihkan', 'pasca', 'bangkit', 'jajaran', 'infrastruktur', 'darurat', 'berdiskusi', 'akses', 'prabowo']","['dalam diskusi bersama jajaran pemerintah presiden prabowo menekankan percepatan akses darurat prabowo pulihkan infrastruktur sebagai jalan agar masyarakat bangkit pasca bencana', 'presiden prabowo berdiskusi bersama jajaran pemerintah membahas percepatan akses darurat agar aktivitas warga kembali normal prabowo pulihkan infrastruktur demi masyarakat bangkit pasca bencana', 'presiden prabowo berdiskusi dengan jajaran pemerintah untuk percepatan akses darurat demi rakyat prabowo pulihkan infrastruktur agar wilayah terdampak bisa bangkit pasca bencana']"
46,41,46_datang_rekonstruksi_pascabencana_bangun,"['datang', 'rekonstruksi', 'pascabencana', 'bangun', 'jalan', 'listrik', 'kembali', 'rumah', 'membawa', 'kalinya']","['tiga kali datang bukan sekadar simbol presiden prabowo memastikan negara kerja prabowo bangun kembali melalui rekonstruksi pascabencana rumah rusak diganti jalan listrik dibangun ulang gotong royong jadi kunci', 'di tengah medan berat presiden datang lagi untuk ketiga kalinya membawa pesan prabowo bangun kembali lewat rekonstruksi pascabencana semua rumah rusak akan diganti negara bergerak meski kondisi lapangan sulit', 'untuk ketiga kalinya presiden prabowo datang memastikan prabowo bangun kembali melalui rekonstruksi pascabencana']"
47,41,47_beradab_nicolas_mengecam_keluarkan,"['beradab', 'nicolas', 'mengecam', 'keluarkan', 'sebagian', 'maduro', 'bangsa', 'besar', 'menculik', 'pemimpin']","['sebagian besar pemimpin bangsa beradab sudah keluarkan pernyataan mengecam presiden as trump karena menculik presiden venezuela nicolas maduro presiden indonesia', 'sebagian besar pemimpin bangsa beradab sudah keluarkan pernyataan mengecam presiden as trump karena menculik presiden venezuela nicolas maduro presiden indonesia', 'sebagian besar pemimpin bangsa beradab sudah keluarkan pernyataan mengecam presiden as trump karena menculik presiden venezuela nicolas maduro presiden indonesia']"
48,41,48_ladang_tangerang_jagung_bantarpanjang,"['ladang', 'tangerang', 'jagung', 'bantarpanjang', 'tigaraksa', 'terbengkalai', 'polresta', 'ditumbuhi', 'diresmikan', 'rumput']","['polresta tangerang akan melakukan evaluasi terhadap ladang jagung yang terbengkalai dan ditumbuhi rumput liar di desa bantarpanjang kecamatan tigaraksa kabupaten tangerang banten ladang jagung ini sebelumnya diresmikan wakil presiden ri gibran rakabuming raka untuk program', 'polresta tangerang akan melakukan evaluasi terhadap ladang jagung yang terbengkalai dan ditumbuhi rumput liar di desa bantarpanjang kecamatan tigaraksa kabupaten tangerang banten ladang jagung ini sebelumnya diresmikan wakil presiden ri gibran rakabuming raka untuk program', 'polresta tangerang akan melakukan evaluasi terhadap ladang jagung yang terbengkalai dan ditumbuhi rumput liar di desa bantarpanjang kecamatan tigaraksa kabupaten tangerang banten ladang jagung ini sebelumnya diresmikan wakil presiden ri gibran rakabuming raka untuk program']"
49,41,49_dgn_as_yg_tidak,"['dgn', 'as', 'yg', 'tidak', 'berpendirian', 'bermitra', 'sungkantakut', 'iraq', 'penurut', 'south']","['saya heran membaca pernyataan re venezuela yg sangat standar dan sama sekali tidak menyebut amerika serikat sejak kapan kita sungkantakut mengkritik kawan yg lakukan pelanggaran hukum internasional kenapa menlu sugiono sampai sekarang tidak bersuara padahal dunia menunggu pandangan sbg pemain global south yg penting ini momen perlu percaya diri menunjukkan sikap sama ketika kita dulu menentang invasi as thdp iraq bebas aktif itu artinya berani berpendirian bermitra dgn as dan dgn negara manapun tidak boleh menjadikan negara penurut yg mengorbankan hal yg prinsipil', 'saya heran membaca pernyataan re venezuela yg sangat standar dan sama sekali tidak menyebut amerika serikat sejak kapan kita sungkantakut mengkritik kawan yg lakukan pelanggaran hukum internasional kenapa menlu sugiono sampai sekarang tidak bersuara padahal dunia menunggu pandangan sbg pemain global south yg penting ini momen perlu percaya diri menunjukkan sikap sama ketika kita dulu menentang invasi as thdp iraq bebas aktif itu artinya berani berpendirian bermitra dgn as dan dgn negara manapun tidak boleh menjadikan negara penurut yg mengorbankan hal yg prinsipil', 'saya heran membaca pernyataan re venezuela yg sangat standar dan sama sekali tidak menyebut amerika serikat sejak kapan kita sungkantakut mengkritik kawan yg lakukan pelanggaran hukum internasional kenapa menlu sugiono sampai sekarang tidak bersuara padahal dunia menunggu pandangan sbg pemain global south yg penting ini momen perlu percaya diri menunjukkan sikap sama ketika kita dulu menentang invasi as thdp iraq bebas aktif itu artinya berani berpendirian bermitra dgn as dan dgn negara manapun tidak boleh menjadikan negara penurut yg mengorbankan hal yg prinsipil']"
50,41,50_ruupemilu_selangkah_menyusun_mengegolkannya,"['ruupemilu', 'selangkah', 'menyusun', 'mengegolkannya', 'skenario', 'politikus', 'tempo', 'pemilihan', 'sistem', 'ambisi']","['ambisi presiden prabowo subianto mengganti sistem pemilihan kepala daerah tinggal selangkah lagi para politikus menyusun skenario untuk mengegolkannya tempo ruupemilu pilkada', 'ambisi presiden prabowo subianto mengganti sistem pemilihan kepala daerah tinggal selangkah lagi para politikus menyusun skenario untuk mengegolkannya tempo ruupemilu pilkada', 'ambisi presiden prabowo subianto mengganti sistem pemilihan kepala daerah tinggal selangkah lagi para politikus menyusun skenario untuk mengegolkannya tempo ruupemilu pilkada']"
51,40,51_tau_kalo_diculik_info,"['tau', 'kalo', 'diculik', 'info', 'cari', 'menculik', 'mana', 'sih', 'soal', 'aku']","['kalo mau tau soal presiden diculik cari info di mana ya kalo presiden menculik sih aku udah tau', 'kalo mau tau soal presiden diculik cari info di mana ya kalo presiden menculik sih aku udah tau', 'kalo mau tau soal presiden diculik cari info di mana ya kalo presiden menculik sih aku udah tau']"
52,40,52_juga_aku_kerja_gue,"['juga', 'aku', 'kerja', 'gue', 'ga', 'nder', 'tumbler', 'englishnya', 'notif', 'kek']","['sama nder aku juga kaya gitu aku juga sematin nomorku sendiri trs tb jd ganti ke nama grup kerja aku trs ganti lagi nama grup yg lain dan nama org yang ada di room chat itu aneh bgt takut salah kirim', 'aku balik lagi kak posisi baru banget pulang kerja terus sama ortu mau di jodohin sama seseorang aku ga mau kak aku juga belum mau nikah katanya hidup itu pilihan tapi kenapa hidup ku ngga pengen kabur rasanya aku juga berhak menentukan pilihan ku sendiri', 'kek mana rumah mau jalan kalo yg kerja aku doang urusan rumah ke aku makan ke aku sekarang utang juga ke aku jadi orang tua ga bisa mikir']"
53,40,53_dgn_as_yg_tidak,"['dgn', 'as', 'yg', 'tidak', 'berpendirian', 'bermitra', 'sungkantakut', 'iraq', 'penurut', 'south']","['saya heran membaca pernyataan re venezuela yg sangat standar dan sama sekali tidak menyebut amerika serikat sejak kapan kita sungkantakut mengkritik kawan yg lakukan pelanggaran hukum internasional kenapa menlu sugiono sampai sekarang tidak bersuara padahal dunia menunggu pandangan sbg pemain global south yg penting ini momen perlu percaya diri menunjukkan sikap sama ketika kita dulu menentang invasi as thdp iraq bebas aktif itu artinya berani berpendirian bermitra dgn as dan dgn negara manapun tidak boleh menjadikan negara penurut yg mengorbankan hal yg prinsipil', 'saya heran membaca pernyataan re venezuela yg sangat standar dan sama sekali tidak menyebut amerika serikat sejak kapan kita sungkantakut mengkritik kawan yg lakukan pelanggaran hukum internasional kenapa menlu sugiono sampai sekarang tidak bersuara padahal dunia menunggu pandangan sbg pemain global south yg penting ini momen perlu percaya diri menunjukkan sikap sama ketika kita dulu menentang invasi as thdp iraq bebas aktif itu artinya berani berpendirian bermitra dgn as dan dgn negara manapun tidak boleh menjadikan negara penurut yg mengorbankan hal yg prinsipil', 'saya heran membaca pernyataan re venezuela yg sangat standar dan sama sekali tidak menyebut amerika serikat sejak kapan kita sungkantakut mengkritik kawan yg lakukan pelanggaran hukum internasional kenapa menlu sugiono sampai sekarang tidak bersuara padahal dunia menunggu pandangan sbg pemain global south yg penting ini momen perlu percaya diri menunjukkan sikap sama ketika kita dulu menentang invasi as thdp iraq bebas aktif itu artinya berani berpendirian bermitra dgn as dan dgn negara manapun tidak boleh menjadikan negara penurut yg mengorbankan hal yg prinsipil']"
54,40,54_layaknya_inkompetensi_dino_betapa,"['layaknya', 'inkompetensi', 'dino', 'betapa', 'kompeten', 'ham', 'sedang', 'menjawab', 'anda', 'malah']","['pak dino sedang mengkritik inkompetensi menlu terus anda malah menjawab dengan menunjukkan betapa tidak kompeten dan layaknya seorang menteri ham', 'pak dino sedang mengkritik inkompetensi menlu terus anda malah menjawab dengan menunjukkan betapa tidak kompeten dan layaknya seorang menteri ham', 'pak dino sedang mengkritik inkompetensi menlu terus anda malah menjawab dengan menunjukkan betapa tidak kompeten dan layaknya seorang menteri ham']"
55,39,55_layaknya_inkompetensi_dino_betapa,"['layaknya', 'inkompetensi', 'dino', 'betapa', 'kompeten', 'ham', 'sedang', 'menjawab', 'anda', 'malah']","['pak dino sedang mengkritik inkompetensi menlu terus anda malah menjawab dengan menunjukkan betapa tidak kompeten dan layaknya seorang menteri ham', 'pak dino sedang mengkritik inkompetensi menlu terus anda malah menjawab dengan menunjukkan betapa tidak kompeten dan layaknya seorang menteri ham', 'pak dino sedang mengkritik inkompetensi menlu terus anda malah menjawab dengan menunjukkan betapa tidak kompeten dan layaknya seorang menteri ham']"
56,39,56_dgn_as_yg_tidak,"['dgn', 'as', 'yg', 'tidak', 'berpendirian', 'bermitra', 'sungkantakut', 'iraq', 'penurut', 'south']","['saya heran membaca pernyataan re venezuela yg sangat standar dan sama sekali tidak menyebut amerika serikat sejak kapan kita sungkantakut mengkritik kawan yg lakukan pelanggaran hukum internasional kenapa menlu sugiono sampai sekarang tidak bersuara padahal dunia menunggu pandangan sbg pemain global south yg penting ini momen perlu percaya diri menunjukkan sikap sama ketika kita dulu menentang invasi as thdp iraq bebas aktif itu artinya berani berpendirian bermitra dgn as dan dgn negara manapun tidak boleh menjadikan negara penurut yg mengorbankan hal yg prinsipil', 'saya heran membaca pernyataan re venezuela yg sangat standar dan sama sekali tidak menyebut amerika serikat sejak kapan kita sungkantakut mengkritik kawan yg lakukan pelanggaran hukum internasional kenapa menlu sugiono sampai sekarang tidak bersuara padahal dunia menunggu pandangan sbg pemain global south yg penting ini momen perlu percaya diri menunjukkan sikap sama ketika kita dulu menentang invasi as thdp iraq bebas aktif itu artinya berani berpendirian bermitra dgn as dan dgn negara manapun tidak boleh menjadikan negara penurut yg mengorbankan hal yg prinsipil', 'saya heran membaca pernyataan re venezuela yg sangat standar dan sama sekali tidak menyebut amerika serikat sejak kapan kita sungkantakut mengkritik kawan yg lakukan pelanggaran hukum internasional kenapa menlu sugiono sampai sekarang tidak bersuara padahal dunia menunggu pandangan sbg pemain global south yg penting ini momen perlu percaya diri menunjukkan sikap sama ketika kita dulu menentang invasi as thdp iraq bebas aktif itu artinya berani berpendirian bermitra dgn as dan dgn negara manapun tidak boleh menjadikan negara penurut yg mengorbankan hal yg prinsipil']"
57,39,57_inkompetensi_layaknya_dino_betapa,"['inkompetensi', 'layaknya', 'dino', 'betapa', 'kompeten', 'ham', 'sedang', 'menjawab', 'anda', 'malah']","['pak dino sedang mengkritik inkompetensi menlu terus anda malah menjawab dengan menunjukkan betapa tidak kompeten dan layaknya seorang menteri ham', 'pak dino sedang mengkritik inkompetensi menlu terus anda malah menjawab dengan menunjukkan betapa tidak kompeten dan layaknya seorang menteri ham', 'pak dino sedang mengkritik inkompetensi menlu terus anda malah menjawab dengan menunjukkan betapa tidak kompeten dan layaknya seorang menteri ham']"
58,38,58_layaknya_inkompetensi_dino_betapa,"['layaknya', 'inkompetensi', 'dino', 'betapa', 'kompeten', 'ham', 'sedang', 'menjawab', 'anda', 'malah']","['pak dino sedang mengkritik inkompetensi menlu terus anda malah menjawab dengan menunjukkan betapa tidak kompeten dan layaknya seorang menteri ham', 'pak dino sedang mengkritik inkompetensi menlu terus anda malah menjawab dengan menunjukkan betapa tidak kompeten dan layaknya seorang menteri ham', 'pak dino sedang mengkritik inkompetensi menlu terus anda malah menjawab dengan menunjukkan betapa tidak kompeten dan layaknya seorang menteri ham']"
59,38,59_dgn_as_yg_tidak,"['dgn', 'as', 'yg', 'tidak', 'berpendirian', 'bermitra', 'sungkantakut', 'iraq', 'penurut', 'south']","['saya heran membaca pernyataan re venezuela yg sangat standar dan sama sekali tidak menyebut amerika serikat sejak kapan kita sungkantakut mengkritik kawan yg lakukan pelanggaran hukum internasional kenapa menlu sugiono sampai sekarang tidak bersuara padahal dunia menunggu pandangan sbg pemain global south yg penting ini momen perlu percaya diri menunjukkan sikap sama ketika kita dulu menentang invasi as thdp iraq bebas aktif itu artinya berani berpendirian bermitra dgn as dan dgn negara manapun tidak boleh menjadikan negara penurut yg mengorbankan hal yg prinsipil', 'saya heran membaca pernyataan re venezuela yg sangat standar dan sama sekali tidak menyebut amerika serikat sejak kapan kita sungkantakut mengkritik kawan yg lakukan pelanggaran hukum internasional kenapa menlu sugiono sampai sekarang tidak bersuara padahal dunia menunggu pandangan sbg pemain global south yg penting ini momen perlu percaya diri menunjukkan sikap sama ketika kita dulu menentang invasi as thdp iraq bebas aktif itu artinya berani berpendirian bermitra dgn as dan dgn negara manapun tidak boleh menjadikan negara penurut yg mengorbankan hal yg prinsipil', 'saya heran membaca pernyataan re venezuela yg sangat standar dan sama sekali tidak menyebut amerika serikat sejak kapan kita sungkantakut mengkritik kawan yg lakukan pelanggaran hukum internasional kenapa menlu sugiono sampai sekarang tidak bersuara padahal dunia menunggu pandangan sbg pemain global south yg penting ini momen perlu percaya diri menunjukkan sikap sama ketika kita dulu menentang invasi as thdp iraq bebas aktif itu artinya berani berpendirian bermitra dgn as dan dgn negara manapun tidak boleh menjadikan negara penurut yg mengorbankan hal yg prinsipil']"
60,38,60_pasca_pulihkan_bangkit_infrastruktur,"['pasca', 'pulihkan', 'bangkit', 'infrastruktur', 'darurat', 'akses', 'bencana', 'prabowo', 'masyarakat', 'pembangunan']","['presiden prabowo memastikan pembangunan akses darurat dipercepat supaya ekonomi warga kembali bergerak prabowo pulihkan infrastruktur sebagai jalan menuju bangkit pasca bencana', 'presiden prabowo mendorong percepatan pembangunan jalur darurat prabowo pulihkan infrastruktur untuk bangkit pasca bencana', 'presiden prabowo mendorong pembangunan akses darurat prabowo pulihkan infrastruktur supaya warga bangkit pasca bencana']"
61,37,61_melimpah_nuklirnya_perlakuan_sumberdaya,"['melimpah', 'nuklirnya', 'perlakuan', 'sumberdaya', 'berlalu', 'tampak', 'dijajah', 'akal', 'nuklir', 'aturan']","['dulu dianggap orang gila dengan ambisi nuklirnya sekarang tampak masuk akal perlakuan trump terhadap pelanggaran kedaulatan venezuela bukti bahwa aturan internasional tidak lagi berlalu negara dg sumberdaya melimpah tanpa senjata nuklir hanya nunggu waktu saja untuk dijajah', 'dulu dianggap orang gila dengan ambisi nuklirnya sekarang tampak masuk akal perlakuan trump terhadap pelanggaran kedaulatan venezuela bukti bahwa aturan internasional tidak lagi berlalu negara dg sumberdaya melimpah tanpa senjata nuklir hanya nunggu waktu saja untuk dijajah', 'dulu dianggap orang gila dengan ambisi nuklirnya sekarang tampak masuk akal perlakuan trump terhadap pelanggaran kedaulatan venezuela bukti bahwa aturan internasional tidak lagi berlalu negara dg sumberdaya melimpah tanpa senjata nuklir hanya nunggu waktu saja untuk dijajah']"
62,37,62_tau_kalo_diculik_info,"['tau', 'kalo', 'diculik', 'info', 'cari', 'menculik', 'mana', 'sih', 'soal', 'aku']","['kalo mau tau soal presiden diculik cari info di mana ya kalo presiden menculik sih aku udah tau', 'kalo mau tau soal presiden diculik cari info di mana ya kalo presiden menculik sih aku udah tau', 'kalo mau tau soal presiden diculik cari info di mana ya kalo presiden menculik sih aku udah tau']"
63,37,63_beradab_nicolas_mengecam_keluarkan,"['beradab', 'nicolas', 'mengecam', 'keluarkan', 'sebagian', 'maduro', 'bangsa', 'besar', 'menculik', 'pemimpin']","['sebagian besar pemimpin bangsa beradab sudah keluarkan pernyataan mengecam presiden as trump karena menculik presiden venezuela nicolas maduro presiden indonesia', 'sebagian besar pemimpin bangsa beradab sudah keluarkan pernyataan mengecam presiden as trump karena menculik presiden venezuela nicolas maduro presiden indonesia', 'sebagian besar pemimpin bangsa beradab sudah keluarkan pernyataan mengecam presiden as trump karena menculik presiden venezuela nicolas maduro presiden indonesia']"
64,37,64_tanziha_dimainin_kualat_dirapel,"['tanziha', 'dimainin', 'kualat', 'dirapel', 'ikeu', 'dikorupsi', 'pakar', 'bgn', 'ingat', 'isinya']","['mbg dirapel buat satu minggu tapi isinya seperti ini jadi ingat kata dewan pakar bgn ikeu tanziha harus bersyukur gw mau tanya nih kira yang begini dikorupsi atau gak pak rakyat kecil jgn dimainin trus nanti kualat cc', 'mbg dirapel buat satu minggu tapi isinya seperti ini jadi ingat kata dewan pakar bgn ikeu tanziha harus bersyukur gw mau tanya nih kira yang begini dikorupsi atau gak pak rakyat kecil jgn dimainin trus nanti kualat cc', 'mbg dirapel buat satu minggu tapi isinya seperti ini jadi ingat kata dewan pakar bgn ikeu tanziha harus bersyukur gw mau tanya nih kira yang begini dikorupsi atau gak pak rakyat kecil jgn dimainin trus nanti kualat cc']"
65,37,65_hrs_saudi_arabia_dipojokkan,"['hrs', 'saudi', 'arabia', 'dipojokkan', 'ironis', 'reynhard', 'ahlanwasahlanibhrs', 'kriminal', 'super', 'sungguh']","['reynhard di inggris yg jelas super kriminal n memalukan indonesia diberi bantuan hukum habib rizieq shihab hrs di saudi arabia malah dipojokkan pernyataan menko n dubes ri di saudi sungguh tak adil n ironis selamat datang hrs ahlanwasahlanibhrs', 'reynhard di inggris yg jelas super kriminal n memalukan indonesia diberi bantuan hukum habib rizieq shihab hrs di saudi arabia malah dipojokkan pernyataan menko n dubes ri di saudi sungguh tak adil n ironis selamat datang hrs ahlanwasahlanibhrs', 'reynhard di inggris yg jelas super kriminal n memalukan indonesia diberi bantuan hukum habib rizieq shihab hrs di saudi arabia malah dipojokkan pernyataan menko n dubes ri di saudi sungguh tak adil n ironis selamat datang hrs ahlanwasahlanibhrs']"
66,36,66_gaza_israel_hamas_perdamaian,"['gaza', 'israel', 'hamas', 'perdamaian', 'gencatan', 'senjata', 'onim', 'npc', 'tolak', 'mandat']","['menlu turkiye hamas tunjukkan niat positif untuk perdamaian gaza permanen israel harus miliki sikap sama', 'menlu turkiye hamas tunjukkan niat positif untuk perdamaian gaza permanen israel harus miliki sikap sama', 'menlu turkiye hamas tunjukkan niat positif untuk perdamaian gaza permanen israel harus miliki sikap sama']"
67,36,67_iran_araghchi_lebanon_kami,"['iran', 'araghchi', 'lebanon', 'kami', 'abbas', 'perundingan', 'nuklir', 'isr', 'menlu', 'rubio']","['menlu iran lontarkan tuduhan keras sebut as tidak jujur dalam isu global terutama soal sanksi dan perjanjian nuklir baca detail kecaman diplomatik iran narayapost iran as diplomasi geopolitik timurtengah', 'menlu iran araghchi tetanggatetangga kami adalah prioritas kami ini adalah prinsip terpenting dalam kebijakan luar negeri republik islam iran hubungan republik islam iran dengan federasi rusia adalah sebuah kemitraan strategis', 'pejabat saudi kunjungi iran untuk bahas gaza amp suriah wakil menlu saudi saud bin mohammed alsati akan melakukan perjalanan ke iran untuk membahas hubungan bilateral dan isu regional menurut kemenlu iran via wana ia juga dijadwalkan bertemu menlu iran abbas araghchi']"
68,36,68_dubes_ri_miring_komentarnya,"['dubes', 'ri', 'miring', 'komentarnya', 'usulkan', 'membela', 'bersangkutan', 'melayani', 'melindungi', 'pdhal']","['sbg anggota komisi sy usulkan kpd agar segera menarik n mengganti dubes ri di saudi yg bersangkutan sdh berada di sana hampir tahun komentarnya selalu miring soal habib rizieq shihab pdhal dubes ri seharusnya melayani melindungi n membela warga ri', 'sbg anggota komisi sy usulkan kpd agar segera menarik n mengganti dubes ri di saudi yg bersangkutan sdh berada di sana hampir tahun komentarnya selalu miring soal habib rizieq shihab pdhal dubes ri seharusnya melayani melindungi n membela warga ri', 'sbg anggota komisi sy usulkan kpd agar segera menarik n mengganti dubes ri di saudi yg bersangkutan sdh berada di sana hampir tahun komentarnya selalu miring soal habib rizieq shihab pdhal dubes ri seharusnya melayani melindungi n membela warga ri']"
69,36,69_baik_baru_lebih_tahun,"['baik', 'baru', 'lebih', 'tahun', 'melangkah', 'menyala', 'maju', 'semakin', 'semoga', 'semangat']","['selamat tahun baru semoga di tahun yang baru ini kita dapat melangkah lebih baik dengan semangat yang terus menyala demi indonesia yang semakin maju dan lebih baik', 'selamat tahun baru semoga di tahun yang baru ini kita dapat melangkah lebih baik dengan semangat yang terus menyala demi indonesia yang semakin maju dan lebih baik', 'selamat tahun baru semoga di tahun yang baru ini kita dapat melangkah lebih baik dengan semangat yang terus menyala demi indonesia yang semakin maju dan lebih baik']"
70,36,70_pak_pakistan_halah_keren,"['pak', 'pakistan', 'halah', 'keren', 'friendship', 'dinotice', 'fya', 'digituin', 'saveplgsebanga', 'gmana']","['ga berani pak', 'keren pak anies semoga pak anies jadi presiden ke semangat pak', 'pak presiden ini semua temen bobby kertanegara pls save them pak saveplgsebanga savetessonilo savesumatra']"
71,36,71_tugas_tugasnya_emang_harusnya,"['tugas', 'tugasnya', 'emang', 'harusnya', 'lah', 'ya', 'dia', 'tua', 'emg', 'udh']","['lah kan emg tugasnya tolol ga mau cape mah ngapain jd presiden', 'tugas presiden tu emang apa ya', 'kan emg tugasnya kalo ga sanggup dan udah tua ngapain jadi presiden']"
72,35,72_ilegalmelihat_flora_relevan_masifnya,"['ilegalmelihat', 'flora', 'relevan', 'masifnya', 'memilah', 'kehancuran', 'kematian', 'gelondongan', 'legal', 'kerusakan']","['pak presiden saat ini setelah bencana banjir longsor lumpur kayu gelondongan sudah tidak relevan lagi memilah yg legal dan ilegalmelihat masifnya kerusakan kehancuran lingkungan infrastruktur kematian kehidupan rakyat yg kehilangan ayah ibu anak saudara flora', 'pak presiden saat ini setelah bencana banjir longsor lumpur kayu gelondongan sudah tidak relevan lagi memilah yg legal dan ilegalmelihat masifnya kerusakan kehancuran lingkungan infrastruktur kematian kehidupan rakyat yg kehilangan ayah ibu anak saudara flora', 'pak presiden saat ini setelah bencana banjir longsor lumpur kayu gelondongan sudah tidak relevan lagi memilah yg legal dan ilegalmelihat masifnya kerusakan kehancuran lingkungan infrastruktur kematian kehidupan rakyat yg kehilangan ayah ibu anak saudara flora']"
73,34,73_aceh_ketiganya_menunda_pakistan,"['aceh', 'ketiganya', 'menunda', 'pakistan', 'keselamatan', 'agenda', 'rusia', 'meninjau', 'prioritas', 'tetap']","['dari aceh pakistan rusia presiden prabowo langsung kembali ke aceh meninjau bencana di tengah agenda global keselamatan rakyat tetap prioritas ini kunjungan ketiganya ke aceh tanpa menunda negara hadir', 'dari aceh pakistan rusia presiden prabowo langsung kembali ke aceh meninjau bencana di tengah agenda global keselamatan rakyat tetap prioritas ini kunjungan ketiganya ke aceh tanpa menunda negara hadir', 'dari aceh pakistan rusia presiden prabowo langsung kembali ke aceh meninjau bencana di tengah agenda global keselamatan rakyat tetap prioritas ini kunjungan ketiganya ke aceh tanpa menunda negara hadir']"
74,34,74_pembalakan_liar_pengawasan_ketat,"['pembalakan', 'liar', 'pengawasan', 'ketat', 'semuatanganibencana', 'logging', 'tamiang', 'illegal', 'tertibkan', 'ditertibkan']","['presiden prabowo mendesak pengawasan ketat atas pembalakan liar saat meninjau banjir di aceh tamiang semuatanganibencana', 'tinjau banjir aceh tamiang presiden prabowo desak pengawasan ketat pembalakan liar semuatanganibencana', 'tegas presiden prabowo tinjau banjir aceh tamiang desak pengawasan ketat pembalakan liar semuatanganibencana']"
75,34,75_program_gratis_lewat_rumah,"['program', 'gratis', 'lewat', 'rumah', 'gizi', 'mbg', 'prabowo', 'generasi', 'makin', 'masa']","['presiden prabowo kunjungi korban bencana tiga kali ini bukti kepedulian negara untuk prabowo bangun kembali semua rumah rusak lewat program rekonstruksi pascabencana yang sulit ini semangat gotong royong kita', 'program juta rumah dari presiden prabowo bikin semua orang punya harapan baru', 'semua rumah warga yang rusak akan diganti negara janji beliau ini adalah tekad pemerintah untuk prabowo bangun kembali masa depan lebih baik lewat program rekonstruksi pascabencana yang menyeluruh']"
76,34,76_dino_inkompetensi_layaknya_betapa,"['dino', 'inkompetensi', 'layaknya', 'betapa', 'kompeten', 'ham', 'sedang', 'menjawab', 'anda', 'malah']","['pak dino sedang mengkritik inkompetensi menlu terus anda malah menjawab dengan menunjukkan betapa tidak kompeten dan layaknya seorang menteri ham', 'pak dino sedang mengkritik inkompetensi menlu terus anda malah menjawab dengan menunjukkan betapa tidak kompeten dan layaknya seorang menteri ham', 'pak dino sedang mengkritik inkompetensi menlu terus anda malah menjawab dengan menunjukkan betapa tidak kompeten dan layaknya seorang menteri ham']"
77,33,77_dgn_as_yg_tidak,"['dgn', 'as', 'yg', 'tidak', 'berpendirian', 'bermitra', 'sungkantakut', 'iraq', 'penurut', 'south']","['saya heran membaca pernyataan re venezuela yg sangat standar dan sama sekali tidak menyebut amerika serikat sejak kapan kita sungkantakut mengkritik kawan yg lakukan pelanggaran hukum internasional kenapa menlu sugiono sampai sekarang tidak bersuara padahal dunia menunggu pandangan sbg pemain global south yg penting ini momen perlu percaya diri menunjukkan sikap sama ketika kita dulu menentang invasi as thdp iraq bebas aktif itu artinya berani berpendirian bermitra dgn as dan dgn negara manapun tidak boleh menjadikan negara penurut yg mengorbankan hal yg prinsipil', 'saya heran membaca pernyataan re venezuela yg sangat standar dan sama sekali tidak menyebut amerika serikat sejak kapan kita sungkantakut mengkritik kawan yg lakukan pelanggaran hukum internasional kenapa menlu sugiono sampai sekarang tidak bersuara padahal dunia menunggu pandangan sbg pemain global south yg penting ini momen perlu percaya diri menunjukkan sikap sama ketika kita dulu menentang invasi as thdp iraq bebas aktif itu artinya berani berpendirian bermitra dgn as dan dgn negara manapun tidak boleh menjadikan negara penurut yg mengorbankan hal yg prinsipil', 'saya heran membaca pernyataan re venezuela yg sangat standar dan sama sekali tidak menyebut amerika serikat sejak kapan kita sungkantakut mengkritik kawan yg lakukan pelanggaran hukum internasional kenapa menlu sugiono sampai sekarang tidak bersuara padahal dunia menunggu pandangan sbg pemain global south yg penting ini momen perlu percaya diri menunjukkan sikap sama ketika kita dulu menentang invasi as thdp iraq bebas aktif itu artinya berani berpendirian bermitra dgn as dan dgn negara manapun tidak boleh menjadikan negara penurut yg mengorbankan hal yg prinsipil']"
78,33,78_reformasi_polri_tim_kapolri,"['reformasi', 'polri', 'tim', 'kapolri', 'kepolisian', 'dicopot', 'komisi', 'pak', 'reforma', 'berjudul']","['banyak pertanyaan tentang kinerja reformasi kepolisian adakah kemajuan yang sudah dicapai dan apakah tim reformasi kepolisian itu diperlukan sesuai perintah presidensaya sudah mengingatkan tim reformasi kepolisian harus merevisi terlebih dahulu uu tentang kepolisan ri hening', 'trus apa langkah yg d lakukan oleh tim reformasi ini udh terangan sekali polri melawan aturan negara ini bubarkan aj tim reformasi klo kalian g bisa kasih masukan k presiden gimana pak', 'presiden aja takut sama kapolri buat tim reformasi polri kapolri nya masuk jd anggota reformasi polri aja udah aneh gimana kalau yg jd masalah kapolri nya']"
79,33,79_menyusun_mengegolkannya_ruupemilu_selangkah,"['menyusun', 'mengegolkannya', 'ruupemilu', 'selangkah', 'politikus', 'skenario', 'tempo', 'pemilihan', 'sistem', 'ambisi']","['ambisi presiden prabowo subianto mengganti sistem pemilihan kepala daerah tinggal selangkah lagi para politikus menyusun skenario untuk mengegolkannya tempo ruupemilu pilkada', 'ambisi presiden prabowo subianto mengganti sistem pemilihan kepala daerah tinggal selangkah lagi para politikus menyusun skenario untuk mengegolkannya tempo ruupemilu pilkada', 'ambisi presiden prabowo subianto mengganti sistem pemilihan kepala daerah tinggal selangkah lagi para politikus menyusun skenario untuk mengegolkannya tempo ruupemilu pilkada']"
80,33,80_sumatra_huntara_huntap_hunian,"['sumatra', 'huntara', 'huntap', 'hunian', 'huniankorbanbencana', 'pembangunan', 'memulihkan', 'terdampak', 'sementara', 'warga']","['dalam rangka pemulihan bencana presiden prabowo secara tegas mendesak pembangunan hunian sementara huntara dan hunian tetap huntap bagi seluruh warga di sumatra dipercepat secepatnya huniankorbanbencana memulihkan warga terdampak', 'presiden perintah percepatan pembangunan hunian sementara huntara dan hunian tetap huntap bagi seluruh korban bencana di sumatra huniankorbanbencana memulihkan warga terdampak', 'presiden prabowo secara tegas mendesak pembangunan hunian sementara huntara dan hunian tetap huntap bagi seluruh warga di sumatra huniankorbanbencana memulihkan warga terdampak']"
81,32,81_dgn_as_yg_tidak,"['dgn', 'as', 'yg', 'tidak', 'berpendirian', 'bermitra', 'sungkantakut', 'iraq', 'penurut', 'south']","['saya heran membaca pernyataan re venezuela yg sangat standar dan sama sekali tidak menyebut amerika serikat sejak kapan kita sungkantakut mengkritik kawan yg lakukan pelanggaran hukum internasional kenapa menlu sugiono sampai sekarang tidak bersuara padahal dunia menunggu pandangan sbg pemain global south yg penting ini momen perlu percaya diri menunjukkan sikap sama ketika kita dulu menentang invasi as thdp iraq bebas aktif itu artinya berani berpendirian bermitra dgn as dan dgn negara manapun tidak boleh menjadikan negara penurut yg mengorbankan hal yg prinsipil', 'saya heran membaca pernyataan re venezuela yg sangat standar dan sama sekali tidak menyebut amerika serikat sejak kapan kita sungkantakut mengkritik kawan yg lakukan pelanggaran hukum internasional kenapa menlu sugiono sampai sekarang tidak bersuara padahal dunia menunggu pandangan sbg pemain global south yg penting ini momen perlu percaya diri menunjukkan sikap sama ketika kita dulu menentang invasi as thdp iraq bebas aktif itu artinya berani berpendirian bermitra dgn as dan dgn negara manapun tidak boleh menjadikan negara penurut yg mengorbankan hal yg prinsipil', 'saya heran membaca pernyataan re venezuela yg sangat standar dan sama sekali tidak menyebut amerika serikat sejak kapan kita sungkantakut mengkritik kawan yg lakukan pelanggaran hukum internasional kenapa menlu sugiono sampai sekarang tidak bersuara padahal dunia menunggu pandangan sbg pemain global south yg penting ini momen perlu percaya diri menunjukkan sikap sama ketika kita dulu menentang invasi as thdp iraq bebas aktif itu artinya berani berpendirian bermitra dgn as dan dgn negara manapun tidak boleh menjadikan negara penurut yg mengorbankan hal yg prinsipil']"
82,32,82_layaknya_inkompetensi_dino_betapa,"['layaknya', 'inkompetensi', 'dino', 'betapa', 'kompeten', 'ham', 'sedang', 'menjawab', 'anda', 'malah']","['pak dino sedang mengkritik inkompetensi menlu terus anda malah menjawab dengan menunjukkan betapa tidak kompeten dan layaknya seorang menteri ham', 'pak dino sedang mengkritik inkompetensi menlu terus anda malah menjawab dengan menunjukkan betapa tidak kompeten dan layaknya seorang menteri ham', 'pak dino sedang mengkritik inkompetensi menlu terus anda malah menjawab dengan menunjukkan betapa tidak kompeten dan layaknya seorang menteri ham']"
83,32,83_dg_jokowi_amsterdam_paris,"['dg', 'jokowi', 'amsterdam', 'paris', 'bersihkan', 'bertanya', 'diaspora', 'jawaban', 'sigit', 'orangorang']","['dari diskusi dg diaspora di amsterdam dan paris semua bertanya ada apa dg presiden sehingga tdk berani bersihkan orangorang jokowi terutama kapolri jawaban saya hanya allah prabowo jokowi dan sigit yang tahu', 'dari diskusi dg diaspora di amsterdam dan paris semua bertanya ada apa dg presiden sehingga tdk berani bersihkan orangorang jokowi terutama kapolri jawaban saya hanya allah prabowo jokowi dan sigit yang tahu', 'dari diskusi dg diaspora di amsterdam dan paris semua bertanya ada apa dg presiden sehingga tdk berani bersihkan orangorang jokowi terutama kapolri jawaban saya hanya allah prabowo jokowi dan sigit yang tahu']"
84,32,84_anggapan_bersumber_waspada_terlebih,"['anggapan', 'bersumber', 'waspada', 'terlebih', 'menilai', 'mengingatkan', 'narasi', 'suka', 'pihak', 'kekuatan']","['presiden prabowo mengingatkan kepada semua pihak untuk waspada terhadap kekuatan luar yang tidak suka indonesia kuat terlebih kata prabowo ada narasi yang sudah menyebut kalau pemerintah tidak hadir dalam bencana sumatra presiden prabowo menilai anggapan tersebut bersumber', 'presiden prabowo mengingatkan kepada semua pihak untuk waspada terhadap kekuatan luar yang tidak suka indonesia kuat terlebih kata prabowo ada narasi yang sudah menyebut kalau pemerintah tidak hadir dalam bencana sumatra presiden prabowo menilai anggapan tersebut bersumber', 'presiden prabowo mengingatkan kepada semua pihak untuk waspada terhadap kekuatan luar yang tidak suka indonesia kuat terlebih kata prabowo ada narasi yang sudah menyebut kalau pemerintah tidak hadir dalam bencana sumatra presiden prabowo menilai anggapan tersebut bersumber']"
85,31,85_musa_tongkat_nabi_punya,"['musa', 'tongkat', 'nabi', 'punya', 'jatah', 'sbgai', 'ndak', 'tidak', 'berbuat', 'apa']","['presiden janji bangun rumah korban banjir longsor aceh sebut tak punya tongkat nabi musa', 'apa mau dikata pak presiden tidak punya tongkat nabi musa', 'presiden tidak punya tongkat nabi musa']"
86,31,86_dubes_ri_miring_komentarnya,"['dubes', 'ri', 'miring', 'komentarnya', 'usulkan', 'membela', 'bersangkutan', 'melayani', 'melindungi', 'pdhal']","['sbg anggota komisi sy usulkan kpd agar segera menarik n mengganti dubes ri di saudi yg bersangkutan sdh berada di sana hampir tahun komentarnya selalu miring soal habib rizieq shihab pdhal dubes ri seharusnya melayani melindungi n membela warga ri', 'sbg anggota komisi sy usulkan kpd agar segera menarik n mengganti dubes ri di saudi yg bersangkutan sdh berada di sana hampir tahun komentarnya selalu miring soal habib rizieq shihab pdhal dubes ri seharusnya melayani melindungi n membela warga ri', 'sbg anggota komisi sy usulkan kpd agar segera menarik n mengganti dubes ri di saudi yg bersangkutan sdh berada di sana hampir tahun komentarnya selalu miring soal habib rizieq shihab pdhal dubes ri seharusnya melayani melindungi n membela warga ri']"
87,31,87_baik_baru_lebih_tahun,"['baik', 'baru', 'lebih', 'tahun', 'melangkah', 'menyala', 'maju', 'semakin', 'semangat', 'semoga']","['selamat tahun baru semoga di tahun yang baru ini kita dapat melangkah lebih baik dengan semangat yang terus menyala demi indonesia yang semakin maju dan lebih baik', 'selamat tahun baru semoga di tahun yang baru ini kita dapat melangkah lebih baik dengan semangat yang terus menyala demi indonesia yang semakin maju dan lebih baik', 'selamat tahun baru semoga di tahun yang baru ini kita dapat melangkah lebih baik dengan semangat yang terus menyala demi indonesia yang semakin maju dan lebih baik']"
88,29,88_dijawab_harus_oleh_ini,"['dijawab', 'harus', 'oleh', 'ini', 'bangkai', 'cermat', 'aroma', 'bau', 'penuhi', 'warganya']","['harus dijawab ini oleh', 'harus dijawab ini oleh', 'harus dijawab ini oleh']"
89,29,89_kemenkum_diy_kanwil_kementerianhukum,"['kemenkum', 'diy', 'kanwil', 'kementerianhukum', 'setahunberdampak', 'layananhukummakinmudah', 'kanwilkemenkumdiy', 'diplomasi', 'kemenlu', 'amp']","['kemenkum amp kemenlu tunjukkan sinergi kuat demi kepentingan nasional di kancah global kementerianhukum kanwilkemenkumdiy layananhukummakinmudah setahunberdampak kanwil kemenkum diy', 'kemenkum amp kemenlu sinergi terbaik untuk ki global kementerianhukum kanwilkemenkumdiy layananhukummakinmudah setahunberdampak kanwil kemenkum diy', 'setahunberdampak kanwil kemenkum diy kemenkum amp kemenlu bersatu kawal royalti global yang berkeadilan kementerianhukum kanwilkemenkumdiy layananhukummakinmudah setahunberdampak kanwil kemenkum diy']"
90,27,90_dgn_as_yg_tidak,"['dgn', 'as', 'yg', 'tidak', 'berpendirian', 'bermitra', 'sungkantakut', 'iraq', 'penurut', 'south']","['saya heran membaca pernyataan re venezuela yg sangat standar dan sama sekali tidak menyebut amerika serikat sejak kapan kita sungkantakut mengkritik kawan yg lakukan pelanggaran hukum internasional kenapa menlu sugiono sampai sekarang tidak bersuara padahal dunia menunggu pandangan sbg pemain global south yg penting ini momen perlu percaya diri menunjukkan sikap sama ketika kita dulu menentang invasi as thdp iraq bebas aktif itu artinya berani berpendirian bermitra dgn as dan dgn negara manapun tidak boleh menjadikan negara penurut yg mengorbankan hal yg prinsipil', 'saya heran membaca pernyataan re venezuela yg sangat standar dan sama sekali tidak menyebut amerika serikat sejak kapan kita sungkantakut mengkritik kawan yg lakukan pelanggaran hukum internasional kenapa menlu sugiono sampai sekarang tidak bersuara padahal dunia menunggu pandangan sbg pemain global south yg penting ini momen perlu percaya diri menunjukkan sikap sama ketika kita dulu menentang invasi as thdp iraq bebas aktif itu artinya berani berpendirian bermitra dgn as dan dgn negara manapun tidak boleh menjadikan negara penurut yg mengorbankan hal yg prinsipil', 'saya heran membaca pernyataan re venezuela yg sangat standar dan sama sekali tidak menyebut amerika serikat sejak kapan kita sungkantakut mengkritik kawan yg lakukan pelanggaran hukum internasional kenapa menlu sugiono sampai sekarang tidak bersuara padahal dunia menunggu pandangan sbg pemain global south yg penting ini momen perlu percaya diri menunjukkan sikap sama ketika kita dulu menentang invasi as thdp iraq bebas aktif itu artinya berani berpendirian bermitra dgn as dan dgn negara manapun tidak boleh menjadikan negara penurut yg mengorbankan hal yg prinsipil']"
91,27,91_data_terima_terdapat_bapak,"['data', 'terima', 'terdapat', 'bapak', 'kesalahan', 'baikbaik', 'pembantu', 'tag', 'informasi', 'syariah']","['pak presiden mohon maaf saya tag bapak informasi atau data yang bapak terima dari pembantu bapak terdapat kesalahan kondisi aceh saat ini tidak baikbaik saja terima kasih', 'pak presiden mohon maaf saya tag bapak informasi atau data yang bapak terima dari pembantu bapak terdapat kesalahan kondisi aceh saat ini tidak baikbaik saja terima kasih', 'pak presiden mohon maaf saya tag bapak informasi atau data yang bapak terima dari pembantu bapak terdapat kesalahan kondisi aceh saat ini tidak baikbaik saja terima kasih']"
92,26,92_telah_air_dilaporkan_dihadapi,"['telah', 'air', 'dilaporkan', 'dihadapi', 'keterangannya', 'ketersediaan', 'menyoroti', 'kekurangan', 'ditangani', 'telco']","['presiden menyampaikan bahwa sejumlah kekurangan yang masih dihadapi warga telah dilaporkan dan akan segera ditangani dalam keterangannya presiden juga menyoroti kebutuhan mendesak terkait ketersediaan air bersih dan air minum bagi masyarakat terdampak', 'presiden menyampaikan bahwa sejumlah kekurangan yang masih dihadapi warga telah dilaporkan dan akan segera ditangani dalam keterangannya presiden juga menyoroti kebutuhan mendesak terkait ketersediaan air bersih dan air minum bagi masyarakat terdampak', 'presiden menyampaikan bahwa sejumlah kekurangan yang masih dihadapi warga telah dilaporkan dan akan segera ditangani dalam keterangannya presiden juga menyoroti kebutuhan mendesak terkait ketersediaan air bersih dan air minum bagi masyarakat terdampak']"
93,26,93_anggapan_bersumber_waspada_terlebih,"['anggapan', 'bersumber', 'waspada', 'terlebih', 'menilai', 'mengingatkan', 'narasi', 'suka', 'pihak', 'kekuatan']","['presiden prabowo mengingatkan kepada semua pihak untuk waspada terhadap kekuatan luar yang tidak suka indonesia kuat terlebih kata prabowo ada narasi yang sudah menyebut kalau pemerintah tidak hadir dalam bencana sumatra presiden prabowo menilai anggapan tersebut bersumber', 'presiden prabowo mengingatkan kepada semua pihak untuk waspada terhadap kekuatan luar yang tidak suka indonesia kuat terlebih kata prabowo ada narasi yang sudah menyebut kalau pemerintah tidak hadir dalam bencana sumatra presiden prabowo menilai anggapan tersebut bersumber', 'presiden prabowo mengingatkan kepada semua pihak untuk waspada terhadap kekuatan luar yang tidak suka indonesia kuat terlebih kata prabowo ada narasi yang sudah menyebut kalau pemerintah tidak hadir dalam bencana sumatra presiden prabowo menilai anggapan tersebut bersumber']"
94,26,94_juli_raja_buntut_antoni,"['juli', 'raja', 'buntut', 'antoni', 'pemanfaatan', 'mengambil', 'kehutanan', 'paripurna', 'usaha', 'sidang']","['pernyataan tersebut disampaikan menteri kehutanan raja juli antoni di depan presiden prabowo subianto dalam sidang kabinet paripurna di istana negara jakarta senin raja juli mengambil langkah tegas atas kegiatan usaha sejumlah perusahaan pemanfaatan hutan buntut', 'pernyataan tersebut disampaikan menteri kehutanan raja juli antoni di depan presiden prabowo subianto dalam sidang kabinet paripurna di istana negara jakarta senin raja juli mengambil langkah tegas atas kegiatan usaha sejumlah perusahaan pemanfaatan hutan buntut', 'pernyataan tersebut disampaikan menteri kehutanan raja juli antoni di depan presiden prabowo subianto dalam sidang kabinet paripurna di istana negara jakarta senin raja juli mengambil langkah tegas atas kegiatan usaha sejumlah perusahaan pemanfaatan hutan buntut']"
95,25,95_dgn_as_yg_tidak,"['dgn', 'as', 'yg', 'tidak', 'berpendirian', 'bermitra', 'sungkantakut', 'iraq', 'penurut', 'south']","['saya heran membaca pernyataan re venezuela yg sangat standar dan sama sekali tidak menyebut amerika serikat sejak kapan kita sungkantakut mengkritik kawan yg lakukan pelanggaran hukum internasional kenapa menlu sugiono sampai sekarang tidak bersuara padahal dunia menunggu pandangan sbg pemain global south yg penting ini momen perlu percaya diri menunjukkan sikap sama ketika kita dulu menentang invasi as thdp iraq bebas aktif itu artinya berani berpendirian bermitra dgn as dan dgn negara manapun tidak boleh menjadikan negara penurut yg mengorbankan hal yg prinsipil', 'saya heran membaca pernyataan re venezuela yg sangat standar dan sama sekali tidak menyebut amerika serikat sejak kapan kita sungkantakut mengkritik kawan yg lakukan pelanggaran hukum internasional kenapa menlu sugiono sampai sekarang tidak bersuara padahal dunia menunggu pandangan sbg pemain global south yg penting ini momen perlu percaya diri menunjukkan sikap sama ketika kita dulu menentang invasi as thdp iraq bebas aktif itu artinya berani berpendirian bermitra dgn as dan dgn negara manapun tidak boleh menjadikan negara penurut yg mengorbankan hal yg prinsipil', 'saya heran membaca pernyataan re venezuela yg sangat standar dan sama sekali tidak menyebut amerika serikat sejak kapan kita sungkantakut mengkritik kawan yg lakukan pelanggaran hukum internasional kenapa menlu sugiono sampai sekarang tidak bersuara padahal dunia menunggu pandangan sbg pemain global south yg penting ini momen perlu percaya diri menunjukkan sikap sama ketika kita dulu menentang invasi as thdp iraq bebas aktif itu artinya berani berpendirian bermitra dgn as dan dgn negara manapun tidak boleh menjadikan negara penurut yg mengorbankan hal yg prinsipil']"
96,25,96_rusia_putin_vladimir_ukraina,"['rusia', 'putin', 'vladimir', 'ukraina', 'bertemu', 'moskow', 'seskab', 'sisi', 'btw', 'mendampingi']","['presiden prabowo hari ini bertemu dengan presiden putin di rusia btw kok hanya menlu dan seskab aja ya yang mendampingi dari sisi rusia rame banget padahal', 'presiden prabowo hari ini bertemu dengan presiden putin di rusia btw kok hanya menlu dan seskab aja ya yang mendampingi dari sisi rusia rame banget padahal', 'presiden prabowo hari ini bertemu dengan presiden putin di rusia btw kok hanya menlu dan seskab aja ya yang mendampingi dari sisi rusia rame banget padahal']"
97,25,97_kerja_bang_enaknya_tipis,"['kerja', 'bang', 'enaknya', 'tipis', 'pulang', 'jt', 'aku', 'banyak', 'emang', 'tim']","['asli wkwkwkwkwk tapi pulang kerja mau gue tuntasin draft biar gak makin banyak', 'kalau kaya aku gak akan kerja sekarang bang buktinya aku masih kerja', 'balik kerja emang enaknya jajan cireng kuah keju']"
98,25,98_dg_jokowi_amsterdam_paris,"['dg', 'jokowi', 'amsterdam', 'paris', 'bersihkan', 'bertanya', 'diaspora', 'jawaban', 'sigit', 'orangorang']","['dari diskusi dg diaspora di amsterdam dan paris semua bertanya ada apa dg presiden sehingga tdk berani bersihkan orangorang jokowi terutama kapolri jawaban saya hanya allah prabowo jokowi dan sigit yang tahu', 'dari diskusi dg diaspora di amsterdam dan paris semua bertanya ada apa dg presiden sehingga tdk berani bersihkan orangorang jokowi terutama kapolri jawaban saya hanya allah prabowo jokowi dan sigit yang tahu', 'dari diskusi dg diaspora di amsterdam dan paris semua bertanya ada apa dg presiden sehingga tdk berani bersihkan orangorang jokowi terutama kapolri jawaban saya hanya allah prabowo jokowi dan sigit yang tahu']"
99,25,99_pangan_harga_pokok_dijaga,"['pangan', 'harga', 'pokok', 'dijaga', 'stabil', 'ketahanan', 'stabilitas', 'sembari', 'meminta', 'perekonomian']","['presiden prabowo meminta agar ketahanan pangan dan harga kebutuhan pokok dijaga stabil sembari memantau perkembangan perekonomian nasional huniankorbanbencana memulihkan warga terdampak', 'presiden prabowo meminta agar ketahanan pangan dan harga kebutuhan pokok dijaga stabil sembari memantau perkembangan perekonomian nasional huniankorbanbencana memulihkan warga terdampak', 'presiden prabowo meminta agar ketahanan pangan dan harga kebutuhan pokok dijaga stabil sembari memantau perkembangan perekonomian nasional huniankorbanbencana memulihkan warga terdampak']"
100,24,100_sugiono_sumatera_belum_india,"['sugiono', 'sumatera', 'belum', 'india', 'aseanindia', 'bantuan', 'sumber', 'asing', 'menlu', 'pertemuan']","['ya benar menlu sugiono menyatakan pada desember bahwa indonesia belum membuka pintu bantuan luar negeri untuk bencana di sumatera karena masih mampu ditangani secara nasional ia menambahkan bantuan bisa dibuka jika diperlukan sumber metro tv', 'menlu sugiono mewakili presiden prabowo subianto dalam ktt aseanindia ke di kuala lumpur malaysia dalam pidatonya sugiono menyoroti peluang kerja sama antara indonesia dan india dalam program mbg _', 'menlu sugiono menjadi salah pembicara di ktt aseanindia ke di kuala lumpur malaysia dlm pidatonya sugiono berbicara peluang indonesia amp india bekerja sama dlm mengerjakan programmakan bergizi gratis pertemuan berlangsung minggu ini dihadiri pm india']"
101,24,101_rebut_ayo_bersatu_kedaulatan,"['rebut', 'ayo', 'bersatu', 'kedaulatan', 'rakyat', 'kembali', 'jejakdigital', 'arsip', 'nasional', '']","['ayo bersatu rebut kembali kedaulatan rakyat', 'ayo bersatu rebut kembali kedaulatan rakyat', 'ayo bersatu rebut kembali kedaulatan rakyat']"
102,23,102_wn_brutal_terancam_area,"['wn', 'brutal', 'terancam', 'area', 'bersenjata', 'tambang', 'aksi', 'emas', 'serang', 'kedaulatan']","['kedaulatan negara sudah terancam secara nyata aksi brutal wn china bersenjata serang tni di area tambang emas', 'kedaulatan negara sudah terancam secara nyata aksi brutal wn china bersenjata serang tni di area tambang emas', 'kedaulatan negara sudah terancam secara nyata aksi brutal wn china bersenjata serang tni di area tambang emas']"
103,23,103_wn_brutal_terancam_area,"['wn', 'brutal', 'terancam', 'area', 'bersenjata', 'tambang', 'aksi', 'emas', 'serang', 'kedaulatan']","['kedaulatan negara sudah terancam secara nyata aksi brutal wn china bersenjata serang tni di area tambang emas', 'kedaulatan negara sudah terancam secara nyata aksi brutal wn china bersenjata serang tni di area tambang emas', 'kedaulatan negara sudah terancam secara nyata aksi brutal wn china bersenjata serang tni di area tambang emas']"
104,22,104_militer_eksternal_polandia_kelen,"['militer', 'eksternal', 'polandia', 'kelen', 'wartawan', 'smua', 'ideologis', 'indon', 'irak', 'ruang']","['komposisi kader pdip andai capres nya menang menkoeko eksternal menkopolhukam edy rahmayadiorang eksternalafiliasi menko pmk eksternal mendagri ganjar menlu salah satu wamenlupaman nya pemain timnas eksternal menkumham henry yoso', 'pejabat indon sengaja ngebiarin amp gk menetapkan bencana nasional biar gk ngeluarin duit lbh amp berharap bantuan internasional tnp hrus ngasih tau scr resmi emg bgsd kelen pejabat indon ketika butuh suara ampe pelosok negeri kelen datangi giliran mrk butuh bantuan kalian diamkan', 'slm sy bkerja di eo kepresidenan jkw sllu mnghindar sesi bilateral menolak interview dg wartawan asing sekalinya intrview wartawan hrs dbriefing pertanyaan shg pihak protokoler dan kemenlu dpt menyiapkan jawaban utk jkw jd jgn bilang dia hebat kl smua settingan']"
105,22,105_ladang_tangerang_jagung_bantarpanjang,"['ladang', 'tangerang', 'jagung', 'bantarpanjang', 'tigaraksa', 'terbengkalai', 'polresta', 'ditumbuhi', 'diresmikan', 'rumput']","['polresta tangerang akan melakukan evaluasi terhadap ladang jagung yang terbengkalai dan ditumbuhi rumput liar di desa bantarpanjang kecamatan tigaraksa kabupaten tangerang banten ladang jagung ini sebelumnya diresmikan wakil presiden ri gibran rakabuming raka untuk program', 'polresta tangerang akan melakukan evaluasi terhadap ladang jagung yang terbengkalai dan ditumbuhi rumput liar di desa bantarpanjang kecamatan tigaraksa kabupaten tangerang banten ladang jagung ini sebelumnya diresmikan wakil presiden ri gibran rakabuming raka untuk program', 'polresta tangerang akan melakukan evaluasi terhadap ladang jagung yang terbengkalai dan ditumbuhi rumput liar di desa bantarpanjang kecamatan tigaraksa kabupaten tangerang banten ladang jagung ini sebelumnya diresmikan wakil presiden ri gibran rakabuming raka untuk program']"
106,22,106_pengen_pengangguran_benar_dibuat,"['pengen', 'pengangguran', 'benar', 'dibuat', 'pencitraan', 'gaada', 'pekerjaan', 'dikonsultasikan', 'disumatra', 'dsbmmng']","['pencitraannya kenceng banget lewat berita di tv seakan semuanya sudah teratasi dan gak terhitung nama presiden disebut bak pahlawan demi allah setelah baca berita kematian pengungsi krn kelaparan ini aku berharap engkau yg membalasnya y allah kami sdh tdk sanggup', 'sumpah ya gapernah abis marahnya kobisa gaada pergerakan sama sekali untuk pengarahan alat berat ituloh bantuan gak merata listrik dibuat mainan prabowo malah kunker luar negeri cok presiden sama jajaran gaada yg bener anjinggggg fak u dan buat buzzer perut lu meledak', 'heran jg liat kerja polkis konoha spt ada yg hendak dilindungi sidik jari korban terindikasi tpi yg lain tidak hrsnya bisa ditelusuri lgi hsl pemeriksaan forensik yg mngarah perbendungan atau cctv dsbmmng udh cocok tuh kasus ini diambil alih bareskrim menlu ngomong dong']"
107,22,107_hrs_saudi_arabia_dipojokkan,"['hrs', 'saudi', 'arabia', 'dipojokkan', 'ironis', 'reynhard', 'ahlanwasahlanibhrs', 'kriminal', 'super', 'sungguh']","['reynhard di inggris yg jelas super kriminal n memalukan indonesia diberi bantuan hukum habib rizieq shihab hrs di saudi arabia malah dipojokkan pernyataan menko n dubes ri di saudi sungguh tak adil n ironis selamat datang hrs ahlanwasahlanibhrs', 'reynhard di inggris yg jelas super kriminal n memalukan indonesia diberi bantuan hukum habib rizieq shihab hrs di saudi arabia malah dipojokkan pernyataan menko n dubes ri di saudi sungguh tak adil n ironis selamat datang hrs ahlanwasahlanibhrs', 'reynhard di inggris yg jelas super kriminal n memalukan indonesia diberi bantuan hukum habib rizieq shihab hrs di saudi arabia malah dipojokkan pernyataan menko n dubes ri di saudi sungguh tak adil n ironis selamat datang hrs ahlanwasahlanibhrs']"
108,22,108_breaking_advokasi_menempuh_ap,"['breaking', 'advokasi', 'menempuh', 'ap', 'news', 'pimpinan', 'lbh', 'menetapkan', 'jalur', 'menyatakan']","['breaking news lembaga bantuan hukum advokasi publik lbh ap pimpinan pusat menyatakan siap menempuh jalur hukum jika presiden ri prabowo subianto tidak segera menetapkan status bencana nasional atas peristiwa banjir bandang dan tanah longsor di wilayah', 'breaking news lembaga bantuan hukum advokasi publik lbh ap pimpinan pusat menyatakan siap menempuh jalur hukum jika presiden ri prabowo subianto tidak segera menetapkan status bencana nasional atas peristiwa banjir bandang dan tanah longsor di wilayah', 'breaking news lembaga bantuan hukum advokasi publik lbh ap pimpinan pusat menyatakan siap menempuh jalur hukum jika presiden ri prabowo subianto tidak segera menetapkan status bencana nasional atas peristiwa banjir bandang dan tanah longsor di wilayah']"
109,21,109_fadli_zon_komunis_bahaya,"['fadli', 'zon', 'komunis', 'bahaya', 'sebut', 'jawab', 'partai', 'minta', 'china', 'kemenlu']","['fadli zon minta kemenlu jawab amerika yang sebut indonesia dalam bahaya partai komunis china', 'fadli zon minta kemenlu jawab amerika yang sebut indonesia dalam bahaya partai komunis china', 'fadli zon minta kemenlu jawab amerika yang sebut indonesia dalam bahaya partai komunis china']"
110,21,110_kenyataan_kenyataannya_tanzania_sosmed,"['kenyataan', 'kenyataannya', 'tanzania', 'sosmed', 'uganda', 'kenyal', 'masih', 'klo', 'bisa', 'kenyang']","['sebagai pendukung beliau dlu gw berharap blio bisa menjadi presiden namun negara ini sdh dikuasai oleh wowo dan anteknya jdi kesempatan org baik ini terjegal seandainya ada revolusi dari rakyat harapan gw bisa jd kenyataan', 'bu zmn beliau presiden tiap pagi kami sekeluarga sarapan nasi goreng nasinya sisa kemarin rasanya kenyal gimana gitu sayang klo dibuang kata ibu saya maklum ga ada kulkas atau mac jigger tapi ibu saya luar biasa nasi kenyal dg aroma khas itu sgt nikmat dg kerupuk tq pak harto', 'gibi nih punya presiden gak bisa main hape kudet sama teknologi sosmed aja harus ajudan yang pegang berita sosmed kudu sama si teddy yang kasih tau wawlahi gw tiap kali buka instagram kenyataannya gak kayak fotofoto media presiden capek gw ngelaknat pemerintah melulu']"
111,21,111_pasca_pulihkan_bangkit_infrastruktur,"['pasca', 'pulihkan', 'bangkit', 'infrastruktur', 'akses', 'bencana', 'kunci', 'bergerak', 'masyarakat', 'utama']","['ketika akses terbuka harapan ikut menyala prabowo pulihkan infrastruktur agar ekonomi warga kembali bergerak dan bangkit pasca bencana', 'prabowo pulihkan infrastruktur di banyak titik terdampak bencana karena akses jalan adalah kunci masyarakat bangkit pasca bencana', 'prabowo pulihkan infrastruktur lewat percepatan akses darurat agar masyarakat bangkit pasca bencana']"
112,21,112_lu_dikritik_bayangin_seperti,"['lu', 'dikritik', 'bayangin', 'seperti', 'akan', 'apa', 'seorang', 'lakukan', 'terus', 'menlu']","['bayangin lu seorang menlu terus dikritik seperti ini apa yang akan lu lakukan', 'bayangin lu seorang menlu terus dikritik seperti ini apa yang akan lu lakukan', 'bayangin lu seorang menlu terus dikritik seperti ini apa yang akan lu lakukan']"
113,20,113_menawarkan_dihubungi_disampaikannya_mengaku,"['menawarkan', 'dihubungi', 'disampaikannya', 'mengaku', 'sumatera', 'paripurna', 'sidang', 'istana', 'bandang', 'barat']","['presiden prabowo subianto mengaku dihubungi oleh banyak kepala negara yang menawarkan bantuan untuk penanganan bencana banjir bandang dan tanah longsor di aceh sumatera utara dan sumatera barat pernyataan itu disampaikannya dalam sidang kabinet paripurna di istana negara', 'presiden prabowo subianto mengaku dihubungi oleh banyak kepala negara yang menawarkan bantuan untuk penanganan bencana banjir bandang dan tanah longsor di aceh sumatera utara dan sumatera barat pernyataan itu disampaikannya dalam sidang kabinet paripurna di istana negara', 'presiden prabowo subianto mengaku dihubungi oleh banyak kepala negara yang menawarkan bantuan untuk penanganan bencana banjir bandang dan tanah longsor di aceh sumatera utara dan sumatera barat pernyataan itu disampaikannya dalam sidang kabinet paripurna di istana negara']"
114,20,114_diplomat_diplomatik_kemenlu_seorg,"['diplomat', 'diplomatik', 'kemenlu', 'seorg', 'hubungan', 'birokrasi', 'sumpah', 'dibawah', 'peduli', 'speakingnya']","['jokowi yg ktnya gk pinter aja ttp menempatkan seorg diplomat sbg menlu krn dia tau pentingnya pengetahuan diplomatik seorg menlu prabowo malah nunjuk seorg disertir tentara yg tahunan wara wiri jd pengawal dia bawain handuk kecil basah utk menyeka mukanya utk jd menlu', 'diplomat tuh corong pemrenta kak apalagi kan menlu nya bkn diplomat karir tp org kepercayaan onoh jadiya ga bisa diarepin pun', 'diplomat kosaku kuroda ini influence terbesar memutuskan untuk mau menjadi diplomat ambil s ilmu politik belajar dan cari cara buat bisa lolos cpns kemenlu tapi gagal biasalah karena brokenheart dan losing muse and motivation to reach that dream again']"
115,20,115_bwat_babu_tuan_beres,"['bwat', 'babu', 'tuan', 'beres', 'kirim', 'kuasa', 'punya', 'perintahkan', 'alat', 'tongkat']","['tuan presiden memang gak punya tongkat tapi kan punya kuasa bwat perintahkan semua babu nya bwat segera kirim ratusan alat berat bwat beres pasca bencana', 'tuan presiden memang gak punya tongkat tapi kan punya kuasa bwat perintahkan semua babu nya bwat segera kirim ratusan alat berat bwat beres pasca bencana', 'tuan presiden memang gak punya tongkat tapi kan punya kuasa bwat perintahkan semua babu nya bwat segera kirim ratusan alat berat bwat beres pasca bencana']"
116,19,116_hrs_saudi_arabia_dipojokkan,"['hrs', 'saudi', 'arabia', 'dipojokkan', 'ironis', 'reynhard', 'ahlanwasahlanibhrs', 'kriminal', 'super', 'sungguh']","['reynhard di inggris yg jelas super kriminal n memalukan indonesia diberi bantuan hukum habib rizieq shihab hrs di saudi arabia malah dipojokkan pernyataan menko n dubes ri di saudi sungguh tak adil n ironis selamat datang hrs ahlanwasahlanibhrs', 'reynhard di inggris yg jelas super kriminal n memalukan indonesia diberi bantuan hukum habib rizieq shihab hrs di saudi arabia malah dipojokkan pernyataan menko n dubes ri di saudi sungguh tak adil n ironis selamat datang hrs ahlanwasahlanibhrs', 'reynhard di inggris yg jelas super kriminal n memalukan indonesia diberi bantuan hukum habib rizieq shihab hrs di saudi arabia malah dipojokkan pernyataan menko n dubes ri di saudi sungguh tak adil n ironis selamat datang hrs ahlanwasahlanibhrs']"
117,19,117_ilegalmelihat_flora_relevan_masifnya,"['ilegalmelihat', 'flora', 'relevan', 'masifnya', 'memilah', 'kehancuran', 'kematian', 'gelondongan', 'legal', 'kerusakan']","['pak presiden saat ini setelah bencana banjir longsor lumpur kayu gelondongan sudah tidak relevan lagi memilah yg legal dan ilegalmelihat masifnya kerusakan kehancuran lingkungan infrastruktur kematian kehidupan rakyat yg kehilangan ayah ibu anak saudara flora', 'pak presiden saat ini setelah bencana banjir longsor lumpur kayu gelondongan sudah tidak relevan lagi memilah yg legal dan ilegalmelihat masifnya kerusakan kehancuran lingkungan infrastruktur kematian kehidupan rakyat yg kehilangan ayah ibu anak saudara flora', 'pak presiden saat ini setelah bencana banjir longsor lumpur kayu gelondongan sudah tidak relevan lagi memilah yg legal dan ilegalmelihat masifnya kerusakan kehancuran lingkungan infrastruktur kematian kehidupan rakyat yg kehilangan ayah ibu anak saudara flora']"
118,19,118_pusat_pulihkan_pasca_bangkit,"['pusat', 'pulihkan', 'pasca', 'bangkit', 'dukungan', 'pemerintah', 'infrastruktur', 'penuh', 'darurat', 'bawah']","['pemerintah pusat di bawah arahan presiden prabowo siap memberi dukungan penuh pembangunan jalur darurat prabowo pulihkan infrastruktur agar bangsa bangkit pasca bencana', 'pemerintah pusat memberi dukungan penuh sesuai arahan presiden prabowo prabowo pulihkan infrastruktur agar daerah terdampak bangkit pasca bencana', 'pemerintah pusat di bawah arahan presiden prabowo prabowo pulihkan infrastruktur demi bangkit pasca bencana']"
119,18,119_menangkap_pengadilan_mengadilinya_membawanya,"['menangkap', 'pengadilan', 'mengadilinya', 'membawanya', 'netanyahu', 'operasi', 'mengapa', 'terpilih', 'nicols', 'israel']","['jika as dapat melakukan operasi di venezuela untuk menangkap nicols maduro seorang presiden terpilih amp mengadilinya di pengadilan amerika lalu mengapa tidak mungkin untuk menangkap netanyahu dari israel dan membawanya ke pengadilan internasional', 'jika as dapat melakukan operasi di venezuela untuk menangkap nicols maduro seorang presiden terpilih amp mengadilinya di pengadilan amerika lalu mengapa tidak mungkin untuk menangkap netanyahu dari israel dan membawanya ke pengadilan internasional', 'jika as dapat melakukan operasi di venezuela untuk menangkap nicols maduro seorang presiden terpilih amp mengadilinya di pengadilan amerika lalu mengapa tidak mungkin untuk menangkap netanyahu dari israel dan membawanya ke pengadilan internasional']"
120,18,120_cair_semuatanganibencana_provinsi_rp,"['cair', 'semuatanganibencana', 'provinsi', 'rp', 'bantuan', 'sudah', 'miliar', 'kota', 'kabupaten', 'dapat']","['bantuan presiden sudah cair provinsi dapat rp m kabupaten kota rp miliar semuatanganibencana', 'bantuan presiden sudah cair provinsi dapat m kabupaten kota dapat m semuatanganibencana', 'bantuan presiden sudah cair provinsi dapat m kabupaten dapat m semuatanganibencana']"
121,18,121_ilegalmelihat_flora_relevan_masifnya,"['ilegalmelihat', 'flora', 'relevan', 'masifnya', 'memilah', 'kehancuran', 'kematian', 'gelondongan', 'legal', 'kerusakan']","['pak presiden saat ini setelah bencana banjir longsor lumpur kayu gelondongan sudah tidak relevan lagi memilah yg legal dan ilegalmelihat masifnya kerusakan kehancuran lingkungan infrastruktur kematian kehidupan rakyat yg kehilangan ayah ibu anak saudara flora', 'pak presiden saat ini setelah bencana banjir longsor lumpur kayu gelondongan sudah tidak relevan lagi memilah yg legal dan ilegalmelihat masifnya kerusakan kehancuran lingkungan infrastruktur kematian kehidupan rakyat yg kehilangan ayah ibu anak saudara flora', 'pak presiden saat ini setelah bencana banjir longsor lumpur kayu gelondongan sudah tidak relevan lagi memilah yg legal dan ilegalmelihat masifnya kerusakan kehancuran lingkungan infrastruktur kematian kehidupan rakyat yg kehilangan ayah ibu anak saudara flora']"
122,17,122_video_ngoceh_dlm_suatu,"['video', 'ngoceh', 'dlm', 'suatu', 'nonton', 'dr', 'masalah', 'rongrongan', 'penyampai', 'pembuat']","['nkri ada dlm rongrongan bkn cuma pki nmn rongrongan dr bekas penjajah nkri australia mengapa bin amp bais jg kemenlu diam apalagi yg kerjanya cuma bikin uu menyengsarakan rakyat sadarkah pa lihat video kucing mujair tiktok', 'terlihat dlm video ini dia berperan sbg seorang pejabat yg punya kompetensi menilai suatu masalah dlm tata kelola pemerintahan pdhal tupoksinya adalah sbg penyampai pesan dr presiden kpd rakyat bukan pjbat pmbuat analisis atas suatu kebijakan atau pembuat opini', 'terlihat dlm video ini dia berperan sbg seorang pejabat yg punya kompetensi menilai suatu masalah dlm tata kelola pemerintahan pdhal tupoksinya adalah sbg penyampai pesan dr presiden kpd rakyat bukan pjbat pmbuat analisis atas suatu kebijakan atau pembuat opini']"
123,17,123_program_mbg_dakwah_pedalaman,"['program', 'mbg', 'dakwah', 'pedalaman', 'junior', 'diluncurkan', 'proyek', 'anakanak', 'bupati', 'sehatbersama']","['program cek kesehatan gratis ini merupakan salah satu program quick win presiden prabowo subianto yang menyasar juta masyarakat sehatbersama kesehatanuntuksemua indonesiapeduli pemeriksaangratis', 'program cek kesehatan gratis ini merupakan salah satu program quick win presiden prabowo subianto yang menyasar juta masyarakat sehatbersama kesehatanuntuksemua indonesiapeduli pemeriksaangratis', 'bupati adalah conductor dan arranger program mbg di daerah lumajang selama ini kepala daerah seolaholah hanya menjadi penonton dalam pelaksanaan program makan bergizi gratis mbg namun setelah keputusan presiden keppres nomor tahun tentang tim koordinas antar']"
124,17,124_purn_tni_hor_jenderal,"['purn', 'tni', 'hor', 'jenderal', 'lettu', 'letjen', 'menkopolkam', 'djamari', 'chaniago', 'sjamsoeddin']","['jabatan penting negara saat ini presiden ri jenderal tni hor purn prabowo seskab letkol tni teddy menkopolkam letjen tni purn djamari chaniago menhan jenderal tni hor purn sjafrie sjamsoeddin menlu lettu tni soegiono menko bidang infrastruktur dan pembangunan', 'jabatan penting negara saat ini presiden ri jenderal tni hor purn prabowo seskab letkol tni teddy menkopolkam letjen tni purn djamari chaniago menhan jenderal tni hor purn sjafrie sjamsoeddin menlu lettu tni soegiono menko bidang infrastruktur dan pembangunan', 'jabatan penting negara saat ini presiden ri jenderal tni hor purn prabowo seskab letkol tni teddy menkopolkam letjen tni purn djamari chaniago menhan jenderal tni hor purn sjafrie sjamsoeddin menlu lettu tni soegiono menko bidang infrastruktur dan pembangunan']"
125,17,125_terisolasi_meriah_zonauang_takengon,"['terisolasi', 'meriah', 'zonauang', 'takengon', 'bener', 'capek', 'amp', 'riba', 'nikmal', 'donasi']","['mantap daerahdaerah yang sempet terisolasi kayak takengon amp bener meriah itu udah mulai dibuka aksesnya lho presiden prabowo apresiasi banget kerja keras petugas di lapangan yang udah matimatian buka jalan salut aceh tamiang juga udah nyambung zonauang', 'presiden prabowo tinjau takengon amp bener meriah yang sempat terisolasi kerennya upaya pembukaan akses jalan terus digenjot maksimal petugas jembatan di bener meriah udah berfungsi jalur ke aceh tamiang pun kini sudah tembus jadi bantuan bisa zonauang', 'nggak cuma itu akses jalan ke daerah terisolasi kayak takengon amp bener meriah juga lagi digeber biar cepet kebuka lagi presiden prabowo bahkan ngecek sendiri proses pembukaan akses ini biar warga di sana nggak makin terisolasi jalan ke aceh zonauang']"
126,17,126_republik_subianto_indonesia_bekasi,"['republik', 'subianto', 'indonesia', 'bekasi', 'putih', 'merah', 'normal', 'idola', 'kejaksaan', 'bogor']","['presiden republik indonesia prabowo subianto menggelar pertemuan dengan sejumlah menteri kabinet merah putih di kediaman pribadinya di hambalang jawa barat minggu', 'presiden republik indonesia prabowo subianto menargetkan pemulihan aliran listrik dapat kembali normal persen secepatnya di seluruh wilayah terdampak bencana banjir bandang di sumatera presiden prabowosubianto listrik aceh idola smg indonesia', 'presiden republik indonesia prabowo subianto menargetkan pemulihan aliran listrik dapat kembali normal persen secepatnya di seluruh wilayah terdampak bencana banjir bandang di sumatera presiden prabowosubianto listrik aceh idola smg indonesia']"
127,17,127_more_cosplay_cc_thank,"['more', 'cosplay', 'cc', 'thank', 'amiin', 'you', 'nah', 'abs', 'itu', '']","['cc', 'thank you', 'more cosplay']"
128,16,128_fadli_zon_komunis_bahaya,"['fadli', 'zon', 'komunis', 'bahaya', 'sebut', 'jawab', 'partai', 'minta', 'china', 'kemenlu']","['fadli zon minta kemenlu jawab amerika yang sebut indonesia dalam bahaya partai komunis china', 'fadli zon minta kemenlu jawab amerika yang sebut indonesia dalam bahaya partai komunis china', 'fadli zon minta kemenlu jawab amerika yang sebut indonesia dalam bahaya partai komunis china']"
129,16,129_china_jepang_ketegangan_taiwan,"['china', 'jepang', 'ketegangan', 'taiwan', 'memicu', 'pbb', 'luhut', 'isuglobal', 'beijing', 'indonesiaupdate']","['sebagian orang menduga pembatalan ini berkaitan dengan meningkatnya ketegangan hubungan jepang china terutama setelah pernyataan pm jepang sanae takaichi mengenai isu taiwan yang memicu reaksi keras dari pihak china', 'menlu china menilai pernyataan pm jepang sudah melewati batas memicu ketegangan baru di asia timur narayapost china jepang geopolitik asiatimur isuglobal diplomasi beritaterkini indonesiaupdate', 'menlu china menilai pernyataan pm jepang sudah melewati batas memicu ketegangan baru di asia timur narayapost china jepang geopolitik asiatimur isuglobal diplomasi beritaterkini indonesiaupdate']"
130,16,130_diarak_memindahkan_provokatif_van,"['diarak', 'memindahkan', 'provokatif', 'van', 'menginjakinjak', 'unjuk', 'york', 'biadab', 'jalanan', 'new']","['biadab menginjakinjak harga diri pemimpin suatu negara presiden venezuela diarak di jalan raya as dalam sebuah unjuk kekuatan yang provokatif pasukan amerika serikat yang bersenjata lengkap terlihat memindahkan nicols maduro melalui jalanan new york dengan pintu van', 'biadab menginjakinjak harga diri pemimpin suatu negara presiden venezuela diarak di jalan raya as dalam sebuah unjuk kekuatan yang provokatif pasukan amerika serikat yang bersenjata lengkap terlihat memindahkan nicols maduro melalui jalanan new york dengan pintu van', 'biadab menginjakinjak harga diri pemimpin suatu negara presiden venezuela diarak di jalan raya as dalam sebuah unjuk kekuatan yang provokatif pasukan amerika serikat yang bersenjata lengkap terlihat memindahkan nicols maduro melalui jalanan new york dengan pintu van']"
131,16,131_papua_enam_bergerakuntukpapua_diluncurkan,"['papua', 'enam', 'bergerakuntukpapua', 'diluncurkan', 'taiwan', 'polugri', 'paniai', 'papuabarat', 'smasmk', 'paud']","['program mbg presiden prabowo harus sampai ke papua t komisi xiii dpr ri benar prioritaskan siswa tksma di enam provinsi papua kurangi stunting bangun generasi emas dukung terus', 'presiden indonesia akan selalu menjadikan papua sebagai prioritas dan akan terus membantu masyarakat papua karena papua merupakan bagian penting indonesia dari timur kemajuan menggema bergerakuntukpapua', 'presiden indonesia akan selalu menjadikan papua sebagai prioritas dan akan terus membantu masyarakat papua karena papua merupakan bagian penting indonesia dari timur kemajuan menggema bergerakuntukpapua']"
132,16,132_air_pln_dilaporkan_tower,"['air', 'pln', 'dilaporkan', 'tower', 'kekurangan', 'brandan', 'kekurangankekurangan', 'emergency', 'penyelesaian', 'memasuki']","['penyelesaian dua emergency tower pangkalan brandan langsa memasuki tahap akhir pln mengerahkan seluruh petugas untuk memulihkan sistem kelistrikan aceh selain memantau progres pemulihan listrik direktur utama pln bersama presiden ri mengunjungi posko bencana aceh tamiang', 'penyelesaian dua emergency tower pangkalan brandan langsa memasuki tahap akhir pln mengerahkan seluruh petugas untuk memulihkan sistem kelistrikan aceh selain memantau progres pemulihan listrik direktur utama pln bersama presiden ri mengunjungi posko bencana aceh tamiang', 'penyelesaian dua emergency tower pangkalan brandan langsa memasuki tahap akhir pln mengerahkan seluruh petugas untuk memulihkan sistem kelistrikan aceh selain memantau progres pemulihan listrik direktur utama pln bersama presiden ri mengunjungi posko bencana aceh tamiang']"
133,16,133_konsesi_gajah_lahan_konservasi,"['konsesi', 'gajah', 'lahan', 'konservasi', 'seluas', 'tusam', 'miliknya', 'hutani', 'berasal', 'menyerahkan']","['presiden prabowo subianto menyerahkan konsesi lahan seluas hektar di aceh untuk program konservasi gajah lahan itu berasal dari konsesi miliknya melalui pt tusam hutani lestari baca di prabowosubianto aceh gajah', 'presiden prabowo subianto menyerahkan konsesi lahan seluas hektar di aceh untuk program konservasi gajah lahan itu berasal dari konsesi miliknya melalui pt tusam hutani lestari baca di prabowosubianto aceh gajah', 'presiden prabowo subianto menyerahkan konsesi lahan seluas hektar di aceh untuk program konservasi gajah lahan itu berasal dari konsesi miliknya melalui pt tusam hutani lestari baca di prabowosubianto aceh gajah']"
134,15,134_diplomasi_forum_domestik_logistik,"['diplomasi', 'forum', 'domestik', 'logistik', 'kemlu', 'koperasi', 'memadai', 'kemenlu', 'amp', 'uea']","['sekretaris utama bnn ri tantan sulistyana menghadiri rapat koordinasi forum sekretaris kementerianlembaga kl yang diselenggarakan oleh kementerian luar negeri kemenlu republik indonesia pada rabu pertemuan yang digelar di aula kantin diplomasi kemenlu jakarta', 'pernyataan resmi pemerintah indonesia seperti dari menlu dan bnpb menekankan kemampuan domestik cukup untuk tangani bencana banjir dan longsor di sumatra dengan stok logistik memadai dan tanpa kebutuhan bantuan asing namun laporan lapangan dari bnpb sendiri korban', 'alasan pemerintah indonesia membatasi bantuan asing untuk korban bencana di sumatra banjir amp longsor di aceh sumut sumbar berdasarkan pernyataan menhan amp menlu kemampuan domestik cukup stok logistik amp obat memadai distribusi via daratlautudara lancar amp keyakinan bisa']"
135,15,135_games_sea_atlet_menpora,"['games', 'sea', 'atlet', 'menpora', 'medali', 'bonus', 'erick', 'emas', 'miliar', 'thailand']","['menpora erick menegaskan bonus rp miliar di sea games bukan sekadar angka tapi bentuk dukungan serius presiden prabowo ke atlet nasional berita menpora olahragaindonesia seagames', 'bonus rp miliar untuk atlet sea games disebut menpora erick thohir sebagai bukti nyata komitmen presiden prabowo mendukung olahraga indonesia berita menpora erickthohir seagames', 'prestasi gemilang sea games atlet indonesia dapat bonus fantastis presiden prabowo turut menyampaikan rasa bangga dan salam kepada seluruh atlet sea games']"
136,15,136_perkara_metro_polda_jaya,"['perkara', 'metro', 'polda', 'jaya', 'ijazah', 'khusus', 'joko', 'widodo', 'gelar', 'palsu']","['sudah berlangsung selama jam gelar perkara khusus kasus dugaan ijazah palsu presiden ke ri joko widodo yang digelar polda metro jaya atas permintaan roy suryo cs senin fae', 'kuasa hukum roy suryo cs menegaskan akan menyoroti sejumlah aspek dalam gelar perkara khusus terkait kasus dugaan ijazah palsu presiden ke ri joko widodo yang digelar di polda metro jaya senin baca di sini ta roysuryo ijazah jokowi', 'polda metro jaya menjadwalkan gelar perkara khusus terkait kasus tudingan ijazah palsu presiden ke ri joko widodo pada senin desember pihak joko widodo menyatakan siap menghadiri gelar perkara khusus tersebut sesuai undangan dari polda metro jaya kuasa hukum']"
137,15,137_donald_trump_thailand_ukraina,"['donald', 'trump', 'thailand', 'ukraina', 'kemboja', 'syarikat', 'konflik', 'perang', 'dakwaan', 'bangkok']","['presiden trump tegaskan penanganan konflik ukraina butuh keseriusan ekstrem setiap langkah yang mainmain berpotensi memicu perang dunia ketiga baca detail peringatan trump narayapost trump ukraina perangdunia geopolitik', 'phnompenh kemboja menutup semua lintasan sempadannya dengan thailand semalam selepas bangkok menafikan dakwaan presiden amerika syarikat as donald trump bahawa satu gencatan senjata sudah dipersetujui', 'konflik thailandkemboja kemboja menutup semua pintu lintasan sempadannya dengan thailand selepas bangkok menafikan dakwaan presiden amerika syarikat as donald trump bahawa satu gencatan senjata telah dipersetujui buletintv sempadanditutup kembojathailand']"
138,15,138_punya_gini_ditaruh_dilawanresiko,"['punya', 'gini', 'ditaruh', 'dilawanresiko', 'play', 'naruta', 'kapori', 'silit', 'meong', 'cuma']","['punya presiden yang luar biasa kayak gini', 'hampir punya presiden kayak gini', 'punya presiden gini banget']"
139,15,139_tertukar_sapa_tarakarta_pemberontakan,"['tertukar', 'sapa', 'tarakarta', 'pemberontakan', 'ywdah', 'snow', 'yang', 'tersandera', 'please', 'siapa']","['betul presiden yang tertukar', 'presiden yg tertukar', 'presiden yg tertukar']"
140,15,140_politik_tertinggi_polri_sipil,"['politik', 'tertinggi', 'polri', 'sipil', 'skarang', 'kepentingan', 'partai', 'ditambah', 'masing', 'mpr']","['kan selama ini biang keroknya cuma partai politik bagaimana bisa partai politik mengawasi partainya sendiri sedang negara ini tidak punya presiden sama sekali presiden cuma pajangan atau boneka ketua partai politik', 'politik kita ini sangat gampang brubah justru presiden ini tetap harus sebagai wasit saja kebiasaan orang asia kalo punya kekuasana di posisi tertinggi malah jadi diktator mkanya posisi tertinggi hanya seremonial saja perdana menteri sebagai eksekutif diawasi presiden', 'sudah terlanjur dari sejak lama tidak hanya saat skarang skarang ini dari dulu semua berawal dari kepentingan masing masing partai politik sehingga dpr mk mpr polri tni presiden kepala daerah bumn ditambah lagi masyarakat yang sok pinter sehingga semuanya amburadul']"
141,14,141_kuripan_polsek_bhabinkamtibmas_monitoring,"['kuripan', 'polsek', 'bhabinkamtibmas', 'monitoring', 'tanaman', 'albarokah', 'tani', 'aipda', 'briptu', 'hidayat']","['dukung asta cita presiden ri bhabinkamtibmas polsek kuripan aipda wawan adi dan briptu m nur hidayat bersama kelompok tani albarokah melaksanakan monitoring pertumbuhan tanaman jagung di desa jatisari kec kuripan kabupaten probolinggo sebagai wujud ketahanan pangan', 'dukung asta cita presiden ri bhabinkamtibmas polsek kuripan aipda wawan adi dan briptu m nur hidayat bersama kelompok tani albarokah melaksanakan monitoring pertumbuhan tanaman jagung di desa jatisari kec kuripan kabupaten probolinggo sebagai wujud ketahanan pangan', 'dukung asta cita presiden ri bhabinkamtibmas polsek kuripan aipda wawan adi dan briptu m nur hidayat bersama kelompok tani albarokah melaksanakan monitoring pertumbuhan tanaman jagung di desa jatisari kec kuripan kabupaten probolinggo sebagai wujud ketahanan pangan']"
142,14,142_paket_penyiapan_signifikan_huniankorbanbencana,"['paket', 'penyiapan', 'signifikan', 'huniankorbanbencana', 'menginstruksikan', 'terimakasih', 'memulihkan', 'daya', 'insentif', 'pergerakan']","['untuk menjaga daya beli masyarakat dan mendorong pergerakan ekonomi presiden prabowo menginstruksikan penyiapan paket insentif yg signifikan smoga masyarakat yg terdampak bisa kembali beraktivitas dan perekonomian kembali membaik huniankorbanbencana memulihkan warga terdampak', 'untuk menjaga daya beli masyarakat dan mendorong pergerakan ekonomi presiden prabowo menginstruksikan penyiapan paket insentif yang signifikan huniankorbanbencana memulihkan warga terdampak', 'untuk menjaga daya beli masyarakat dan mendorong pergerakan ekonomi presiden prabowo menginstruksikan penyiapan paket insentif yang signifikan huniankorbanbencana memulihkan warga terdampak']"
143,14,143_ladang_tangerang_jagung_bantarpanjang,"['ladang', 'tangerang', 'jagung', 'bantarpanjang', 'tigaraksa', 'terbengkalai', 'polresta', 'ditumbuhi', 'diresmikan', 'rumput']","['polresta tangerang akan melakukan evaluasi terhadap ladang jagung yang terbengkalai dan ditumbuhi rumput liar di desa bantarpanjang kecamatan tigaraksa kabupaten tangerang banten ladang jagung ini sebelumnya diresmikan wakil presiden ri gibran rakabuming raka untuk program', 'polresta tangerang akan melakukan evaluasi terhadap ladang jagung yang terbengkalai dan ditumbuhi rumput liar di desa bantarpanjang kecamatan tigaraksa kabupaten tangerang banten ladang jagung ini sebelumnya diresmikan wakil presiden ri gibran rakabuming raka untuk program', 'polresta tangerang akan melakukan evaluasi terhadap ladang jagung yang terbengkalai dan ditumbuhi rumput liar di desa bantarpanjang kecamatan tigaraksa kabupaten tangerang banten ladang jagung ini sebelumnya diresmikan wakil presiden ri gibran rakabuming raka untuk program']"
144,14,144_foto_louvre_museum_namtan,"['foto', 'louvre', 'museum', 'namtan', 'sumatera', 'becak', 'disembunyiin', 'dikutip', 'dokumentasi', 'gubernurpresiden']","['ribuan pengunjung kecewa usai museum louvre paris perancis tutup pada senin penutupan museum louvre ini imbas aksi mogok kerja para pegawainya dikutip dari afp senin mereka menuntut penambahan staf louvre paris', 'namanya jg presiden npd dateng ke lokasi foto foto ngomong ngalur ngidul abis itu pulang yg penting udh ada dokumentasi', 'sepertinya udah menjalar ke yang lain model begini modal foto doang kerja abis foto tidur lagi atau ngeluyur']"
145,14,145_polri_berkolaborasi_instruksi_tupoksi,"['polri', 'berkolaborasi', 'instruksi', 'tupoksi', 'pln', 'melaksanakan', 'saatnya', 'ber', 'sipil', 'melegalkan']","['melaksanakan instruksi presiden tni polri dan pln berkolaborasi pulihkan listrik pasca bencana saatnya bahu membahu ber', 'melaksanakan instruksi presiden tni polri dan pln berkolaborasi pulihkan listrik pasca bencana saatnya bahu membahu ber', 'melaksanakan instruksi presiden tni polri dan pln berkolaborasi pulihkan listrik pasca bencana saatnya bahu membahu ber']"
146,13,146_produkproduk_tkdn_sepakat_hapus,"['produkproduk', 'tkdn', 'sepakat', 'hapus', 'syarat', 'trump', 'dengan', 'as', 'produk', 'ngajak']","['sepakat dengan trump prabowo hapus syarat tkdn produkproduk as', 'sepakat dengan trump prabowo hapus syarat tkdn produkproduk as', 'sepakat dengan trump prabowo hapus syarat tkdn produkproduk as']"
147,13,147_nguji_ngajarin_kesabaran_sabar,"['nguji', 'ngajarin', 'kesabaran', 'sabar', 'usah', 'wni', 'gw', 'nih', 'banget', 'ga']","['ga usah ngajarin gw sabar jadi wni aja udah nguji kesabaran banget nih', 'ga usah ngajarin gw sabar jadi wni aja udah nguji kesabaran banget nih', 'ga usah ngajarin gw sabar jadi wni aja udah nguji kesabaran banget nih']"
148,13,148_palestina_gaza_solidaritas_inidiplomasi,"['palestina', 'gaza', 'solidaritas', 'inidiplomasi', 'kabinetmerahputih', 'walk', 'israel', 'pasukan', 'perdamaian', 'kemlu']","['di tingkat regional dan global kami berdiskusi tentang perkembangan di palestina serta langkah bersama proses rekonstruksi dan pengiriman bantuan kemanusiaan ke gaza siprus manamadialogue inidiplomasi anismatta kemlu kemenlu palestina cepa kabinetmerahputih', 'dari narasi awal konflik palestina vs israel menjadi isu islam melawan zionisme israel dan saat ini narasi mendukung kemerdekaan palestina telah menjadi isu kemanusiaan melawan antikemanusiaan palestina inidiplomasi kemlu kemenlu kabinetmerahputih uinalaudinmakassar', 'menteri luar negeri menlu sugiono menyampaikan bahwa indonesia terus melakukan koordinasi dengan negaranegara di sekitar palestina khususnya yordania terkait dengan rencana pengiriman pasukan perdamaian ke gaza palestina kita akan terus melakukan koordinasi dengan']"
149,12,149_geopolitik_catatan_petani_sdmpetaniunggul,"['geopolitik', 'catatan', 'petani', 'sdmpetaniunggul', 'petanigodigital', 'avic', 'geostrategis', 'geografi', 'nahkoda', 'lumbung']","['catatan geostrategis internasional petani indonesia sebagai nahkoda arah bangsabangsa membangun dunia baru sdmpetaniunggul petanigodigital ccpresiden amp kanda menteri', 'siap kandasuksesampsehat selalu kanda menteri laporan catatan geopolitik internasional petani indonesia menuju lumbung pangan dunia yang damai sdmpetaniunggul petanigodigital ccpresiden amp mas', 'catatan geopolitik internasional petani indonesia menuju lumbung pangan dunia yang damai sdmpetaniunggul petanigodigital ccpresident kanda menteri mas']"
150,12,150_hambalang_rapat_hunian_huniankorbanbencana,"['hambalang', 'rapat', 'hunian', 'huniankorbanbencana', 'korban', 'pembangunan', 'percepatan', 'dorong', 'memulihkan', 'terdampak']","['rapat darurat di hambalang menegaskan fokus presiden prabowo pada percepatan hunian dan pemenuhan kebutuhan dasar korban bencana huniankorbanbencana memulihkan warga terdampak', 'rapat di hambalang presiden prabowo dorong percepat pembangunan hunian korban bencana untuk memulihkan warga terdampak huniankorbanbencana', 'rapat di hambalang presiden prabowo dorong percepatan pembangunan hunian korban bencana huniankorbanbencana memulihkan warga terdampak']"
151,12,151_diuji_nabi_firaun_penyakit,"['diuji', 'nabi', 'firaun', 'penyakit', 'kemiskinan', 'nuh', 'ngeres', 'ayyub', 'pemerintahnya', 'planga']","['nabi nuh diuji dengan bencana nabi ayyub diuji dengan penyakit dan kemiskinan nabi musa diuji dengan firaun dan wni diuji dengan bencana penyakit kemiskinan dan pemerintahnya yang mirip firaun dan punya wapres yang planga plongo dan otak yg ngeres', 'nabi nuh diuji dengan bencana nabi ayyub diuji dengan penyakit dan kemiskinan nabi musa diuji dengan firaun dan wni diuji dengan bencana penyakit kemiskinan dan pemerintahnya yang mirip firaun dan punya wapres yang planga plongo dan otak yg ngeres', 'nabi nuh diuji dengan bencana nabi ayyub diuji dengan penyakit dan kemiskinan nabi musa diuji dengan firaun dan wni diuji dengan bencana penyakit kemiskinan dan pemerintahnya yang mirip firaun dan punya wapres yang planga plongo dan otak yg ngeres']"
152,12,152_senshuurakunya_malam_hari_tanggal,"['senshuurakunya', 'malam', 'hari', 'tanggal', 'pasokan', 'titik', 'jaga', 'jembatan', 'ga', 'dipaksakan']","['sebelum berangkat kerja mari kita intip teman jaga malam hari ini alhamdulillah dapet partner yg ok malem ini jadi gak pusing banget jaga malam semoga aman malam ini', 'hingga hari ini senin prajurit tni bersama kemenpu terlah berhasil memulihkan titik jembatan dari titik jembatan yang rusak di aceh bila tak mampu turun tangan jangan pula menisbikan kerjakerja petugas di bawah buat isu seolah negara tak hadir padahal mereka', 'sayangnya gue nggak mau nonton di hari kerja satusatunya jadwal yang pas cuman hari senshuurakunya di tanggal des sedangkan di tanggal tersebut ada acara pribadi yang sangat penting dan nggak bisa ditinggal tapi gue apply senshuurakunya rkj semoga menang']"
153,12,153_rehabilitasi_indonesiabangkit_tanggapbencana_fase,"['rehabilitasi', 'indonesiabangkit', 'tanggapbencana', 'fase', 'jangka', 'negarahadir', 'panjang', 'sumatera', 'prioritas', 'barat']","['pasca banjir dan longsor di aceh sumatera utara dan sumatera barat pemerintah masuk fase rehabilitasi dan rekonstruksi presiden prabowo subianto menegaskan pemulihan jangka panjang sebagai prioritas nasional negarahadir tanggapbencana indonesiabangkit', 'pasca banjir dan longsor di aceh sumatera utara dan sumatera barat pemerintah masuk fase rehabilitasi dan rekonstruksi presiden prabowo subianto menegaskan pemulihan jangka panjang sebagai prioritas nasional negarahadir tanggapbencana indonesiabangkit', 'pasca banjir dan longsor di aceh sumatera utara dan sumatera barat pemerintah masuk fase rehabilitasi dan rekonstruksi presiden prabowo subianto menegaskan pemulihan jangka panjang sebagai prioritas nasional negarahadir tanggapbencana indonesiabangkit']"
154,12,154_australia_pantai_bondi_sydney,"['australia', 'pantai', 'bondi', 'sydney', 'penembakan', 'hanukkah', 'sehubungan', 'insiden', 'serangan', 'perayaan']","['presiden finlandia alexander stubb sehubungan insiden penembakan pantai bondi serangan teroris malam ini pada perayaan hanukkah di pantai bondi sangat mengejutkan dan menghancurkan', 'presiden volodymyr zelensky bereaksi sehubungan insiden pantai bondi ukraina menyatakan solidaritasnya dengan australia dalam menghadapi serangan teroris brutal di pantai bondi sydney yang menargetkan komunitas yahudi pada awal hanukkah kami menyampaikan belasungkawa kepa', 'kaja kallas wakil presiden komisi eropa sehubungan insiden pantai bondi saya sangat terkejut dengan gambargambar mengerikan dari penembakan saat perayaan hanukkah di pantai bondi australia']"
155,12,155_menekankan_kilat_diselesaikan_layak,"['menekankan', 'kilat', 'diselesaikan', 'layak', 'konstruksi', 'huniankorbanbencana', 'memulihkan', 'menempati', 'proses', 'aman']","['presiden prabowo menekankan agar proses konstruksi harus diselesaikan secara kilat demi memastikan masyarakat dapat kembali menempati tempat tinggal yg layak dan aman ketersediaan bahan pokok juga akan menjadi pembahasan utama huniankorbanbencana memulihkan warga terdampak', 'presiden prabowo menekankan supaya proses konstruksi segera diselesaikan secara kilat untuk memastikan masyarakat agar bisa kembali menempati tempat tinggal yang layak dan aman huniankorbanbencana memulihkan warga terdampak', 'presiden prabowo menekankan agar proses konstruksi harus diselesaikan secara kilat demi memastikan masyarakat dapat kembali menempati tempat tinggal yang layak dan aman huniankorbanbencana memulihkan warga terdampak']"
156,11,156_bank_universitas_ahli_jaya,"['bank', 'universitas', 'ahli', 'jaya', 'alumni', 'profesor', 'keuangan', 'serangan', 'pensiun', 'ukraina']","['mungkin karena latar belakang keluarga bergengsi seperti ayah profesor ekonomi dan kakek pendiri bank bumn karir militer tinggi serta hubungan dengan presiden membuat seseorang merasa punya peran krusial studi psikologi menunjukkan privilege sering ciptakan rasa berhak dan', 'kubu wakil presiden gibran rakabuming raka dan kpu ri menghadirkan anggota dewan kehormatan penyelenggara pemilu dkpp sekaligus ahli hukum tata negara dari universitas bhayangkara ida budhiati sebagai ahli dalam sidang lanjutan gugatan perdata terkait riwayat pendidikan sma', 'yayasan bank rakyat ybr hadir pada majlis makan malam alumni mcoba yang menghimpunkan barisan kepimpinan berprestij termasuk presiden alumni tunku khurshiah college tkc oga datuk dr hafsah hashim dan']"
157,11,157_tsunami_sby_disaster_aceh,"['tsunami', 'sby', 'disaster', 'aceh', 'ribuan', 'mendampingi', 'bulan', 'video', 'beberapa', 'jepang']","['betul malah sby bs jadi presiden lagi habis menetapkan tsunami bencana nasional', 'presiden tidak punya tongkat nabi musa sby juga gak punya boss tapi sby punya otak untuk mempercepat pemulihan bencana tsunami aceh sby rela tidur di pengungsian agar merasakan penderitaan rakyat aceh jangan terlalu banyak retorika akui bahwa anda tak mampu', 'saat mendampingi sby berkunjung ke lokasi tsunami sendai tahun beberapa bulan setelah tsunami ribuan masyarakat jepang meminta indonesia membantu pm jepang menangani rekonrehab mereka demonstrasi di depan pm yang mendampingi presiden sby mengagetkan bisa']"
158,11,158_nepalkanpejabatbusuk_nepalkan_nepal_melawan,"['nepalkanpejabatbusuk', 'nepalkan', 'nepal', 'melawan', 'putusan', 'tenda', 'pm', 'berpenghuni', 'assegaf', 'genzmilenial']","['presiden prabowo diminta pecat bahlil dan dirut pln buntut kebohongan soal listrik di aceh pulih nepalkanpejabatbusuk nepalkanpejabatbusuk', 'nepalkanpejabatbusuk nepalkanpejabatbusuk kapolri melawan presiden dan mk kesimpulannya apa', 'nepalkan pejabat busuk semakin hari negara semakin kacau polri berani melawan putusan mk dgn putusan kapolri yg menetapkan anggota polri boleh menduduki jabatan sipil pak msh presiden ri nepalkanpejabatbusuk nepalkanpejabatbusuk']"
159,11,159_km_lorong_patuhi_papan,"['km', 'lorong', 'patuhi', 'papan', 'ditutup', 'penyelenggaraan', 'awas', 'harap', 'tanda', 'maklum']","['hrs awas kerja penyelenggaraan km km arah selatan dari klia ke bandar serenia lorong kanan ditutup patuhi arahan papan tanda harap maklum', 'hrs awas kerja penyelenggaraan km km arah selatan dari alor pongsu ke bukit merah lorong kanan ditutup patuhi arahan papan tanda harap maklum', 'hrs awas kerja penyelenggaraan km km arah selatan dari alor pongsu ke bukit merah lorong kanan ditutup patuhi arahan papan tanda harap maklum']"
160,11,160_bahas_kumpulkan_percepatan_hunian,"['bahas', 'kumpulkan', 'percepatan', 'hunian', 'korban', 'sumatera', 'huniankorbanbencana', 'libur', 'panggil', 'hambalang']","['presiden prabowo kumpulkan mentri bahas percepatan hunian korban bencana sumatera huniankorbanbencana memulihkan warga terdampak', 'presiden prabowo kumpulkan menteri bahas percepatan hunian korban bencana sumatera', 'presiden prabowo kumpulkan menteri bahas percepatan hunian korban bencana sumatera huniankorbanbencana memulihkan warga terdampak']"
161,10,161_buzzer_ngang_ngong_bkin,"['buzzer', 'ngang', 'ngong', 'bkin', 'tukang', 'kaga', 'kalian', 'pensiun', 'pencitraan', 'betul']","['bener bang ayo mahasiswa bergerak rakyat bersatu dgmahasiswa jangan sampai menyesal masa depan kalian makin gelap apalagi sampai berhasil misi mul jadikan ffff presiden liatlah sekarang negara sdhmakin rusak negara dimiskinkan pada pejabat mkn kaya siapa yg mau membela rakyat', 'kenapa belum bencana nasional prabowo punya hektar kebun sawit di lahan yang harusnya hutan di babat jadi kasus perizinan lahan sampai dunia tahu malu punya presiden ngotot sawit lu jadi buzzer uang lu kaga berkah mau miliyaran bikin hidup lu kaga tenang', 'pdhl yg nyebarin pertama itu buzzer mu loh dinarasikan ngapain sok pencitraan kwkkwpas ketahuan pake pin presidenskrg muncul lagi narasi sprti inikerjaan kalian benr busuk']"
162,10,162_ikhlas_bahkan_keinginan_jawa,"['ikhlas', 'bahkan', 'keinginan', 'jawa', 'fungsi', 'kamu', 'memilih', 'meskipun', 'deretan', 'amppembangunan']","['mas kan ingin jadi presiden pada tahun untuk dicalonkan oleh pdip berani tidak menyelesaikan pik amppembangunan gedung padel dijln kapten tendean tanpa ijin pemda amp pemilik tanah girik cc kangmas presiden asli', 'presiden tidak mau mendengar keinginan rakyatnya kapolri pratikno bahlil zul hasan raja juli luhut dan grup jokowi lainnya minta agar diganti presiden memilih membiarkan mereka tetap di posisinya perubahan mimpi bahkan teriakan purnawirawan pun diabaikaannya', 'presiden jawa sipil wakil non jawa militer menteri kunci mendagri harun zain ekonom gubernur periode eks kopral trip front jatim menlu mochtar kusumatmaja ahli hukum laut menhan m panggabean jenderal batak menkeu ali wardhana ka bappenas samaun samadikun']"
