Topic,Count,Name,Representation,Representative_Docs
-1,2924,-1_presiden_kerja_aja_gak,"['presiden', 'kerja', 'aja', 'gak', 'jadi', 'ada', 'ga', 'nya', 'ya', 'tapi']","['ya kalo udah tua ngapain jadi presiden', 'dah d ksh kesempatan jd presiden bisa ambil kebijakan apapun yg dia mau tp msh minta tongkat nabi musa ya gak aja lah emang benar bapak hanya omon suara aja lantang tp ga tegas ambil kebijakan dan selalu percaya dgn bawahan yg penjilat abs sampekan ke majikanmu', 'lagian waktu itu siapa yang suruh umur udah gak muda lagi tapi masih mau jd presiden']"
0,540,0_rekonstruksi_pascabencana_bangun_kembali,"['rekonstruksi', 'pascabencana', 'bangun', 'kembali', 'rumah', 'ketiga', 'prabowo', 'listrik', 'jalan', 'royong']","['presiden prabowo hadir ketiga kalinya di lokasi bencana menegaskan prabowo bangun kembali rekonstruksi pascabencana rumah rusak diganti listrik jalan dan infrastruktur dipulihkan gotong royong jadi kekuatan', 'prabowo bangun kembali saat presiden turun untuk ketiga kalinya ke lokasi banjir dan longsor negara menegaskan rekonstruksi pascabencana rumah warga diganti listrik jalan dan infrastruktur dipulihkan cepat bersama rakyat bangkit gotong royong', 'presiden prabowo kembali untuk ketiga kalinya ke lokasi banjir dan longsor membawa komitmen prabowo bangun kembali rumah warga diganti negara listrik jalan dan infrastruktur dipulihkan lewat rekonstruksi pascabencana gotong royong jadi kekuatan bersama']"
1,236,1_toti_maksudnya_sebelah_negaranya,"['toti', 'maksudnya', 'sebelah', 'negaranya', 'marah', 'malaysia', 'kayaknya', 'dewan', 'mata', 'dianggap']","['anggota dewan malaysia marah bantuan dari negaranya dianggap sebelah mata oleh seorang menteri dari indonesia toti kayaknya maksudnya', 'anggota dewan malaysia marah bantuan dari negaranya dianggap sebelah mata oleh seorang menteri dari indonesia toti kayaknya maksudnya', 'anggota dewan malaysia marah bantuan dari negaranya dianggap sebelah mata oleh seorang menteri dari indonesia toti kayaknya maksudnya']"
2,179,2_indonesia_republik_jakarta_rakyat,"['indonesia', 'republik', 'jakarta', 'rakyat', 'pada', 'presiden', 'sejarah', 'ke', 'merdeka', 'aceh']","['presiden republik indonesia prabowo subianto menargetkan pemulihan aliran listrik dapat kembali normal persen secepatnya di seluruh wilayah terdampak bencana banjir bandang di sumatera presiden prabowosubianto listrik aceh idola smg indonesia', 'presiden republik indonesia ri prabowo subianto memanggil sejumlah menteri kabinet merah putih ke hambalang kabupaten bogor provinsi jawa barat jabar untuk apa', 'presiden republik indonesia prabowo subianto memanggil sejumlah menteri kabinet merah putih ke kediaman pribadinya di hambalang bogor pada minggu desember untuk membahas penanganan bencana di sumatra serta kesiapan menghadapi liburan akhir tahun']"
3,154,3_ada_rakyatnya_mana_presiden,"['ada', 'rakyatnya', 'mana', 'presiden', 'itu', 'jadi', 'bukan', 'dia', 'ga', 'tuh']","['ini aku suka beliau karena dia sangat mengayomi pokoknya ini orang kalo jadi presiden langsung maju dah negaranya hidup ume selain itu dia tuh suka berkebun ramah juga orangnya pokoknya ini minusnya ga nyata doang', 'ya emg gampang cuma konteksnya beda ini pns yg kemarin bukan pns lha dikira sedikit bupatigubernur dan wakilnya itu dulu bukan pns banyak mantan sekda yg skrg jd pimpinan daerah tinggal ajukan pensiun atau resign bisa lsg nyalon presiden kalo emg ada parpol yg minat', 'ya anak presiden ngomong enaknya saat bapaknya jadi orang nomor satu rakyatnya masih banyak makan nasi jagung sama gaplek karena tak mampu beli beras']"
4,134,4_pengungsi_langkat_pengungsian_posko,"['pengungsi', 'langkat', 'pengungsian', 'posko', 'man', 'meninjau', 'tinjau', 'kebutuhan', 'semuatanganibencana', 'subianto']","['hal tersebut disampaikan presiden dalam keterangannya kepada masyarakat saat meninjau posko pengungsi di man langkat kabupaten langkat sumatera utara sabtu', 'presiden prabowo tinjau langsung para pengungsi korban bencana di langkat', 'presiden prabowo tinjau korban terdampak banjir di posko pengungsian man langkat']"
5,92,5_penanganan_bencana_terkendali_terdampak,"['penanganan', 'bencana', 'terkendali', 'terdampak', 'percepatan', 'pastikan', 'cepat', 'sumatera', 'memanggil', 'berjalan']","['presiden prabowo minta percepatan penanganan bencana sumatera', 'presiden prabowo minta percepatan penanganan bencana sumatera', 'semuatanganibencana bantuan presiden sudah cair untuk penanganan bencana ini menunjukkan kalau pemerintah sangat cepat dalam penanganan bencana']"
6,82,6_huniankorbanbencana_hunian_memulihkan_terdampak,"['huniankorbanbencana', 'hunian', 'memulihkan', 'terdampak', 'warga', 'korban', 'percepatan', 'pembangunan', 'bencana', 'membahas']","['presiden prabowo kumpulkan menteri untuk membahas percepatan hunian korban bencana sumatera huniankorbanbencana memulihkan warga terdampak', 'presiden dan menteri rapat kabinet untuk fokus membahas percepatan penyediaan hunian bagi korban bencana sumatera huniankorbanbencana memulihkan warga terdampak', 'presiden prabowo perintahkan percepatan hunian korban bencana huniankorbanbencana memulihkan warga terdampak']"
7,79,7_hrs_saudi_ahlanwasahlanibhrs_reynhard,"['hrs', 'saudi', 'ahlanwasahlanibhrs', 'reynhard', 'arabia', 'ironis', 'dipojokkan', 'kriminal', 'super', 'sungguh']","['reynhard di inggris yg jelas super kriminal n memalukan indonesia diberi bantuan hukum habib rizieq shihab hrs di saudi arabia malah dipojokkan pernyataan menko n dubes ri di saudi sungguh tak adil n ironis selamat datang hrs ahlanwasahlanibhrs', 'reynhard di inggris yg jelas super kriminal n memalukan indonesia diberi bantuan hukum habib rizieq shihab hrs di saudi arabia malah dipojokkan pernyataan menko n dubes ri di saudi sungguh tak adil n ironis selamat datang hrs ahlanwasahlanibhrs', 'reynhard di inggris yg jelas super kriminal n memalukan indonesia diberi bantuan hukum habib rizieq shihab hrs di saudi arabia malah dipojokkan pernyataan menko n dubes ri di saudi sungguh tak adil n ironis selamat datang hrs ahlanwasahlanibhrs']"
8,73,8_siapa_suruh_jadi_lah,"['siapa', 'suruh', 'jadi', 'lah', 'tua', 'dukung', 'presiden', 'ngotot', 'jd', 'lansia']","['lah siapa suruh jadi presiden', 'lah siapa suruh jadi presiden', 'suruh siapa jadi presiden']"
9,69,9_layaknya_inkompetensi_dino_betapa,"['layaknya', 'inkompetensi', 'dino', 'betapa', 'kompeten', 'ham', 'sedang', 'menjawab', 'anda', 'malah']","['pak dino sedang mengkritik inkompetensi menlu terus anda malah menjawab dengan menunjukkan betapa tidak kompeten dan layaknya seorang menteri ham', 'pak dino sedang mengkritik inkompetensi menlu terus anda malah menjawab dengan menunjukkan betapa tidak kompeten dan layaknya seorang menteri ham', 'pak dino sedang mengkritik inkompetensi menlu terus anda malah menjawab dengan menunjukkan betapa tidak kompeten dan layaknya seorang menteri ham']"
10,66,10_kerja_yu_mulu_dikitdikit,"['kerja', 'yu', 'mulu', 'dikitdikit', 'rodi', 'bang', 'definisi', 'kak', 'capek', 'ntar']","['pak kerja pak', 'harus kerja ya', 'kerja']"
11,66,11_kemlu_india_kemenlu_kroasia,"['kemlu', 'india', 'kemenlu', 'kroasia', 'indonesia', 'sugiono', 'sumatera', 'inidiplomasi', 'diplomasi', 'negeri']","['menlu sugiono mewakili presiden prabowo subianto dalam ktt aseanindia ke di kuala lumpur malaysia dalam pidatonya sugiono menyoroti peluang kerja sama antara indonesia dan india dalam program mbg _', 'menlu sugiono menjadi salah pembicara di ktt aseanindia ke di kuala lumpur malaysia dlm pidatonya sugiono berbicara peluang indonesia amp india bekerja sama dlm mengerjakan programmakan bergizi gratis pertemuan berlangsung minggu ini dihadiri pm india', 'saya dan menlu radman optimistis banyak hal bisa kita follow up bersama setelah kunjungan beliau ke indonesia inidiplomasi kroasia kemlu kemenlu kabinetmerahputih anismatta']"
12,66,12_gaza_palestina_israel_hamas,"['gaza', 'palestina', 'israel', 'hamas', 'perdamaian', 'gencatan', 'senjata', 'turki', 'tolak', 'pasukan']","['menlu turkiye hamas tunjukkan niat positif untuk perdamaian gaza permanen israel harus miliki sikap sama', 'menlu ri buka suara soal israel tolak pasukan perdamaian turki di gaza', 'menlu turki hamas siap gencatan senjata permanen di gaza']"
13,66,13_baik_baru_lebih_tahun,"['baik', 'baru', 'lebih', 'tahun', 'melangkah', 'menyala', 'maju', 'semakin', 'semangat', 'semoga']","['selamat tahun baru semoga di tahun yang baru ini kita dapat melangkah lebih baik dengan semangat yang terus menyala demi indonesia yang semakin maju dan lebih baik', 'selamat tahun baru semoga di tahun yang baru ini kita dapat melangkah lebih baik dengan semangat yang terus menyala demi indonesia yang semakin maju dan lebih baik', 'selamat tahun baru semoga di tahun yang baru ini kita dapat melangkah lebih baik dengan semangat yang terus menyala demi indonesia yang semakin maju dan lebih baik']"
14,64,14_pak_lg_tdk_pake,"['pak', 'lg', 'tdk', 'pake', 'apa', 'drs', 'menhan', 'sby', 'kami', 'keren']","['tunggu apa lg pak presiden pak menhan amp untuk basmi pengkhianat bangsa gerombolan s op tanpa kompromi lg awasgerombolansop', 'dari drs jd irjoko widodo aj dah ketahuan berijasah palsu rbt kl ga dipenjara akan membahayakan nkri apa lg lom jg dimakzulkan gibran cc pak presiden pak menhan amp', 'dari drs jd irjoko widodo aj dah ketahuan berijasah palsu rbt kl ga dipenjara akan membahayakan nkri apa lg lom jg dimakzulkan gibran cc pak presiden pak menhan amp awasgerombolansop']"
15,63,15_bapak_kasad_tni_bekerjasama,"['bapak', 'kasad', 'tni', 'bekerjasama', 'beserta', 'tertimpa', 'hormat', 'membahu', 'bahu', 'ad']","['atas perintah bapak presiden tni ad bergerak cepat dalam upaya penanganan serta pemulihan bagi saudara kita yg tertimpa bencana hormat dan bangga bapak kasad tni beserta seluruh jajaran yg bahu membahu dan bekerjasama', 'atas perintah bapak presiden tni ad bergerak cepat dalam upaya penanganan serta pemulihan bagi saudara kita yg tertimpa bencana hormat dan bangga bapak kasad tni beserta seluruh jajaran yg bahu membahu dan bekerjasama', 'atas perintah bapak presiden tni ad bergerak cepat dalam upaya penanganan serta pemulihan bagi saudara kita yg tertimpa bencana hormat dan bangga bapak kasad tni beserta seluruh jajaran yg bahu membahu dan bekerjasama']"
16,62,16_inkompetensi_layaknya_dino_betapa,"['inkompetensi', 'layaknya', 'dino', 'betapa', 'kompeten', 'ham', 'sedang', 'menjawab', 'anda', 'malah']","['pak dino sedang mengkritik inkompetensi menlu terus anda malah menjawab dengan menunjukkan betapa tidak kompeten dan layaknya seorang menteri ham', 'pak dino sedang mengkritik inkompetensi menlu terus anda malah menjawab dengan menunjukkan betapa tidak kompeten dan layaknya seorang menteri ham', 'pak dino sedang mengkritik inkompetensi menlu terus anda malah menjawab dengan menunjukkan betapa tidak kompeten dan layaknya seorang menteri ham']"
17,61,17_emanglah_menghabisi_radarada_politisi,"['emanglah', 'menghabisi', 'radarada', 'politisi', 'koruptor', 'bukannya', 'nunggu', 'tempat', 'ngapain', 'seharusnya']","['bukannya dia udah di tempat yang seharusnya bisa menghabisi koruptor ngapain nunggu jadi presiden politisi emanglah radarada semua', 'bukannya dia udah di tempat yang seharusnya bisa menghabisi koruptor ngapain nunggu jadi presiden politisi emanglah radarada semua', 'bukannya dia udah di tempat yang seharusnya bisa menghabisi koruptor ngapain nunggu jadi presiden politisi emanglah radarada semua']"
18,60,18_emanglah_menghabisi_radarada_politisi,"['emanglah', 'menghabisi', 'radarada', 'politisi', 'koruptor', 'bukannya', 'nunggu', 'tempat', 'ngapain', 'seharusnya']","['bukannya dia udah di tempat yang seharusnya bisa menghabisi koruptor ngapain nunggu jadi presiden politisi emanglah radarada semua', 'bukannya dia udah di tempat yang seharusnya bisa menghabisi koruptor ngapain nunggu jadi presiden politisi emanglah radarada semua', 'bukannya dia udah di tempat yang seharusnya bisa menghabisi koruptor ngapain nunggu jadi presiden politisi emanglah radarada semua']"
19,59,19_transportasi_pulihkan_bangkit_pasca,"['transportasi', 'pulihkan', 'bangkit', 'pasca', 'ekonomi', 'infrastruktur', 'pusat', 'akses', 'mobilitas', 'darurat']","['presiden prabowo bahas pemulihan akses darurat prioritas prabowo pulihkan infrastruktur demi mobilitas warga cepat pulih pemerintah pusat pastikan dukungan penuh agar ekonomi dan transportasi segera bangkit pasca bencana kita bangkit bersama', 'presiden prabowo fokus pada pemulihan akses transportasi prabowo pulihkan infrastruktur agar ekonomi warga bangkit pasca bencana', 'presiden prabowo memastikan dukungan penuh pemerintah pusat untuk akses transportasi darurat prabowo pulihkan infrastruktur demi ekonomi rakyat bangkit pasca bencana']"
20,57,20_baik_baru_lebih_tahun,"['baik', 'baru', 'lebih', 'tahun', 'melangkah', 'menyala', 'maju', 'semakin', 'semangat', 'semoga']","['selamat tahun baru semoga di tahun yang baru ini kita dapat melangkah lebih baik dengan semangat yang terus menyala demi indonesia yang semakin maju dan lebih baik', 'selamat tahun baru semoga di tahun yang baru ini kita dapat melangkah lebih baik dengan semangat yang terus menyala demi indonesia yang semakin maju dan lebih baik', 'selamat tahun baru semoga di tahun yang baru ini kita dapat melangkah lebih baik dengan semangat yang terus menyala demi indonesia yang semakin maju dan lebih baik']"
21,57,21_menlu_nya_gblk_belum,"['menlu', 'nya', 'gblk', 'belum', 'apa', 'min', 'menkeu', 'wo', 'org', 'kan']","['menlu bisa apa', 'menlu nya bisa di aja gak', 'ganti ku urang we menlu na rudet insyaa allah tos aya basic mah satau pangalaman jadi menlu asina']"
22,56,22_akad_seakanakan_subsidi_kritikkritik,"['akad', 'seakanakan', 'subsidi', 'kritikkritik', 'bravo', 'massal', 'seakan', 'hadir', 'ribu', 'terlihat']","['kegiatan akad massal ribu rumah subsidi hari sabtu lalu di serang banten di sini terlihat kalau menlu ri hadir seakan menjawab kritikkritik di luar sana bahwa seakanakan menlu ri tidak hadir dan bekerja bravo', 'kegiatan akad massal ribu rumah subsidi hari sabtu lalu di serang banten di sini terlihat kalau menlu ri hadir seakan menjawab kritikkritik di luar sana bahwa seakanakan menlu ri tidak hadir dan bekerja bravo', 'kegiatan akad massal ribu rumah subsidi hari sabtu lalu di serang banten di sini terlihat kalau menlu ri hadir seakan menjawab kritikkritik di luar sana bahwa seakanakan menlu ri tidak hadir dan bekerja bravo']"
23,55,23_ruupemilu_selangkah_menyusun_mengegolkannya,"['ruupemilu', 'selangkah', 'menyusun', 'mengegolkannya', 'skenario', 'politikus', 'tempo', 'pemilihan', 'sistem', 'ambisi']","['ambisi presiden prabowo subianto mengganti sistem pemilihan kepala daerah tinggal selangkah lagi para politikus menyusun skenario untuk mengegolkannya tempo ruupemilu pilkada', 'ambisi presiden prabowo subianto mengganti sistem pemilihan kepala daerah tinggal selangkah lagi para politikus menyusun skenario untuk mengegolkannya tempo ruupemilu pilkada', 'ambisi presiden prabowo subianto mengganti sistem pemilihan kepala daerah tinggal selangkah lagi para politikus menyusun skenario untuk mengegolkannya tempo ruupemilu pilkada']"
24,55,24_wn_brutal_terancam_area,"['wn', 'brutal', 'terancam', 'area', 'bersenjata', 'tambang', 'aksi', 'emas', 'serang', 'kedaulatan']","['kedaulatan negara sudah terancam secara nyata aksi brutal wn china bersenjata serang tni di area tambang emas', 'kedaulatan negara sudah terancam secara nyata aksi brutal wn china bersenjata serang tni di area tambang emas', 'kedaulatan negara sudah terancam secara nyata aksi brutal wn china bersenjata serang tni di area tambang emas']"
25,55,25_dg_jokowi_amsterdam_paris,"['dg', 'jokowi', 'amsterdam', 'paris', 'bersihkan', 'bertanya', 'diaspora', 'jawaban', 'sigit', 'orangorang']","['dari diskusi dg diaspora di amsterdam dan paris semua bertanya ada apa dg presiden sehingga tdk berani bersihkan orangorang jokowi terutama kapolri jawaban saya hanya allah prabowo jokowi dan sigit yang tahu', 'dari diskusi dg diaspora di amsterdam dan paris semua bertanya ada apa dg presiden sehingga tdk berani bersihkan orangorang jokowi terutama kapolri jawaban saya hanya allah prabowo jokowi dan sigit yang tahu', 'dari diskusi dg diaspora di amsterdam dan paris semua bertanya ada apa dg presiden sehingga tdk berani bersihkan orangorang jokowi terutama kapolri jawaban saya hanya allah prabowo jokowi dan sigit yang tahu']"
26,54,26_akalakalan_merangkap_dprd_jubir,"['akalakalan', 'merangkap', 'dprd', 'jubir', 'pilkada', 'lewat', 'menlu', 'ketus', 'tampang', 'tedy']","['menlu merangkap jubir akalakalan pilkada lewat dprd', 'menlu merangkap jubir akalakalan pilkada lewat dprd', 'menlu merangkap jubir akalakalan pilkada lewat dprd']"
27,53,27_aku_mama_kerja_gua,"['aku', 'mama', 'kerja', 'gua', 'ku', 'ibu', 'ayah', 'mamah', 'kamu', 'ga']","['ternyata ayah kandung aku sejahat itu sama ibu jadi yang bikin aku pengen terus hidup ya ibu karna selama dia hidup aku rasa ibu ga pernah bahagia selalu rasa sakit yang dia terima sepanjang hidupnya ibu aku cuma kerja dan kerja demi aku dan ade i love ibu', 'ibuku aku broken home aku gatau ayah ku siapa dan dmn bahkan aku gatau muka ayah ku dulu kata nene ibu pernah punya tapi di robek sama ibu karna katanya ga penting dan aku disuru nganggep ayah kandung ku udah gaada selama ini ibu banting tulang kerja utk aku sekolah', 'dan minta maaf sama aku karna ga pernah bisa bikin keluarga yang cemara ibu sampe sekarang masih kerja dan aku sekarang kelas ibu selalu bilang untuk sukses dan kejar cita waktu itu ibu bilang ibu ikhlas kalo aku mau nyari ayah kandung ku tapi aku rasa']"
28,52,28_islam_dipukul_jamaah_warsidi,"['islam', 'dipukul', 'jamaah', 'warsidi', 'priuk', 'lawannya', 'contohnya', 'orba', 'jaman', 'peristiwa']","['kalau jaman orba nih tni dipukul mundur gini ga lama balik lagi bawa pasukan ratusan orang contohnya saat peristiwa priuk dan jamaah warsidi apakah karena lawannya bukan orang islam dan bukan wni', 'kalau jaman orba nih tni dipukul mundur gini ga lama balik lagi bawa pasukan ratusan orang contohnya saat peristiwa priuk dan jamaah warsidi apakah karena lawannya bukan orang islam dan bukan wni', 'kalau jaman orba nih tni dipukul mundur gini ga lama balik lagi bawa pasukan ratusan orang contohnya saat peristiwa priuk dan jamaah warsidi apakah karena lawannya bukan orang islam dan bukan wni']"
29,52,29_dgn_as_yg_tidak,"['dgn', 'as', 'yg', 'tidak', 'berpendirian', 'bermitra', 'sungkantakut', 'iraq', 'penurut', 'south']","['saya heran membaca pernyataan re venezuela yg sangat standar dan sama sekali tidak menyebut amerika serikat sejak kapan kita sungkantakut mengkritik kawan yg lakukan pelanggaran hukum internasional kenapa menlu sugiono sampai sekarang tidak bersuara padahal dunia menunggu pandangan sbg pemain global south yg penting ini momen perlu percaya diri menunjukkan sikap sama ketika kita dulu menentang invasi as thdp iraq bebas aktif itu artinya berani berpendirian bermitra dgn as dan dgn negara manapun tidak boleh menjadikan negara penurut yg mengorbankan hal yg prinsipil', 'saya heran membaca pernyataan re venezuela yg sangat standar dan sama sekali tidak menyebut amerika serikat sejak kapan kita sungkantakut mengkritik kawan yg lakukan pelanggaran hukum internasional kenapa menlu sugiono sampai sekarang tidak bersuara padahal dunia menunggu pandangan sbg pemain global south yg penting ini momen perlu percaya diri menunjukkan sikap sama ketika kita dulu menentang invasi as thdp iraq bebas aktif itu artinya berani berpendirian bermitra dgn as dan dgn negara manapun tidak boleh menjadikan negara penurut yg mengorbankan hal yg prinsipil', 'saya heran membaca pernyataan re venezuela yg sangat standar dan sama sekali tidak menyebut amerika serikat sejak kapan kita sungkantakut mengkritik kawan yg lakukan pelanggaran hukum internasional kenapa menlu sugiono sampai sekarang tidak bersuara padahal dunia menunggu pandangan sbg pemain global south yg penting ini momen perlu percaya diri menunjukkan sikap sama ketika kita dulu menentang invasi as thdp iraq bebas aktif itu artinya berani berpendirian bermitra dgn as dan dgn negara manapun tidak boleh menjadikan negara penurut yg mengorbankan hal yg prinsipil']"
30,52,30_dgn_as_yg_tidak,"['dgn', 'as', 'yg', 'tidak', 'berpendirian', 'bermitra', 'sungkantakut', 'iraq', 'penurut', 'south']","['saya heran membaca pernyataan re venezuela yg sangat standar dan sama sekali tidak menyebut amerika serikat sejak kapan kita sungkantakut mengkritik kawan yg lakukan pelanggaran hukum internasional kenapa menlu sugiono sampai sekarang tidak bersuara padahal dunia menunggu pandangan sbg pemain global south yg penting ini momen perlu percaya diri menunjukkan sikap sama ketika kita dulu menentang invasi as thdp iraq bebas aktif itu artinya berani berpendirian bermitra dgn as dan dgn negara manapun tidak boleh menjadikan negara penurut yg mengorbankan hal yg prinsipil', 'saya heran membaca pernyataan re venezuela yg sangat standar dan sama sekali tidak menyebut amerika serikat sejak kapan kita sungkantakut mengkritik kawan yg lakukan pelanggaran hukum internasional kenapa menlu sugiono sampai sekarang tidak bersuara padahal dunia menunggu pandangan sbg pemain global south yg penting ini momen perlu percaya diri menunjukkan sikap sama ketika kita dulu menentang invasi as thdp iraq bebas aktif itu artinya berani berpendirian bermitra dgn as dan dgn negara manapun tidak boleh menjadikan negara penurut yg mengorbankan hal yg prinsipil', 'saya heran membaca pernyataan re venezuela yg sangat standar dan sama sekali tidak menyebut amerika serikat sejak kapan kita sungkantakut mengkritik kawan yg lakukan pelanggaran hukum internasional kenapa menlu sugiono sampai sekarang tidak bersuara padahal dunia menunggu pandangan sbg pemain global south yg penting ini momen perlu percaya diri menunjukkan sikap sama ketika kita dulu menentang invasi as thdp iraq bebas aktif itu artinya berani berpendirian bermitra dgn as dan dgn negara manapun tidak boleh menjadikan negara penurut yg mengorbankan hal yg prinsipil']"
31,52,31_baik_baru_lebih_tahun,"['baik', 'baru', 'lebih', 'tahun', 'melangkah', 'menyala', 'maju', 'semakin', 'semangat', 'semoga']","['selamat tahun baru semoga di tahun yang baru ini kita dapat melangkah lebih baik dengan semangat yang terus menyala demi indonesia yang semakin maju dan lebih baik', 'selamat tahun baru semoga di tahun yang baru ini kita dapat melangkah lebih baik dengan semangat yang terus menyala demi indonesia yang semakin maju dan lebih baik', 'selamat tahun baru semoga di tahun yang baru ini kita dapat melangkah lebih baik dengan semangat yang terus menyala demi indonesia yang semakin maju dan lebih baik']"
32,50,32_ilegalmelihat_flora_relevan_masifnya,"['ilegalmelihat', 'flora', 'relevan', 'masifnya', 'memilah', 'kehancuran', 'kematian', 'gelondongan', 'legal', 'kerusakan']","['pak presiden saat ini setelah bencana banjir longsor lumpur kayu gelondongan sudah tidak relevan lagi memilah yg legal dan ilegalmelihat masifnya kerusakan kehancuran lingkungan infrastruktur kematian kehidupan rakyat yg kehilangan ayah ibu anak saudara flora', 'pak presiden saat ini setelah bencana banjir longsor lumpur kayu gelondongan sudah tidak relevan lagi memilah yg legal dan ilegalmelihat masifnya kerusakan kehancuran lingkungan infrastruktur kematian kehidupan rakyat yg kehilangan ayah ibu anak saudara flora', 'pak presiden saat ini setelah bencana banjir longsor lumpur kayu gelondongan sudah tidak relevan lagi memilah yg legal dan ilegalmelihat masifnya kerusakan kehancuran lingkungan infrastruktur kematian kehidupan rakyat yg kehilangan ayah ibu anak saudara flora']"
33,50,33_kinerjanya_biasanya_sedikit_kementrian,"['kinerjanya', 'biasanya', 'sedikit', 'kementrian', 'rasanya', 'bagus', 'bawah', 'gimana', 'ya', 'salah']","['biasanya salah satu dari sedikit kementrian yg kinerjanya bagus ya kemenlu sekarang gimana ya rasanya mereka kerja di bawah orang ini', 'biasanya salah satu dari sedikit kementrian yg kinerjanya bagus ya kemenlu sekarang gimana ya rasanya mereka kerja di bawah orang ini', 'biasanya salah satu dari sedikit kementrian yg kinerjanya bagus ya kemenlu sekarang gimana ya rasanya mereka kerja di bawah orang ini']"
34,50,34_dubes_ri_miring_komentarnya,"['dubes', 'ri', 'miring', 'komentarnya', 'membela', 'usulkan', 'bersangkutan', 'melayani', 'pdhal', 'melindungi']","['sbg anggota komisi sy usulkan kpd agar segera menarik n mengganti dubes ri di saudi yg bersangkutan sdh berada di sana hampir tahun komentarnya selalu miring soal habib rizieq shihab pdhal dubes ri seharusnya melayani melindungi n membela warga ri', 'sbg anggota komisi sy usulkan kpd agar segera menarik n mengganti dubes ri di saudi yg bersangkutan sdh berada di sana hampir tahun komentarnya selalu miring soal habib rizieq shihab pdhal dubes ri seharusnya melayani melindungi n membela warga ri', 'sbg anggota komisi sy usulkan kpd agar segera menarik n mengganti dubes ri di saudi yg bersangkutan sdh berada di sana hampir tahun komentarnya selalu miring soal habib rizieq shihab pdhal dubes ri seharusnya melayani melindungi n membela warga ri']"
35,50,35_sekolah_kesehatan_rakyat_gratis,"['sekolah', 'kesehatan', 'rakyat', 'gratis', 'makin', 'solusi', 'skrining', 'mbg', 'lewat', 'prabowo']","['presiden prabowo nunjukkin komitmen kuat ke kesehatan masyarakat lewat skrining secara gratis', 'presiden prabowo nggak cuma janji tapi hadir lewat aksi nyata kayak skrining kesehatan gratis', 'presiden prabowo buktikan komitmen lewat sekolah rakyat rakyat makin percaya diri']"
36,49,36_emanglah_menghabisi_radarada_politisi,"['emanglah', 'menghabisi', 'radarada', 'politisi', 'koruptor', 'bukannya', 'nunggu', 'tempat', 'ngapain', 'seharusnya']","['bukannya dia udah di tempat yang seharusnya bisa menghabisi koruptor ngapain nunggu jadi presiden politisi emanglah radarada semua', 'bukannya dia udah di tempat yang seharusnya bisa menghabisi koruptor ngapain nunggu jadi presiden politisi emanglah radarada semua', 'bukannya dia udah di tempat yang seharusnya bisa menghabisi koruptor ngapain nunggu jadi presiden politisi emanglah radarada semua']"
37,49,37_dgn_as_yg_tidak,"['dgn', 'as', 'yg', 'tidak', 'berpendirian', 'bermitra', 'sungkantakut', 'iraq', 'penurut', 'south']","['saya heran membaca pernyataan re venezuela yg sangat standar dan sama sekali tidak menyebut amerika serikat sejak kapan kita sungkantakut mengkritik kawan yg lakukan pelanggaran hukum internasional kenapa menlu sugiono sampai sekarang tidak bersuara padahal dunia menunggu pandangan sbg pemain global south yg penting ini momen perlu percaya diri menunjukkan sikap sama ketika kita dulu menentang invasi as thdp iraq bebas aktif itu artinya berani berpendirian bermitra dgn as dan dgn negara manapun tidak boleh menjadikan negara penurut yg mengorbankan hal yg prinsipil', 'saya heran membaca pernyataan re venezuela yg sangat standar dan sama sekali tidak menyebut amerika serikat sejak kapan kita sungkantakut mengkritik kawan yg lakukan pelanggaran hukum internasional kenapa menlu sugiono sampai sekarang tidak bersuara padahal dunia menunggu pandangan sbg pemain global south yg penting ini momen perlu percaya diri menunjukkan sikap sama ketika kita dulu menentang invasi as thdp iraq bebas aktif itu artinya berani berpendirian bermitra dgn as dan dgn negara manapun tidak boleh menjadikan negara penurut yg mengorbankan hal yg prinsipil', 'saya heran membaca pernyataan re venezuela yg sangat standar dan sama sekali tidak menyebut amerika serikat sejak kapan kita sungkantakut mengkritik kawan yg lakukan pelanggaran hukum internasional kenapa menlu sugiono sampai sekarang tidak bersuara padahal dunia menunggu pandangan sbg pemain global south yg penting ini momen perlu percaya diri menunjukkan sikap sama ketika kita dulu menentang invasi as thdp iraq bebas aktif itu artinya berani berpendirian bermitra dgn as dan dgn negara manapun tidak boleh menjadikan negara penurut yg mengorbankan hal yg prinsipil']"
38,49,38_dgn_as_yg_tidak,"['dgn', 'as', 'yg', 'tidak', 'berpendirian', 'bermitra', 'sungkantakut', 'iraq', 'penurut', 'south']","['saya heran membaca pernyataan re venezuela yg sangat standar dan sama sekali tidak menyebut amerika serikat sejak kapan kita sungkantakut mengkritik kawan yg lakukan pelanggaran hukum internasional kenapa menlu sugiono sampai sekarang tidak bersuara padahal dunia menunggu pandangan sbg pemain global south yg penting ini momen perlu percaya diri menunjukkan sikap sama ketika kita dulu menentang invasi as thdp iraq bebas aktif itu artinya berani berpendirian bermitra dgn as dan dgn negara manapun tidak boleh menjadikan negara penurut yg mengorbankan hal yg prinsipil', 'saya heran membaca pernyataan re venezuela yg sangat standar dan sama sekali tidak menyebut amerika serikat sejak kapan kita sungkantakut mengkritik kawan yg lakukan pelanggaran hukum internasional kenapa menlu sugiono sampai sekarang tidak bersuara padahal dunia menunggu pandangan sbg pemain global south yg penting ini momen perlu percaya diri menunjukkan sikap sama ketika kita dulu menentang invasi as thdp iraq bebas aktif itu artinya berani berpendirian bermitra dgn as dan dgn negara manapun tidak boleh menjadikan negara penurut yg mengorbankan hal yg prinsipil', 'saya heran membaca pernyataan re venezuela yg sangat standar dan sama sekali tidak menyebut amerika serikat sejak kapan kita sungkantakut mengkritik kawan yg lakukan pelanggaran hukum internasional kenapa menlu sugiono sampai sekarang tidak bersuara padahal dunia menunggu pandangan sbg pemain global south yg penting ini momen perlu percaya diri menunjukkan sikap sama ketika kita dulu menentang invasi as thdp iraq bebas aktif itu artinya berani berpendirian bermitra dgn as dan dgn negara manapun tidak boleh menjadikan negara penurut yg mengorbankan hal yg prinsipil']"
39,45,39_tau_kalo_diculik_info,"['tau', 'kalo', 'diculik', 'info', 'cari', 'menculik', 'mana', 'sih', 'soal', 'aku']","['kalo mau tau soal presiden diculik cari info di mana ya kalo presiden menculik sih aku udah tau', 'kalo mau tau soal presiden diculik cari info di mana ya kalo presiden menculik sih aku udah tau', 'kalo mau tau soal presiden diculik cari info di mana ya kalo presiden menculik sih aku udah tau']"
40,45,40_dibandingin_atau_dikomentari_donnie,"['dibandingin', 'atau', 'dikomentari', 'donnie', 'pengamatan', 'syahrir', 'manteman', 'kejauhan', 'malik', 'adam']","['gara invasi donnie ke venezuela jangan kejauhan dibandingin dengan syahrir atau agus salim atau adam malik deh coba dibandingin sama yg paling deket barusan retno marsudi silakan dikomentari kinerja menlu kita sesuai pengamatan manteman', 'gara invasi donnie ke venezuela jangan kejauhan dibandingin dengan syahrir atau agus salim atau adam malik deh coba dibandingin sama yg paling deket barusan retno marsudi silakan dikomentari kinerja menlu kita sesuai pengamatan manteman', 'gara invasi donnie ke venezuela jangan kejauhan dibandingin dengan syahrir atau agus salim atau adam malik deh coba dibandingin sama yg paling deket barusan retno marsudi silakan dikomentari kinerja menlu kita sesuai pengamatan manteman']"
41,44,41_datang_listrik_rekonstruksi_pascabencana,"['datang', 'listrik', 'rekonstruksi', 'pascabencana', 'bangun', 'jalan', 'rumah', 'kembali', 'kalinya', 'ketiga']","['tiga kali presiden prabowo datang ke daerah terdampak memastikan prabowo bangun kembali bukan janji rekonstruksi pascabencana berjalan rumah rusak diganti listrik jalan dan infrastruktur dipulihkan secepatnya bersama rakyat', 'untuk ketiga kalinya presiden prabowo datang memastikan prabowo bangun kembali melalui rekonstruksi pascabencana', 'prabowo bangun kembali saat presiden prabowo untuk ketiga kalinya datang ke lokasi banjir dan longsor rekonstruksi pascabencana negara hadir mengganti rumah memulihkan listrik jalan dan infrastruktur mengajak rakyat gotong royong bangkit bersama']"
42,44,42_beradab_nicolas_mengecam_keluarkan,"['beradab', 'nicolas', 'mengecam', 'keluarkan', 'sebagian', 'maduro', 'bangsa', 'besar', 'menculik', 'pemimpin']","['sebagian besar pemimpin bangsa beradab sudah keluarkan pernyataan mengecam presiden as trump karena menculik presiden venezuela nicolas maduro presiden indonesia', 'sebagian besar pemimpin bangsa beradab sudah keluarkan pernyataan mengecam presiden as trump karena menculik presiden venezuela nicolas maduro presiden indonesia', 'sebagian besar pemimpin bangsa beradab sudah keluarkan pernyataan mengecam presiden as trump karena menculik presiden venezuela nicolas maduro presiden indonesia']"
43,44,43_dgn_as_yg_tidak,"['dgn', 'as', 'yg', 'tidak', 'berpendirian', 'bermitra', 'sungkantakut', 'iraq', 'penurut', 'south']","['saya heran membaca pernyataan re venezuela yg sangat standar dan sama sekali tidak menyebut amerika serikat sejak kapan kita sungkantakut mengkritik kawan yg lakukan pelanggaran hukum internasional kenapa menlu sugiono sampai sekarang tidak bersuara padahal dunia menunggu pandangan sbg pemain global south yg penting ini momen perlu percaya diri menunjukkan sikap sama ketika kita dulu menentang invasi as thdp iraq bebas aktif itu artinya berani berpendirian bermitra dgn as dan dgn negara manapun tidak boleh menjadikan negara penurut yg mengorbankan hal yg prinsipil', 'saya heran membaca pernyataan re venezuela yg sangat standar dan sama sekali tidak menyebut amerika serikat sejak kapan kita sungkantakut mengkritik kawan yg lakukan pelanggaran hukum internasional kenapa menlu sugiono sampai sekarang tidak bersuara padahal dunia menunggu pandangan sbg pemain global south yg penting ini momen perlu percaya diri menunjukkan sikap sama ketika kita dulu menentang invasi as thdp iraq bebas aktif itu artinya berani berpendirian bermitra dgn as dan dgn negara manapun tidak boleh menjadikan negara penurut yg mengorbankan hal yg prinsipil', 'saya heran membaca pernyataan re venezuela yg sangat standar dan sama sekali tidak menyebut amerika serikat sejak kapan kita sungkantakut mengkritik kawan yg lakukan pelanggaran hukum internasional kenapa menlu sugiono sampai sekarang tidak bersuara padahal dunia menunggu pandangan sbg pemain global south yg penting ini momen perlu percaya diri menunjukkan sikap sama ketika kita dulu menentang invasi as thdp iraq bebas aktif itu artinya berani berpendirian bermitra dgn as dan dgn negara manapun tidak boleh menjadikan negara penurut yg mengorbankan hal yg prinsipil']"
44,43,44_layaknya_inkompetensi_dino_betapa,"['layaknya', 'inkompetensi', 'dino', 'betapa', 'kompeten', 'ham', 'sedang', 'menjawab', 'anda', 'malah']","['pak dino sedang mengkritik inkompetensi menlu terus anda malah menjawab dengan menunjukkan betapa tidak kompeten dan layaknya seorang menteri ham', 'pak dino sedang mengkritik inkompetensi menlu terus anda malah menjawab dengan menunjukkan betapa tidak kompeten dan layaknya seorang menteri ham', 'pak dino sedang mengkritik inkompetensi menlu terus anda malah menjawab dengan menunjukkan betapa tidak kompeten dan layaknya seorang menteri ham']"
45,42,45_ladang_tangerang_jagung_bantarpanjang,"['ladang', 'tangerang', 'jagung', 'bantarpanjang', 'tigaraksa', 'terbengkalai', 'polresta', 'ditumbuhi', 'diresmikan', 'rumput']","['polresta tangerang akan melakukan evaluasi terhadap ladang jagung yang terbengkalai dan ditumbuhi rumput liar di desa bantarpanjang kecamatan tigaraksa kabupaten tangerang banten ladang jagung ini sebelumnya diresmikan wakil presiden ri gibran rakabuming raka untuk program', 'polresta tangerang akan melakukan evaluasi terhadap ladang jagung yang terbengkalai dan ditumbuhi rumput liar di desa bantarpanjang kecamatan tigaraksa kabupaten tangerang banten ladang jagung ini sebelumnya diresmikan wakil presiden ri gibran rakabuming raka untuk program', 'polresta tangerang akan melakukan evaluasi terhadap ladang jagung yang terbengkalai dan ditumbuhi rumput liar di desa bantarpanjang kecamatan tigaraksa kabupaten tangerang banten ladang jagung ini sebelumnya diresmikan wakil presiden ri gibran rakabuming raka untuk program']"
46,42,46_pasca_pulihkan_bangkit_infrastruktur,"['pasca', 'pulihkan', 'bangkit', 'infrastruktur', 'darurat', 'akses', 'mobilitas', 'bencana', 'prabowo', 'ekonomi']","['langkah nyata presiden prabowo fokus pada akses darurat dan pemulihan mobilitas rakyat prabowo pulihkan infrastruktur membuka jalan bangkit pasca bencana', 'presiden prabowo mendorong pembangunan akses darurat prabowo pulihkan infrastruktur supaya warga bangkit pasca bencana', 'fokus pemulihan nasional presiden prabowo bahas percepatan akses darurat prabowo pulihkan infrastruktur demi mobilitas rakyat dan ekonomi bangkit pasca bencana']"
47,42,47_dino_inkompetensi_layaknya_betapa,"['dino', 'inkompetensi', 'layaknya', 'betapa', 'kompeten', 'ham', 'sedang', 'menjawab', 'anda', 'malah']","['pak dino sedang mengkritik inkompetensi menlu terus anda malah menjawab dengan menunjukkan betapa tidak kompeten dan layaknya seorang menteri ham', 'pak dino sedang mengkritik inkompetensi menlu terus anda malah menjawab dengan menunjukkan betapa tidak kompeten dan layaknya seorang menteri ham', 'pak dino sedang mengkritik inkompetensi menlu terus anda malah menjawab dengan menunjukkan betapa tidak kompeten dan layaknya seorang menteri ham']"
48,41,48_baik_baru_lebih_tahun,"['baik', 'baru', 'lebih', 'tahun', 'melangkah', 'menyala', 'maju', 'semakin', 'semangat', 'semoga']","['selamat tahun baru semoga di tahun yang baru ini kita dapat melangkah lebih baik dengan semangat yang terus menyala demi indonesia yang semakin maju dan lebih baik', 'selamat tahun baru semoga di tahun yang baru ini kita dapat melangkah lebih baik dengan semangat yang terus menyala demi indonesia yang semakin maju dan lebih baik', 'selamat tahun baru semoga di tahun yang baru ini kita dapat melangkah lebih baik dengan semangat yang terus menyala demi indonesia yang semakin maju dan lebih baik']"
49,40,49_dibandingin_atau_dikomentari_donnie,"['dibandingin', 'atau', 'dikomentari', 'donnie', 'pengamatan', 'manteman', 'syahrir', 'kejauhan', 'barusan', 'silakan']","['gara invasi donnie ke venezuela jangan kejauhan dibandingin dengan syahrir atau agus salim atau adam malik deh coba dibandingin sama yg paling deket barusan retno marsudi silakan dikomentari kinerja menlu kita sesuai pengamatan manteman', 'gara invasi donnie ke venezuela jangan kejauhan dibandingin dengan syahrir atau agus salim atau adam malik deh coba dibandingin sama yg paling deket barusan retno marsudi silakan dikomentari kinerja menlu kita sesuai pengamatan manteman', 'gara invasi donnie ke venezuela jangan kejauhan dibandingin dengan syahrir atau agus salim atau adam malik deh coba dibandingin sama yg paling deket barusan retno marsudi silakan dikomentari kinerja menlu kita sesuai pengamatan manteman']"
50,40,50_dgn_as_yg_tidak,"['dgn', 'as', 'yg', 'tidak', 'berpendirian', 'bermitra', 'sungkantakut', 'iraq', 'penurut', 'south']","['saya heran membaca pernyataan re venezuela yg sangat standar dan sama sekali tidak menyebut amerika serikat sejak kapan kita sungkantakut mengkritik kawan yg lakukan pelanggaran hukum internasional kenapa menlu sugiono sampai sekarang tidak bersuara padahal dunia menunggu pandangan sbg pemain global south yg penting ini momen perlu percaya diri menunjukkan sikap sama ketika kita dulu menentang invasi as thdp iraq bebas aktif itu artinya berani berpendirian bermitra dgn as dan dgn negara manapun tidak boleh menjadikan negara penurut yg mengorbankan hal yg prinsipil', 'saya heran membaca pernyataan re venezuela yg sangat standar dan sama sekali tidak menyebut amerika serikat sejak kapan kita sungkantakut mengkritik kawan yg lakukan pelanggaran hukum internasional kenapa menlu sugiono sampai sekarang tidak bersuara padahal dunia menunggu pandangan sbg pemain global south yg penting ini momen perlu percaya diri menunjukkan sikap sama ketika kita dulu menentang invasi as thdp iraq bebas aktif itu artinya berani berpendirian bermitra dgn as dan dgn negara manapun tidak boleh menjadikan negara penurut yg mengorbankan hal yg prinsipil', 'saya heran membaca pernyataan re venezuela yg sangat standar dan sama sekali tidak menyebut amerika serikat sejak kapan kita sungkantakut mengkritik kawan yg lakukan pelanggaran hukum internasional kenapa menlu sugiono sampai sekarang tidak bersuara padahal dunia menunggu pandangan sbg pemain global south yg penting ini momen perlu percaya diri menunjukkan sikap sama ketika kita dulu menentang invasi as thdp iraq bebas aktif itu artinya berani berpendirian bermitra dgn as dan dgn negara manapun tidak boleh menjadikan negara penurut yg mengorbankan hal yg prinsipil']"
51,40,51_ladang_tangerang_jagung_bantarpanjang,"['ladang', 'tangerang', 'jagung', 'bantarpanjang', 'tigaraksa', 'terbengkalai', 'polresta', 'ditumbuhi', 'diresmikan', 'rumput']","['polresta tangerang akan melakukan evaluasi terhadap ladang jagung yang terbengkalai dan ditumbuhi rumput liar di desa bantarpanjang kecamatan tigaraksa kabupaten tangerang banten ladang jagung ini sebelumnya diresmikan wakil presiden ri gibran rakabuming raka untuk program', 'polresta tangerang akan melakukan evaluasi terhadap ladang jagung yang terbengkalai dan ditumbuhi rumput liar di desa bantarpanjang kecamatan tigaraksa kabupaten tangerang banten ladang jagung ini sebelumnya diresmikan wakil presiden ri gibran rakabuming raka untuk program', 'polresta tangerang akan melakukan evaluasi terhadap ladang jagung yang terbengkalai dan ditumbuhi rumput liar di desa bantarpanjang kecamatan tigaraksa kabupaten tangerang banten ladang jagung ini sebelumnya diresmikan wakil presiden ri gibran rakabuming raka untuk program']"
52,40,52_dgn_as_yg_tidak,"['dgn', 'as', 'yg', 'tidak', 'berpendirian', 'bermitra', 'sungkantakut', 'iraq', 'penurut', 'south']","['saya heran membaca pernyataan re venezuela yg sangat standar dan sama sekali tidak menyebut amerika serikat sejak kapan kita sungkantakut mengkritik kawan yg lakukan pelanggaran hukum internasional kenapa menlu sugiono sampai sekarang tidak bersuara padahal dunia menunggu pandangan sbg pemain global south yg penting ini momen perlu percaya diri menunjukkan sikap sama ketika kita dulu menentang invasi as thdp iraq bebas aktif itu artinya berani berpendirian bermitra dgn as dan dgn negara manapun tidak boleh menjadikan negara penurut yg mengorbankan hal yg prinsipil', 'saya heran membaca pernyataan re venezuela yg sangat standar dan sama sekali tidak menyebut amerika serikat sejak kapan kita sungkantakut mengkritik kawan yg lakukan pelanggaran hukum internasional kenapa menlu sugiono sampai sekarang tidak bersuara padahal dunia menunggu pandangan sbg pemain global south yg penting ini momen perlu percaya diri menunjukkan sikap sama ketika kita dulu menentang invasi as thdp iraq bebas aktif itu artinya berani berpendirian bermitra dgn as dan dgn negara manapun tidak boleh menjadikan negara penurut yg mengorbankan hal yg prinsipil', 'saya heran membaca pernyataan re venezuela yg sangat standar dan sama sekali tidak menyebut amerika serikat sejak kapan kita sungkantakut mengkritik kawan yg lakukan pelanggaran hukum internasional kenapa menlu sugiono sampai sekarang tidak bersuara padahal dunia menunggu pandangan sbg pemain global south yg penting ini momen perlu percaya diri menunjukkan sikap sama ketika kita dulu menentang invasi as thdp iraq bebas aktif itu artinya berani berpendirian bermitra dgn as dan dgn negara manapun tidak boleh menjadikan negara penurut yg mengorbankan hal yg prinsipil']"
53,38,53_dgn_as_yg_tidak,"['dgn', 'as', 'yg', 'tidak', 'berpendirian', 'bermitra', 'sungkantakut', 'iraq', 'penurut', 'south']","['saya heran membaca pernyataan re venezuela yg sangat standar dan sama sekali tidak menyebut amerika serikat sejak kapan kita sungkantakut mengkritik kawan yg lakukan pelanggaran hukum internasional kenapa menlu sugiono sampai sekarang tidak bersuara padahal dunia menunggu pandangan sbg pemain global south yg penting ini momen perlu percaya diri menunjukkan sikap sama ketika kita dulu menentang invasi as thdp iraq bebas aktif itu artinya berani berpendirian bermitra dgn as dan dgn negara manapun tidak boleh menjadikan negara penurut yg mengorbankan hal yg prinsipil', 'saya heran membaca pernyataan re venezuela yg sangat standar dan sama sekali tidak menyebut amerika serikat sejak kapan kita sungkantakut mengkritik kawan yg lakukan pelanggaran hukum internasional kenapa menlu sugiono sampai sekarang tidak bersuara padahal dunia menunggu pandangan sbg pemain global south yg penting ini momen perlu percaya diri menunjukkan sikap sama ketika kita dulu menentang invasi as thdp iraq bebas aktif itu artinya berani berpendirian bermitra dgn as dan dgn negara manapun tidak boleh menjadikan negara penurut yg mengorbankan hal yg prinsipil', 'saya heran membaca pernyataan re venezuela yg sangat standar dan sama sekali tidak menyebut amerika serikat sejak kapan kita sungkantakut mengkritik kawan yg lakukan pelanggaran hukum internasional kenapa menlu sugiono sampai sekarang tidak bersuara padahal dunia menunggu pandangan sbg pemain global south yg penting ini momen perlu percaya diri menunjukkan sikap sama ketika kita dulu menentang invasi as thdp iraq bebas aktif itu artinya berani berpendirian bermitra dgn as dan dgn negara manapun tidak boleh menjadikan negara penurut yg mengorbankan hal yg prinsipil']"
54,38,54_rekonstruksi_pascabencana_bangun_kembali,"['rekonstruksi', 'pascabencana', 'bangun', 'kembali', 'lapangan', 'rumah', 'rusak', 'diganti', 'berat', 'jalan']","['di lapangan yang berat prabowo bangun kembali tetap mendorong harapan rekonstruksi pascabencana dilakukan agar rumah rusak diganti dan aktivitas warga pulih', 'prabowo bangun kembali dengan rekonstruksi pascabencana hadir langsung untuk ketiga kalinya memastikan rumah yang rusak diganti listrik jalan dan infrastruktur dipulihkan secepatnya negara dan rakyat bergerak bersama dalam semangat gotong royong', 'prabowo bangun kembali infrastruktur yang terdampak bencana rekonstruksi pascabencana']"
55,37,55_melimpah_nuklirnya_perlakuan_sumberdaya,"['melimpah', 'nuklirnya', 'perlakuan', 'sumberdaya', 'berlalu', 'tampak', 'dijajah', 'akal', 'nuklir', 'aturan']","['dulu dianggap orang gila dengan ambisi nuklirnya sekarang tampak masuk akal perlakuan trump terhadap pelanggaran kedaulatan venezuela bukti bahwa aturan internasional tidak lagi berlalu negara dg sumberdaya melimpah tanpa senjata nuklir hanya nunggu waktu saja untuk dijajah', 'dulu dianggap orang gila dengan ambisi nuklirnya sekarang tampak masuk akal perlakuan trump terhadap pelanggaran kedaulatan venezuela bukti bahwa aturan internasional tidak lagi berlalu negara dg sumberdaya melimpah tanpa senjata nuklir hanya nunggu waktu saja untuk dijajah', 'dulu dianggap orang gila dengan ambisi nuklirnya sekarang tampak masuk akal perlakuan trump terhadap pelanggaran kedaulatan venezuela bukti bahwa aturan internasional tidak lagi berlalu negara dg sumberdaya melimpah tanpa senjata nuklir hanya nunggu waktu saja untuk dijajah']"
56,37,56_dgn_as_yg_tidak,"['dgn', 'as', 'yg', 'tidak', 'berpendirian', 'bermitra', 'sungkantakut', 'iraq', 'penurut', 'south']","['saya heran membaca pernyataan re venezuela yg sangat standar dan sama sekali tidak menyebut amerika serikat sejak kapan kita sungkantakut mengkritik kawan yg lakukan pelanggaran hukum internasional kenapa menlu sugiono sampai sekarang tidak bersuara padahal dunia menunggu pandangan sbg pemain global south yg penting ini momen perlu percaya diri menunjukkan sikap sama ketika kita dulu menentang invasi as thdp iraq bebas aktif itu artinya berani berpendirian bermitra dgn as dan dgn negara manapun tidak boleh menjadikan negara penurut yg mengorbankan hal yg prinsipil', 'saya heran membaca pernyataan re venezuela yg sangat standar dan sama sekali tidak menyebut amerika serikat sejak kapan kita sungkantakut mengkritik kawan yg lakukan pelanggaran hukum internasional kenapa menlu sugiono sampai sekarang tidak bersuara padahal dunia menunggu pandangan sbg pemain global south yg penting ini momen perlu percaya diri menunjukkan sikap sama ketika kita dulu menentang invasi as thdp iraq bebas aktif itu artinya berani berpendirian bermitra dgn as dan dgn negara manapun tidak boleh menjadikan negara penurut yg mengorbankan hal yg prinsipil', 'saya heran membaca pernyataan re venezuela yg sangat standar dan sama sekali tidak menyebut amerika serikat sejak kapan kita sungkantakut mengkritik kawan yg lakukan pelanggaran hukum internasional kenapa menlu sugiono sampai sekarang tidak bersuara padahal dunia menunggu pandangan sbg pemain global south yg penting ini momen perlu percaya diri menunjukkan sikap sama ketika kita dulu menentang invasi as thdp iraq bebas aktif itu artinya berani berpendirian bermitra dgn as dan dgn negara manapun tidak boleh menjadikan negara penurut yg mengorbankan hal yg prinsipil']"
57,37,57_dgn_as_yg_tidak,"['dgn', 'as', 'yg', 'tidak', 'berpendirian', 'bermitra', 'sungkantakut', 'iraq', 'penurut', 'south']","['saya heran membaca pernyataan re venezuela yg sangat standar dan sama sekali tidak menyebut amerika serikat sejak kapan kita sungkantakut mengkritik kawan yg lakukan pelanggaran hukum internasional kenapa menlu sugiono sampai sekarang tidak bersuara padahal dunia menunggu pandangan sbg pemain global south yg penting ini momen perlu percaya diri menunjukkan sikap sama ketika kita dulu menentang invasi as thdp iraq bebas aktif itu artinya berani berpendirian bermitra dgn as dan dgn negara manapun tidak boleh menjadikan negara penurut yg mengorbankan hal yg prinsipil', 'saya heran membaca pernyataan re venezuela yg sangat standar dan sama sekali tidak menyebut amerika serikat sejak kapan kita sungkantakut mengkritik kawan yg lakukan pelanggaran hukum internasional kenapa menlu sugiono sampai sekarang tidak bersuara padahal dunia menunggu pandangan sbg pemain global south yg penting ini momen perlu percaya diri menunjukkan sikap sama ketika kita dulu menentang invasi as thdp iraq bebas aktif itu artinya berani berpendirian bermitra dgn as dan dgn negara manapun tidak boleh menjadikan negara penurut yg mengorbankan hal yg prinsipil', 'saya heran membaca pernyataan re venezuela yg sangat standar dan sama sekali tidak menyebut amerika serikat sejak kapan kita sungkantakut mengkritik kawan yg lakukan pelanggaran hukum internasional kenapa menlu sugiono sampai sekarang tidak bersuara padahal dunia menunggu pandangan sbg pemain global south yg penting ini momen perlu percaya diri menunjukkan sikap sama ketika kita dulu menentang invasi as thdp iraq bebas aktif itu artinya berani berpendirian bermitra dgn as dan dgn negara manapun tidak boleh menjadikan negara penurut yg mengorbankan hal yg prinsipil']"
58,37,58_fadli_zon_komunis_bahaya,"['fadli', 'zon', 'komunis', 'bahaya', 'sebut', 'jawab', 'partai', 'minta', 'china', 'kemenlu']","['fadli zon minta kemenlu jawab amerika yang sebut indonesia dalam bahaya partai komunis china', 'fadli zon minta kemenlu jawab amerika yang sebut indonesia dalam bahaya partai komunis china', 'fadli zon minta kemenlu jawab amerika yang sebut indonesia dalam bahaya partai komunis china']"
59,37,59_pulihkan_pasca_pemerintah_bangkit,"['pulihkan', 'pasca', 'pemerintah', 'bangkit', 'jajaran', 'berdiskusi', 'infrastruktur', 'darurat', 'akses', 'prabowo']","['presiden prabowo berdiskusi langsung dengan jajaran pemerintah mempercepat pembangunan akses darurat prabowo pulihkan infrastruktur demi masyarakat yang siap bangkit pasca bencana', 'presiden prabowo berdiskusi bersama jajaran pemerintah membahas percepatan akses darurat agar aktivitas warga kembali normal prabowo pulihkan infrastruktur demi masyarakat bangkit pasca bencana', 'presiden prabowo berdiskusi dengan jajaran pemerintah untuk percepatan akses darurat demi rakyat prabowo pulihkan infrastruktur agar wilayah terdampak bisa bangkit pasca bencana']"
60,37,60_wn_brutal_terancam_area,"['wn', 'brutal', 'terancam', 'area', 'bersenjata', 'tambang', 'aksi', 'emas', 'serang', 'kedaulatan']","['kedaulatan negara sudah terancam secara nyata aksi brutal wn china bersenjata serang tni di area tambang emas', 'kedaulatan negara sudah terancam secara nyata aksi brutal wn china bersenjata serang tni di area tambang emas', 'kedaulatan negara sudah terancam secara nyata aksi brutal wn china bersenjata serang tni di area tambang emas']"
61,37,61_dg_jokowi_amsterdam_paris,"['dg', 'jokowi', 'amsterdam', 'paris', 'bersihkan', 'bertanya', 'diaspora', 'jawaban', 'sigit', 'orangorang']","['dari diskusi dg diaspora di amsterdam dan paris semua bertanya ada apa dg presiden sehingga tdk berani bersihkan orangorang jokowi terutama kapolri jawaban saya hanya allah prabowo jokowi dan sigit yang tahu', 'dari diskusi dg diaspora di amsterdam dan paris semua bertanya ada apa dg presiden sehingga tdk berani bersihkan orangorang jokowi terutama kapolri jawaban saya hanya allah prabowo jokowi dan sigit yang tahu', 'dari diskusi dg diaspora di amsterdam dan paris semua bertanya ada apa dg presiden sehingga tdk berani bersihkan orangorang jokowi terutama kapolri jawaban saya hanya allah prabowo jokowi dan sigit yang tahu']"
62,36,62_tugas_tugasnya_emang_harusnya,"['tugas', 'tugasnya', 'emang', 'harusnya', 'lah', 'ya', 'dia', 'tua', 'emg', 'udh']","['lah kan emg tugasnya tolol ga mau cape mah ngapain jd presiden', 'tugas presiden tu emang apa ya', 'kan emg tugasnya kalo ga sanggup dan udah tua ngapain jadi presiden']"
63,36,63_dgn_as_yg_tidak,"['dgn', 'as', 'yg', 'tidak', 'berpendirian', 'bermitra', 'sungkantakut', 'iraq', 'penurut', 'south']","['saya heran membaca pernyataan re venezuela yg sangat standar dan sama sekali tidak menyebut amerika serikat sejak kapan kita sungkantakut mengkritik kawan yg lakukan pelanggaran hukum internasional kenapa menlu sugiono sampai sekarang tidak bersuara padahal dunia menunggu pandangan sbg pemain global south yg penting ini momen perlu percaya diri menunjukkan sikap sama ketika kita dulu menentang invasi as thdp iraq bebas aktif itu artinya berani berpendirian bermitra dgn as dan dgn negara manapun tidak boleh menjadikan negara penurut yg mengorbankan hal yg prinsipil', 'saya heran membaca pernyataan re venezuela yg sangat standar dan sama sekali tidak menyebut amerika serikat sejak kapan kita sungkantakut mengkritik kawan yg lakukan pelanggaran hukum internasional kenapa menlu sugiono sampai sekarang tidak bersuara padahal dunia menunggu pandangan sbg pemain global south yg penting ini momen perlu percaya diri menunjukkan sikap sama ketika kita dulu menentang invasi as thdp iraq bebas aktif itu artinya berani berpendirian bermitra dgn as dan dgn negara manapun tidak boleh menjadikan negara penurut yg mengorbankan hal yg prinsipil', 'saya heran membaca pernyataan re venezuela yg sangat standar dan sama sekali tidak menyebut amerika serikat sejak kapan kita sungkantakut mengkritik kawan yg lakukan pelanggaran hukum internasional kenapa menlu sugiono sampai sekarang tidak bersuara padahal dunia menunggu pandangan sbg pemain global south yg penting ini momen perlu percaya diri menunjukkan sikap sama ketika kita dulu menentang invasi as thdp iraq bebas aktif itu artinya berani berpendirian bermitra dgn as dan dgn negara manapun tidak boleh menjadikan negara penurut yg mengorbankan hal yg prinsipil']"
64,36,64_tanziha_dimainin_kualat_ikeu,"['tanziha', 'dimainin', 'kualat', 'ikeu', 'dikorupsi', 'dirapel', 'pakar', 'bgn', 'ingat', 'isinya']","['mbg dirapel buat satu minggu tapi isinya seperti ini jadi ingat kata dewan pakar bgn ikeu tanziha harus bersyukur gw mau tanya nih kira yang begini dikorupsi atau gak pak rakyat kecil jgn dimainin trus nanti kualat cc', 'mbg dirapel buat satu minggu tapi isinya seperti ini jadi ingat kata dewan pakar bgn ikeu tanziha harus bersyukur gw mau tanya nih kira yang begini dikorupsi atau gak pak rakyat kecil jgn dimainin trus nanti kualat cc', 'mbg dirapel buat satu minggu tapi isinya seperti ini jadi ingat kata dewan pakar bgn ikeu tanziha harus bersyukur gw mau tanya nih kira yang begini dikorupsi atau gak pak rakyat kecil jgn dimainin trus nanti kualat cc']"
65,35,65_baik_baru_lebih_tahun,"['baik', 'baru', 'lebih', 'tahun', 'melangkah', 'menyala', 'maju', 'semakin', 'semangat', 'semoga']","['selamat tahun baru semoga di tahun yang baru ini kita dapat melangkah lebih baik dengan semangat yang terus menyala demi indonesia yang semakin maju dan lebih baik', 'selamat tahun baru semoga di tahun yang baru ini kita dapat melangkah lebih baik dengan semangat yang terus menyala demi indonesia yang semakin maju dan lebih baik', 'selamat tahun baru semoga di tahun yang baru ini kita dapat melangkah lebih baik dengan semangat yang terus menyala demi indonesia yang semakin maju dan lebih baik']"
66,34,66_juga_aku_gue_kerja,"['juga', 'aku', 'gue', 'kerja', 'doang', 'nder', 'tumbler', 'englishnya', 'notif', 'ga']","['aku balik lagi kak posisi baru banget pulang kerja terus sama ortu mau di jodohin sama seseorang aku ga mau kak aku juga belum mau nikah katanya hidup itu pilihan tapi kenapa hidup ku ngga pengen kabur rasanya aku juga berhak menentukan pilihan ku sendiri', 'kek mana rumah mau jalan kalo yg kerja aku doang urusan rumah ke aku makan ke aku sekarang utang juga ke aku jadi orang tua ga bisa mikir', 'pedoman gue ada di mama dan adik gue kak gue udah sesakit itu liat mama dibawa sengsara trs sm bokap dan adek gue juga yg masi tk harus memahami keadaan adek sm mama gue sering bgt makan sma kerupuk doang sakit hati bgt liatnya doain guys akhir bulan ini gw kerja wml']"
67,34,67_dgn_as_yg_tidak,"['dgn', 'as', 'yg', 'tidak', 'berpendirian', 'bermitra', 'sungkantakut', 'iraq', 'penurut', 'south']","['saya heran membaca pernyataan re venezuela yg sangat standar dan sama sekali tidak menyebut amerika serikat sejak kapan kita sungkantakut mengkritik kawan yg lakukan pelanggaran hukum internasional kenapa menlu sugiono sampai sekarang tidak bersuara padahal dunia menunggu pandangan sbg pemain global south yg penting ini momen perlu percaya diri menunjukkan sikap sama ketika kita dulu menentang invasi as thdp iraq bebas aktif itu artinya berani berpendirian bermitra dgn as dan dgn negara manapun tidak boleh menjadikan negara penurut yg mengorbankan hal yg prinsipil', 'saya heran membaca pernyataan re venezuela yg sangat standar dan sama sekali tidak menyebut amerika serikat sejak kapan kita sungkantakut mengkritik kawan yg lakukan pelanggaran hukum internasional kenapa menlu sugiono sampai sekarang tidak bersuara padahal dunia menunggu pandangan sbg pemain global south yg penting ini momen perlu percaya diri menunjukkan sikap sama ketika kita dulu menentang invasi as thdp iraq bebas aktif itu artinya berani berpendirian bermitra dgn as dan dgn negara manapun tidak boleh menjadikan negara penurut yg mengorbankan hal yg prinsipil', 'saya heran membaca pernyataan re venezuela yg sangat standar dan sama sekali tidak menyebut amerika serikat sejak kapan kita sungkantakut mengkritik kawan yg lakukan pelanggaran hukum internasional kenapa menlu sugiono sampai sekarang tidak bersuara padahal dunia menunggu pandangan sbg pemain global south yg penting ini momen perlu percaya diri menunjukkan sikap sama ketika kita dulu menentang invasi as thdp iraq bebas aktif itu artinya berani berpendirian bermitra dgn as dan dgn negara manapun tidak boleh menjadikan negara penurut yg mengorbankan hal yg prinsipil']"
68,34,68_aceh_ketiganya_menunda_pakistan,"['aceh', 'ketiganya', 'menunda', 'pakistan', 'keselamatan', 'agenda', 'rusia', 'meninjau', 'prioritas', 'tetap']","['dari aceh pakistan rusia presiden prabowo langsung kembali ke aceh meninjau bencana di tengah agenda global keselamatan rakyat tetap prioritas ini kunjungan ketiganya ke aceh tanpa menunda negara hadir', 'dari aceh pakistan rusia presiden prabowo langsung kembali ke aceh meninjau bencana di tengah agenda global keselamatan rakyat tetap prioritas ini kunjungan ketiganya ke aceh tanpa menunda negara hadir', 'dari aceh pakistan rusia presiden prabowo langsung kembali ke aceh meninjau bencana di tengah agenda global keselamatan rakyat tetap prioritas ini kunjungan ketiganya ke aceh tanpa menunda negara hadir']"
69,34,69_reformasi_polri_tim_kapolri,"['reformasi', 'polri', 'tim', 'kapolri', 'kepolisian', 'jimly', 'komisi', 'dicopot', 'pak', 'berjudul']","['banyak pertanyaan tentang kinerja reformasi kepolisian adakah kemajuan yang sudah dicapai dan apakah tim reformasi kepolisian itu diperlukan sesuai perintah presidensaya sudah mengingatkan tim reformasi kepolisian harus merevisi terlebih dahulu uu tentang kepolisan ri hening', 'trus apa langkah yg d lakukan oleh tim reformasi ini udh terangan sekali polri melawan aturan negara ini bubarkan aj tim reformasi klo kalian g bisa kasih masukan k presiden gimana pak', 'presiden aja takut sama kapolri buat tim reformasi polri kapolri nya masuk jd anggota reformasi polri aja udah aneh gimana kalau yg jd masalah kapolri nya']"
70,34,70_pembalakan_liar_pengawasan_ketat,"['pembalakan', 'liar', 'pengawasan', 'ketat', 'semuatanganibencana', 'logging', 'tamiang', 'illegal', 'tertibkan', 'ditertibkan']","['presiden prabowo mendesak pengawasan ketat atas pembalakan liar saat meninjau banjir di aceh tamiang semuatanganibencana', 'tinjau banjir aceh tamiang presiden prabowo desak pengawasan ketat pembalakan liar semuatanganibencana', 'tegas presiden prabowo tinjau banjir aceh tamiang desak pengawasan ketat pembalakan liar semuatanganibencana']"
71,33,71_layaknya_inkompetensi_dino_betapa,"['layaknya', 'inkompetensi', 'dino', 'betapa', 'kompeten', 'ham', 'sedang', 'menjawab', 'anda', 'malah']","['pak dino sedang mengkritik inkompetensi menlu terus anda malah menjawab dengan menunjukkan betapa tidak kompeten dan layaknya seorang menteri ham', 'pak dino sedang mengkritik inkompetensi menlu terus anda malah menjawab dengan menunjukkan betapa tidak kompeten dan layaknya seorang menteri ham', 'pak dino sedang mengkritik inkompetensi menlu terus anda malah menjawab dengan menunjukkan betapa tidak kompeten dan layaknya seorang menteri ham']"
72,33,72_pak_mhn_cm_pgn,"['pak', 'mhn', 'cm', 'pgn', 'halah', 'bro', 'keren', 'dinotice', 'digituin', 'maluin']","['ga berani pak', 'keren pak anies semoga pak anies jadi presiden ke semangat pak', 'pak presiden ini semua temen bobby kertanegara pls save them pak saveplgsebanga savetessonilo savesumatra']"
73,33,73_program_gratis_lewat_rumah,"['program', 'gratis', 'lewat', 'rumah', 'gizi', 'mbg', 'prabowo', 'makin', 'masa', 'inovasi']","['presiden prabowo kunjungi korban bencana tiga kali ini bukti kepedulian negara untuk prabowo bangun kembali semua rumah rusak lewat program rekonstruksi pascabencana yang sulit ini semangat gotong royong kita', 'program juta rumah dari presiden prabowo bikin semua orang punya harapan baru', 'semua rumah warga yang rusak akan diganti negara janji beliau ini adalah tekad pemerintah untuk prabowo bangun kembali masa depan lebih baik lewat program rekonstruksi pascabencana yang menyeluruh']"
74,33,74_beradab_nicolas_mengecam_keluarkan,"['beradab', 'nicolas', 'mengecam', 'keluarkan', 'sebagian', 'maduro', 'bangsa', 'besar', 'menculik', 'pemimpin']","['sebagian besar pemimpin bangsa beradab sudah keluarkan pernyataan mengecam presiden as trump karena menculik presiden venezuela nicolas maduro presiden indonesia', 'sebagian besar pemimpin bangsa beradab sudah keluarkan pernyataan mengecam presiden as trump karena menculik presiden venezuela nicolas maduro presiden indonesia', 'sebagian besar pemimpin bangsa beradab sudah keluarkan pernyataan mengecam presiden as trump karena menculik presiden venezuela nicolas maduro presiden indonesia']"
75,32,75_iran_araghchi_kami_abbas,"['iran', 'araghchi', 'kami', 'abbas', 'lebanon', 'perundingan', 'nuklir', 'menlu', 'suriah', 'arab']","['menlu iran lontarkan tuduhan keras sebut as tidak jujur dalam isu global terutama soal sanksi dan perjanjian nuklir baca detail kecaman diplomatik iran narayapost iran as diplomasi geopolitik timurtengah', 'menlu iran araghchi tetanggatetangga kami adalah prioritas kami ini adalah prinsip terpenting dalam kebijakan luar negeri republik islam iran hubungan republik islam iran dengan federasi rusia adalah sebuah kemitraan strategis', 'pejabat saudi kunjungi iran untuk bahas gaza amp suriah wakil menlu saudi saud bin mohammed alsati akan melakukan perjalanan ke iran untuk membahas hubungan bilateral dan isu regional menurut kemenlu iran via wana ia juga dijadwalkan bertemu menlu iran abbas araghchi']"
76,32,76_layaknya_inkompetensi_dino_betapa,"['layaknya', 'inkompetensi', 'dino', 'betapa', 'kompeten', 'ham', 'sedang', 'menjawab', 'anda', 'malah']","['pak dino sedang mengkritik inkompetensi menlu terus anda malah menjawab dengan menunjukkan betapa tidak kompeten dan layaknya seorang menteri ham', 'pak dino sedang mengkritik inkompetensi menlu terus anda malah menjawab dengan menunjukkan betapa tidak kompeten dan layaknya seorang menteri ham', 'pak dino sedang mengkritik inkompetensi menlu terus anda malah menjawab dengan menunjukkan betapa tidak kompeten dan layaknya seorang menteri ham']"
77,32,77_dgn_as_yg_tidak,"['dgn', 'as', 'yg', 'tidak', 'berpendirian', 'bermitra', 'sungkantakut', 'iraq', 'penurut', 'south']","['saya heran membaca pernyataan re venezuela yg sangat standar dan sama sekali tidak menyebut amerika serikat sejak kapan kita sungkantakut mengkritik kawan yg lakukan pelanggaran hukum internasional kenapa menlu sugiono sampai sekarang tidak bersuara padahal dunia menunggu pandangan sbg pemain global south yg penting ini momen perlu percaya diri menunjukkan sikap sama ketika kita dulu menentang invasi as thdp iraq bebas aktif itu artinya berani berpendirian bermitra dgn as dan dgn negara manapun tidak boleh menjadikan negara penurut yg mengorbankan hal yg prinsipil', 'saya heran membaca pernyataan re venezuela yg sangat standar dan sama sekali tidak menyebut amerika serikat sejak kapan kita sungkantakut mengkritik kawan yg lakukan pelanggaran hukum internasional kenapa menlu sugiono sampai sekarang tidak bersuara padahal dunia menunggu pandangan sbg pemain global south yg penting ini momen perlu percaya diri menunjukkan sikap sama ketika kita dulu menentang invasi as thdp iraq bebas aktif itu artinya berani berpendirian bermitra dgn as dan dgn negara manapun tidak boleh menjadikan negara penurut yg mengorbankan hal yg prinsipil', 'saya heran membaca pernyataan re venezuela yg sangat standar dan sama sekali tidak menyebut amerika serikat sejak kapan kita sungkantakut mengkritik kawan yg lakukan pelanggaran hukum internasional kenapa menlu sugiono sampai sekarang tidak bersuara padahal dunia menunggu pandangan sbg pemain global south yg penting ini momen perlu percaya diri menunjukkan sikap sama ketika kita dulu menentang invasi as thdp iraq bebas aktif itu artinya berani berpendirian bermitra dgn as dan dgn negara manapun tidak boleh menjadikan negara penurut yg mengorbankan hal yg prinsipil']"
78,32,78_polri_politik_berkolaborasi_instruksi,"['polri', 'politik', 'berkolaborasi', 'instruksi', 'biang', 'berjasa', 'pln', 'melaksanakan', 'saatnya', 'polisi']","['melaksanakan instruksi presiden tni polri dan pln berkolaborasi pulihkan listrik pasca bencana saatnya bahu membahu ber', 'melaksanakan instruksi presiden tni polri dan pln berkolaborasi pulihkan listrik pasca bencana saatnya bahu membahu ber', 'melaksanakan instruksi presiden tni polri dan pln berkolaborasi pulihkan listrik pasca bencana saatnya bahu membahu ber']"
79,32,79_pangan_harga_swasembada_pokok,"['pangan', 'harga', 'swasembada', 'pokok', 'dijaga', 'stabil', 'ketahanan', 'kemandirianbangsa', 'impian', 'stabilitas']","['indonesia swasembada pangan adalah impian kita semua dengan presiden prabowo yang berkomitmen meningkatkan produksi pangan kita dapat memastikan bahwa indonesia menjadi negara yang lebih mandiri prabowo swasembadapangan kemandirianbangsa', 'indonesia swasembada pangan adalah impian kita semua dengan presiden prabowo yang berkomitmen meningkatkan produksi pangan kita dapat memastikan bahwa indonesia menjadi negara yang lebih mandiri prabowo swasembadapangan kemandirianbangsa', 'indonesia swasembada pangan adalah impian kita semua dengan presiden prabowo yang berkomitmen meningkatkan produksi pangan kita dapat memastikan bahwa indonesia menjadi negara yang lebih mandiri prabowo swasembadapangan kemandirianbangsa']"
80,32,80_anggapan_bersumber_waspada_terlebih,"['anggapan', 'bersumber', 'waspada', 'terlebih', 'menilai', 'mengingatkan', 'narasi', 'suka', 'pihak', 'kekuatan']","['presiden prabowo mengingatkan kepada semua pihak untuk waspada terhadap kekuatan luar yang tidak suka indonesia kuat terlebih kata prabowo ada narasi yang sudah menyebut kalau pemerintah tidak hadir dalam bencana sumatra presiden prabowo menilai anggapan tersebut bersumber', 'presiden prabowo mengingatkan kepada semua pihak untuk waspada terhadap kekuatan luar yang tidak suka indonesia kuat terlebih kata prabowo ada narasi yang sudah menyebut kalau pemerintah tidak hadir dalam bencana sumatra presiden prabowo menilai anggapan tersebut bersumber', 'presiden prabowo mengingatkan kepada semua pihak untuk waspada terhadap kekuatan luar yang tidak suka indonesia kuat terlebih kata prabowo ada narasi yang sudah menyebut kalau pemerintah tidak hadir dalam bencana sumatra presiden prabowo menilai anggapan tersebut bersumber']"
81,32,81_dgn_as_yg_tidak,"['dgn', 'as', 'yg', 'tidak', 'berpendirian', 'bermitra', 'sungkantakut', 'iraq', 'penurut', 'south']","['saya heran membaca pernyataan re venezuela yg sangat standar dan sama sekali tidak menyebut amerika serikat sejak kapan kita sungkantakut mengkritik kawan yg lakukan pelanggaran hukum internasional kenapa menlu sugiono sampai sekarang tidak bersuara padahal dunia menunggu pandangan sbg pemain global south yg penting ini momen perlu percaya diri menunjukkan sikap sama ketika kita dulu menentang invasi as thdp iraq bebas aktif itu artinya berani berpendirian bermitra dgn as dan dgn negara manapun tidak boleh menjadikan negara penurut yg mengorbankan hal yg prinsipil', 'saya heran membaca pernyataan re venezuela yg sangat standar dan sama sekali tidak menyebut amerika serikat sejak kapan kita sungkantakut mengkritik kawan yg lakukan pelanggaran hukum internasional kenapa menlu sugiono sampai sekarang tidak bersuara padahal dunia menunggu pandangan sbg pemain global south yg penting ini momen perlu percaya diri menunjukkan sikap sama ketika kita dulu menentang invasi as thdp iraq bebas aktif itu artinya berani berpendirian bermitra dgn as dan dgn negara manapun tidak boleh menjadikan negara penurut yg mengorbankan hal yg prinsipil', 'saya heran membaca pernyataan re venezuela yg sangat standar dan sama sekali tidak menyebut amerika serikat sejak kapan kita sungkantakut mengkritik kawan yg lakukan pelanggaran hukum internasional kenapa menlu sugiono sampai sekarang tidak bersuara padahal dunia menunggu pandangan sbg pemain global south yg penting ini momen perlu percaya diri menunjukkan sikap sama ketika kita dulu menentang invasi as thdp iraq bebas aktif itu artinya berani berpendirian bermitra dgn as dan dgn negara manapun tidak boleh menjadikan negara penurut yg mengorbankan hal yg prinsipil']"
82,31,82_jd_gue_gak_gk,"['jd', 'gue', 'gak', 'gk', 'kl', 'aja', 'mamarika', 'siwan', 'yoona', 'yada']","['gue udah mewanti ortu buat jangan asal pilih presiden lagi nanti tahun mendatang gue jg nyesel bgt dulu pernah pro jkw kok pdhl aslinya semanipulatif itu bersyukur gue kuliah ambil sosio jd bikin gue melek bgt', 'hmmm tp klo udh ke presiden sih hope gue tinggi ya syg bgt klo indo cmn jdi cukup aja hrus ada pemimpin yg brani ngedobrak ngelead dgn brani utk jd negara maju indo sudah terlalu bnyk ditindas gue rasa', 'yg diingat cumn saat dia dikatain tp gak baca kritik yg santun kl sadar gak semua org suka mbok yaa diam bae dirmh gak ush sok sibuk validasi diri jd presiden terbaik menjadikan semua mantan presiden musuhnya menjadikan presiden skrg jd rivalnya buat apa coba']"
83,31,83_pembenci_mohon_maaf_bagi,"['pembenci', 'mohon', 'maaf', 'bagi', 'para', 'presiden', '', '', '', '']","['mohon maaf bagi para pembenci presiden', 'mohon maaf bagi para pembenci presiden', 'mohon maaf bagi para pembenci presiden']"
84,31,84_musa_tongkat_nabi_punya,"['musa', 'tongkat', 'nabi', 'punya', 'sbgai', 'tidak', 'ndak', 'berbuat', 'apa', 'nilai']","['presiden janji bangun rumah korban banjir longsor aceh sebut tak punya tongkat nabi musa', 'apa mau dikata pak presiden tidak punya tongkat nabi musa', 'presiden tidak punya tongkat nabi musa']"
85,30,85_emanglah_menghabisi_radarada_politisi,"['emanglah', 'menghabisi', 'radarada', 'politisi', 'koruptor', 'bukannya', 'nunggu', 'tempat', 'ngapain', 'seharusnya']","['bukannya dia udah di tempat yang seharusnya bisa menghabisi koruptor ngapain nunggu jadi presiden politisi emanglah radarada semua', 'bukannya dia udah di tempat yang seharusnya bisa menghabisi koruptor ngapain nunggu jadi presiden politisi emanglah radarada semua', 'bukannya dia udah di tempat yang seharusnya bisa menghabisi koruptor ngapain nunggu jadi presiden politisi emanglah radarada semua']"
86,30,86_tau_kalo_diculik_info,"['tau', 'kalo', 'diculik', 'info', 'cari', 'menculik', 'mana', 'sih', 'soal', 'aku']","['kalo mau tau soal presiden diculik cari info di mana ya kalo presiden menculik sih aku udah tau', 'kalo mau tau soal presiden diculik cari info di mana ya kalo presiden menculik sih aku udah tau', 'kalo mau tau soal presiden diculik cari info di mana ya kalo presiden menculik sih aku udah tau']"
87,29,87_dijawab_harus_oleh_ini,"['dijawab', 'harus', 'oleh', 'ini', 'bangkai', 'cermat', 'aroma', 'bau', 'penuhi', 'warganya']","['harus dijawab ini oleh', 'harus dijawab ini oleh', 'harus dijawab ini oleh']"
88,29,88_emanglah_menghabisi_radarada_politisi,"['emanglah', 'menghabisi', 'radarada', 'politisi', 'koruptor', 'bukannya', 'nunggu', 'tempat', 'ngapain', 'seharusnya']","['bukannya dia udah di tempat yang seharusnya bisa menghabisi koruptor ngapain nunggu jadi presiden politisi emanglah radarada semua', 'bukannya dia udah di tempat yang seharusnya bisa menghabisi koruptor ngapain nunggu jadi presiden politisi emanglah radarada semua', 'bukannya dia udah di tempat yang seharusnya bisa menghabisi koruptor ngapain nunggu jadi presiden politisi emanglah radarada semua']"
89,28,89_kocak_pura_lu_kok,"['kocak', 'pura', 'lu', 'kok', 'buta', 'bapak', 'mirip', 'keluar', 'fuckk', 'dibutakan']","['dih ya bapak lu presiden nya kocak', 'dulu presiden buta diejek skrg presiden sehat sejahtera tapi dibutakan dan buta beneran dengan keadaan', 'dan sang presiden mrestuinyaatau bila perlawanan membesar dia muncul pura pura jadi superheroplottwist nya sudah bgitu dari era malinkundang jadi kerupuk']"
90,28,90_kemenkum_diy_kanwil_kementerianhukum,"['kemenkum', 'diy', 'kanwil', 'kementerianhukum', 'setahunberdampak', 'layananhukummakinmudah', 'kanwilkemenkumdiy', 'diplomasi', 'kemenlu', 'kementerian']","['kemenkum amp kemenlu tunjukkan sinergi kuat demi kepentingan nasional di kancah global kementerianhukum kanwilkemenkumdiy layananhukummakinmudah setahunberdampak kanwil kemenkum diy', 'kemenkum amp kemenlu sinergi terbaik untuk ki global kementerianhukum kanwilkemenkumdiy layananhukummakinmudah setahunberdampak kanwil kemenkum diy', 'setahunberdampak kanwil kemenkum diy kemenkum amp kemenlu bersatu kawal royalti global yang berkeadilan kementerianhukum kanwilkemenkumdiy layananhukummakinmudah setahunberdampak kanwil kemenkum diy']"
91,27,91_dgn_as_yg_tidak,"['dgn', 'as', 'yg', 'tidak', 'berpendirian', 'bermitra', 'sungkantakut', 'iraq', 'penurut', 'south']","['saya heran membaca pernyataan re venezuela yg sangat standar dan sama sekali tidak menyebut amerika serikat sejak kapan kita sungkantakut mengkritik kawan yg lakukan pelanggaran hukum internasional kenapa menlu sugiono sampai sekarang tidak bersuara padahal dunia menunggu pandangan sbg pemain global south yg penting ini momen perlu percaya diri menunjukkan sikap sama ketika kita dulu menentang invasi as thdp iraq bebas aktif itu artinya berani berpendirian bermitra dgn as dan dgn negara manapun tidak boleh menjadikan negara penurut yg mengorbankan hal yg prinsipil', 'saya heran membaca pernyataan re venezuela yg sangat standar dan sama sekali tidak menyebut amerika serikat sejak kapan kita sungkantakut mengkritik kawan yg lakukan pelanggaran hukum internasional kenapa menlu sugiono sampai sekarang tidak bersuara padahal dunia menunggu pandangan sbg pemain global south yg penting ini momen perlu percaya diri menunjukkan sikap sama ketika kita dulu menentang invasi as thdp iraq bebas aktif itu artinya berani berpendirian bermitra dgn as dan dgn negara manapun tidak boleh menjadikan negara penurut yg mengorbankan hal yg prinsipil', 'saya heran membaca pernyataan re venezuela yg sangat standar dan sama sekali tidak menyebut amerika serikat sejak kapan kita sungkantakut mengkritik kawan yg lakukan pelanggaran hukum internasional kenapa menlu sugiono sampai sekarang tidak bersuara padahal dunia menunggu pandangan sbg pemain global south yg penting ini momen perlu percaya diri menunjukkan sikap sama ketika kita dulu menentang invasi as thdp iraq bebas aktif itu artinya berani berpendirian bermitra dgn as dan dgn negara manapun tidak boleh menjadikan negara penurut yg mengorbankan hal yg prinsipil']"
92,27,92_telah_air_dilaporkan_dihadapi,"['telah', 'air', 'dilaporkan', 'dihadapi', 'keterangannya', 'ketersediaan', 'menyoroti', 'kekurangan', 'ditangani', 'telco']","['presiden menyampaikan bahwa sejumlah kekurangan yang masih dihadapi warga telah dilaporkan dan akan segera ditangani dalam keterangannya presiden juga menyoroti kebutuhan mendesak terkait ketersediaan air bersih dan air minum bagi masyarakat terdampak', 'presiden menyampaikan bahwa sejumlah kekurangan yang masih dihadapi warga telah dilaporkan dan akan segera ditangani dalam keterangannya presiden juga menyoroti kebutuhan mendesak terkait ketersediaan air bersih dan air minum bagi masyarakat terdampak', 'presiden menyampaikan bahwa sejumlah kekurangan yang masih dihadapi warga telah dilaporkan dan akan segera ditangani dalam keterangannya presiden juga menyoroti kebutuhan mendesak terkait ketersediaan air bersih dan air minum bagi masyarakat terdampak']"
93,26,93_juli_raja_buntut_antoni,"['juli', 'raja', 'buntut', 'antoni', 'pemanfaatan', 'mengambil', 'kehutanan', 'paripurna', 'usaha', 'sidang']","['pernyataan tersebut disampaikan menteri kehutanan raja juli antoni di depan presiden prabowo subianto dalam sidang kabinet paripurna di istana negara jakarta senin raja juli mengambil langkah tegas atas kegiatan usaha sejumlah perusahaan pemanfaatan hutan buntut', 'pernyataan tersebut disampaikan menteri kehutanan raja juli antoni di depan presiden prabowo subianto dalam sidang kabinet paripurna di istana negara jakarta senin raja juli mengambil langkah tegas atas kegiatan usaha sejumlah perusahaan pemanfaatan hutan buntut', 'pernyataan tersebut disampaikan menteri kehutanan raja juli antoni di depan presiden prabowo subianto dalam sidang kabinet paripurna di istana negara jakarta senin raja juli mengambil langkah tegas atas kegiatan usaha sejumlah perusahaan pemanfaatan hutan buntut']"
94,26,94_anggapan_bersumber_waspada_terlebih,"['anggapan', 'bersumber', 'waspada', 'terlebih', 'menilai', 'mengingatkan', 'narasi', 'suka', 'pihak', 'kekuatan']","['presiden prabowo mengingatkan kepada semua pihak untuk waspada terhadap kekuatan luar yang tidak suka indonesia kuat terlebih kata prabowo ada narasi yang sudah menyebut kalau pemerintah tidak hadir dalam bencana sumatra presiden prabowo menilai anggapan tersebut bersumber', 'presiden prabowo mengingatkan kepada semua pihak untuk waspada terhadap kekuatan luar yang tidak suka indonesia kuat terlebih kata prabowo ada narasi yang sudah menyebut kalau pemerintah tidak hadir dalam bencana sumatra presiden prabowo menilai anggapan tersebut bersumber', 'presiden prabowo mengingatkan kepada semua pihak untuk waspada terhadap kekuatan luar yang tidak suka indonesia kuat terlebih kata prabowo ada narasi yang sudah menyebut kalau pemerintah tidak hadir dalam bencana sumatra presiden prabowo menilai anggapan tersebut bersumber']"
95,26,95_jadi_kan_gua_aja,"['jadi', 'kan', 'gua', 'aja', 'doang', 'kalo', 'hebat', 'nyalon', 'gamau', 'wowo']","['kaya wowo ya bro ambis banget jadi presiden ampe nyalon dua kali', 'kalo gamau lelah gausah jadi presiden pak ternak lele aja', 'kalo bapak gua jadi presiden jg bisa gua ini ngomong kek gini gausah jadi presiden dah masih idup aja udh syukur guaa']"
96,26,96_dg_jokowi_amsterdam_paris,"['dg', 'jokowi', 'amsterdam', 'paris', 'bersihkan', 'bertanya', 'diaspora', 'jawaban', 'sigit', 'orangorang']","['dari diskusi dg diaspora di amsterdam dan paris semua bertanya ada apa dg presiden sehingga tdk berani bersihkan orangorang jokowi terutama kapolri jawaban saya hanya allah prabowo jokowi dan sigit yang tahu', 'dari diskusi dg diaspora di amsterdam dan paris semua bertanya ada apa dg presiden sehingga tdk berani bersihkan orangorang jokowi terutama kapolri jawaban saya hanya allah prabowo jokowi dan sigit yang tahu', 'dari diskusi dg diaspora di amsterdam dan paris semua bertanya ada apa dg presiden sehingga tdk berani bersihkan orangorang jokowi terutama kapolri jawaban saya hanya allah prabowo jokowi dan sigit yang tahu']"
97,25,97_pembenci_mohon_maaf_bagi,"['pembenci', 'mohon', 'maaf', 'bagi', 'para', 'presiden', '', '', '', '']","['mohon maaf bagi para pembenci presiden', 'mohon maaf bagi para pembenci presiden', 'mohon maaf bagi para pembenci presiden']"
98,25,98_dgn_as_yg_tidak,"['dgn', 'as', 'yg', 'tidak', 'berpendirian', 'bermitra', 'sungkantakut', 'iraq', 'penurut', 'south']","['saya heran membaca pernyataan re venezuela yg sangat standar dan sama sekali tidak menyebut amerika serikat sejak kapan kita sungkantakut mengkritik kawan yg lakukan pelanggaran hukum internasional kenapa menlu sugiono sampai sekarang tidak bersuara padahal dunia menunggu pandangan sbg pemain global south yg penting ini momen perlu percaya diri menunjukkan sikap sama ketika kita dulu menentang invasi as thdp iraq bebas aktif itu artinya berani berpendirian bermitra dgn as dan dgn negara manapun tidak boleh menjadikan negara penurut yg mengorbankan hal yg prinsipil', 'saya heran membaca pernyataan re venezuela yg sangat standar dan sama sekali tidak menyebut amerika serikat sejak kapan kita sungkantakut mengkritik kawan yg lakukan pelanggaran hukum internasional kenapa menlu sugiono sampai sekarang tidak bersuara padahal dunia menunggu pandangan sbg pemain global south yg penting ini momen perlu percaya diri menunjukkan sikap sama ketika kita dulu menentang invasi as thdp iraq bebas aktif itu artinya berani berpendirian bermitra dgn as dan dgn negara manapun tidak boleh menjadikan negara penurut yg mengorbankan hal yg prinsipil', 'saya heran membaca pernyataan re venezuela yg sangat standar dan sama sekali tidak menyebut amerika serikat sejak kapan kita sungkantakut mengkritik kawan yg lakukan pelanggaran hukum internasional kenapa menlu sugiono sampai sekarang tidak bersuara padahal dunia menunggu pandangan sbg pemain global south yg penting ini momen perlu percaya diri menunjukkan sikap sama ketika kita dulu menentang invasi as thdp iraq bebas aktif itu artinya berani berpendirian bermitra dgn as dan dgn negara manapun tidak boleh menjadikan negara penurut yg mengorbankan hal yg prinsipil']"
99,25,99_data_terima_kesalahan_bapak,"['data', 'terima', 'kesalahan', 'bapak', 'baikbaik', 'terdapat', 'pembantu', 'tag', 'informasi', 'syariah']","['pak presiden mohon maaf saya tag bapak informasi atau data yang bapak terima dari pembantu bapak terdapat kesalahan kondisi aceh saat ini tidak baikbaik saja terima kasih', 'pak presiden mohon maaf saya tag bapak informasi atau data yang bapak terima dari pembantu bapak terdapat kesalahan kondisi aceh saat ini tidak baikbaik saja terima kasih', 'pak presiden mohon maaf saya tag bapak informasi atau data yang bapak terima dari pembantu bapak terdapat kesalahan kondisi aceh saat ini tidak baikbaik saja terima kasih']"
100,24,100_juga_nyuruh_tipu_nya,"['juga', 'nyuruh', 'tipu', 'nya', 'masing', 'masalahnya', 'ga', 'ganti', 'ngga', 'kena']","['sudahlah begitu juga ujungujungnya krn masalahnya bukan sosok presidennya mulai dari pemalsu ijazah ampe jenderal jadi presiden ya tetap begini juga keadaan bangsa ini karena masalahnya sistem', 'ga nyuruh jd presiden juga si', 'gak ada yg nyuruh juga lu jadi presiden gausa ngeluh semua orang juga kerja tupoksi nya masing masing']"
101,24,101_dgn_as_yg_tidak,"['dgn', 'as', 'yg', 'tidak', 'berpendirian', 'bermitra', 'sungkantakut', 'iraq', 'penurut', 'south']","['saya heran membaca pernyataan re venezuela yg sangat standar dan sama sekali tidak menyebut amerika serikat sejak kapan kita sungkantakut mengkritik kawan yg lakukan pelanggaran hukum internasional kenapa menlu sugiono sampai sekarang tidak bersuara padahal dunia menunggu pandangan sbg pemain global south yg penting ini momen perlu percaya diri menunjukkan sikap sama ketika kita dulu menentang invasi as thdp iraq bebas aktif itu artinya berani berpendirian bermitra dgn as dan dgn negara manapun tidak boleh menjadikan negara penurut yg mengorbankan hal yg prinsipil', 'saya heran membaca pernyataan re venezuela yg sangat standar dan sama sekali tidak menyebut amerika serikat sejak kapan kita sungkantakut mengkritik kawan yg lakukan pelanggaran hukum internasional kenapa menlu sugiono sampai sekarang tidak bersuara padahal dunia menunggu pandangan sbg pemain global south yg penting ini momen perlu percaya diri menunjukkan sikap sama ketika kita dulu menentang invasi as thdp iraq bebas aktif itu artinya berani berpendirian bermitra dgn as dan dgn negara manapun tidak boleh menjadikan negara penurut yg mengorbankan hal yg prinsipil', 'saya heran membaca pernyataan re venezuela yg sangat standar dan sama sekali tidak menyebut amerika serikat sejak kapan kita sungkantakut mengkritik kawan yg lakukan pelanggaran hukum internasional kenapa menlu sugiono sampai sekarang tidak bersuara padahal dunia menunggu pandangan sbg pemain global south yg penting ini momen perlu percaya diri menunjukkan sikap sama ketika kita dulu menentang invasi as thdp iraq bebas aktif itu artinya berani berpendirian bermitra dgn as dan dgn negara manapun tidak boleh menjadikan negara penurut yg mengorbankan hal yg prinsipil']"
102,23,102_rebut_ayo_bersatu_kedaulatan,"['rebut', 'ayo', 'bersatu', 'kedaulatan', 'rakyat', 'kembali', '', '', '', '']","['ayo bersatu rebut kembali kedaulatan rakyat', 'ayo bersatu rebut kembali kedaulatan rakyat', 'ayo bersatu rebut kembali kedaulatan rakyat']"
103,23,103_papua_makanbergizigratis_bergizi_diluncurkan,"['papua', 'makanbergizigratis', 'bergizi', 'diluncurkan', 'kualitashidup', 'masyarakat', 'gratis', 'bermanfaat', 'program', 'mbg']","['program mbg yang diluncurkan bapak presiden harus menjangkau anakanak di pedalaman yan p mandenas anggota komisi xiii dpr rikebijakan gizi adalah investasi jangka panjang papua bukan pinggiran papua adalah pusat harapan', 'presiden indonesia akan selalu menjadikan papua sebagai prioritas dan akan terus membantu masyarakat papua karena papua merupakan bagian penting indonesia dari timur kemajuan menggema bergerakuntukpapua', 'presiden indonesia akan selalu menjadikan papua sebagai prioritas dan akan terus membantu masyarakat papua karena papua merupakan bagian penting indonesia dari timur kemajuan menggema bergerakuntukpapua']"
104,22,104_breaking_advokasi_menempuh_ap,"['breaking', 'advokasi', 'menempuh', 'ap', 'news', 'pimpinan', 'lbh', 'menetapkan', 'jalur', 'menyatakan']","['breaking news lembaga bantuan hukum advokasi publik lbh ap pimpinan pusat menyatakan siap menempuh jalur hukum jika presiden ri prabowo subianto tidak segera menetapkan status bencana nasional atas peristiwa banjir bandang dan tanah longsor di wilayah', 'breaking news lembaga bantuan hukum advokasi publik lbh ap pimpinan pusat menyatakan siap menempuh jalur hukum jika presiden ri prabowo subianto tidak segera menetapkan status bencana nasional atas peristiwa banjir bandang dan tanah longsor di wilayah', 'breaking news lembaga bantuan hukum advokasi publik lbh ap pimpinan pusat menyatakan siap menempuh jalur hukum jika presiden ri prabowo subianto tidak segera menetapkan status bencana nasional atas peristiwa banjir bandang dan tanah longsor di wilayah']"
105,22,105_rusia_putin_vladimir_ukraina,"['rusia', 'putin', 'vladimir', 'ukraina', 'bertemu', 'moskow', 'seskab', 'sisi', 'btw', 'mendampingi']","['presiden prabowo hari ini bertemu dengan presiden putin di rusia btw kok hanya menlu dan seskab aja ya yang mendampingi dari sisi rusia rame banget padahal', 'presiden prabowo hari ini bertemu dengan presiden putin di rusia btw kok hanya menlu dan seskab aja ya yang mendampingi dari sisi rusia rame banget padahal', 'presiden prabowo hari ini bertemu dengan presiden putin di rusia btw kok hanya menlu dan seskab aja ya yang mendampingi dari sisi rusia rame banget padahal']"
106,21,106_menyusun_ruupemilu_selangkah_mengegolkannya,"['menyusun', 'ruupemilu', 'selangkah', 'mengegolkannya', 'politikus', 'skenario', 'tempo', 'pemilihan', 'sistem', 'ambisi']","['ambisi presiden prabowo subianto mengganti sistem pemilihan kepala daerah tinggal selangkah lagi para politikus menyusun skenario untuk mengegolkannya tempo ruupemilu pilkada', 'ambisi presiden prabowo subianto mengganti sistem pemilihan kepala daerah tinggal selangkah lagi para politikus menyusun skenario untuk mengegolkannya tempo ruupemilu pilkada', 'ambisi presiden prabowo subianto mengganti sistem pemilihan kepala daerah tinggal selangkah lagi para politikus menyusun skenario untuk mengegolkannya tempo ruupemilu pilkada']"
107,21,107_ilegalmelihat_flora_relevan_masifnya,"['ilegalmelihat', 'flora', 'relevan', 'masifnya', 'memilah', 'kehancuran', 'kematian', 'gelondongan', 'legal', 'kerusakan']","['pak presiden saat ini setelah bencana banjir longsor lumpur kayu gelondongan sudah tidak relevan lagi memilah yg legal dan ilegalmelihat masifnya kerusakan kehancuran lingkungan infrastruktur kematian kehidupan rakyat yg kehilangan ayah ibu anak saudara flora', 'pak presiden saat ini setelah bencana banjir longsor lumpur kayu gelondongan sudah tidak relevan lagi memilah yg legal dan ilegalmelihat masifnya kerusakan kehancuran lingkungan infrastruktur kematian kehidupan rakyat yg kehilangan ayah ibu anak saudara flora', 'pak presiden saat ini setelah bencana banjir longsor lumpur kayu gelondongan sudah tidak relevan lagi memilah yg legal dan ilegalmelihat masifnya kerusakan kehancuran lingkungan infrastruktur kematian kehidupan rakyat yg kehilangan ayah ibu anak saudara flora']"
108,21,108_dubes_ri_miring_komentarnya,"['dubes', 'ri', 'miring', 'komentarnya', 'usulkan', 'membela', 'bersangkutan', 'melayani', 'melindungi', 'pdhal']","['sbg anggota komisi sy usulkan kpd agar segera menarik n mengganti dubes ri di saudi yg bersangkutan sdh berada di sana hampir tahun komentarnya selalu miring soal habib rizieq shihab pdhal dubes ri seharusnya melayani melindungi n membela warga ri', 'sbg anggota komisi sy usulkan kpd agar segera menarik n mengganti dubes ri di saudi yg bersangkutan sdh berada di sana hampir tahun komentarnya selalu miring soal habib rizieq shihab pdhal dubes ri seharusnya melayani melindungi n membela warga ri', 'sbg anggota komisi sy usulkan kpd agar segera menarik n mengganti dubes ri di saudi yg bersangkutan sdh berada di sana hampir tahun komentarnya selalu miring soal habib rizieq shihab pdhal dubes ri seharusnya melayani melindungi n membela warga ri']"
109,21,109_huniankorbanbencana_paket_penyiapan_memulihkan,"['huniankorbanbencana', 'paket', 'penyiapan', 'memulihkan', 'signifikan', 'insentif', 'terdampak', 'semuatanganibencana', 'menginstruksikan', 'pak']","['untuk menjaga daya beli masyarakat dan mendorong pergerakan ekonomi presiden prabowo menginstruksikan penyiapan paket insentif yg signifikan smoga masyarakat yg terdampak bisa kembali beraktivitas dan perekonomian kembali membaik huniankorbanbencana memulihkan warga terdampak', 'untuk menjaga daya beli masyarakat dan mendorong pergerakan ekonomi presiden prabowo menginstruksikan penyiapan paket insentif yang signifikan huniankorbanbencana memulihkan warga terdampak', 'untuk menjaga daya beli masyarakat dan mendorong pergerakan ekonomi presiden prabowo menginstruksikan penyiapan paket insentif yang signifikan huniankorbanbencana memulihkan warga terdampak']"
110,21,110_lu_dikritik_bayangin_seperti,"['lu', 'dikritik', 'bayangin', 'seperti', 'akan', 'apa', 'seorang', 'lakukan', 'terus', 'menlu']","['bayangin lu seorang menlu terus dikritik seperti ini apa yang akan lu lakukan', 'bayangin lu seorang menlu terus dikritik seperti ini apa yang akan lu lakukan', 'bayangin lu seorang menlu terus dikritik seperti ini apa yang akan lu lakukan']"
111,21,111_kenyataan_kenyataannya_tanzania_sosmed,"['kenyataan', 'kenyataannya', 'tanzania', 'sosmed', 'uganda', 'kenyal', 'masih', 'klo', 'bisa', 'kenyang']","['sebagai pendukung beliau dlu gw berharap blio bisa menjadi presiden namun negara ini sdh dikuasai oleh wowo dan anteknya jdi kesempatan org baik ini terjegal seandainya ada revolusi dari rakyat harapan gw bisa jd kenyataan', 'bu zmn beliau presiden tiap pagi kami sekeluarga sarapan nasi goreng nasinya sisa kemarin rasanya kenyal gimana gitu sayang klo dibuang kata ibu saya maklum ga ada kulkas atau mac jigger tapi ibu saya luar biasa nasi kenyal dg aroma khas itu sgt nikmat dg kerupuk tq pak harto', 'gibi nih punya presiden gak bisa main hape kudet sama teknologi sosmed aja harus ajudan yang pegang berita sosmed kudu sama si teddy yang kasih tau wawlahi gw tiap kali buka instagram kenyataannya gak kayak fotofoto media presiden capek gw ngelaknat pemerintah melulu']"
112,21,112_pembenci_mohon_maaf_bagi,"['pembenci', 'mohon', 'maaf', 'bagi', 'para', 'presiden', '', '', '', '']","['mohon maaf bagi para pembenci presiden', 'mohon maaf bagi para pembenci presiden', 'mohon maaf bagi para pembenci presiden']"
113,20,113_pusat_pulihkan_pasca_bangkit,"['pusat', 'pulihkan', 'pasca', 'bangkit', 'pemerintah', 'dukungan', 'infrastruktur', 'darurat', 'penuh', 'bawah']","['pemerintah pusat di bawah arahan presiden prabowo siap memberi dukungan penuh pembangunan jalur darurat prabowo pulihkan infrastruktur agar bangsa bangkit pasca bencana', 'pemerintah pusat memberi dukungan penuh sesuai arahan presiden prabowo prabowo pulihkan infrastruktur agar daerah terdampak bangkit pasca bencana', 'pemerintah pusat di bawah arahan presiden prabowo prabowo pulihkan infrastruktur demi bangkit pasca bencana']"
114,20,114_dubes_ri_miring_komentarnya,"['dubes', 'ri', 'miring', 'komentarnya', 'usulkan', 'membela', 'bersangkutan', 'melayani', 'melindungi', 'pdhal']","['sbg anggota komisi sy usulkan kpd agar segera menarik n mengganti dubes ri di saudi yg bersangkutan sdh berada di sana hampir tahun komentarnya selalu miring soal habib rizieq shihab pdhal dubes ri seharusnya melayani melindungi n membela warga ri', 'sbg anggota komisi sy usulkan kpd agar segera menarik n mengganti dubes ri di saudi yg bersangkutan sdh berada di sana hampir tahun komentarnya selalu miring soal habib rizieq shihab pdhal dubes ri seharusnya melayani melindungi n membela warga ri', 'sbg anggota komisi sy usulkan kpd agar segera menarik n mengganti dubes ri di saudi yg bersangkutan sdh berada di sana hampir tahun komentarnya selalu miring soal habib rizieq shihab pdhal dubes ri seharusnya melayani melindungi n membela warga ri']"
115,20,115_diplomat_diplomatik_kemenlu_seorg,"['diplomat', 'diplomatik', 'kemenlu', 'seorg', 'hubungan', 'birokrasi', 'sumpah', 'dibawah', 'peduli', 'speakingnya']","['jokowi yg ktnya gk pinter aja ttp menempatkan seorg diplomat sbg menlu krn dia tau pentingnya pengetahuan diplomatik seorg menlu prabowo malah nunjuk seorg disertir tentara yg tahunan wara wiri jd pengawal dia bawain handuk kecil basah utk menyeka mukanya utk jd menlu', 'diplomat tuh corong pemrenta kak apalagi kan menlu nya bkn diplomat karir tp org kepercayaan onoh jadiya ga bisa diarepin pun', 'diplomat kosaku kuroda ini influence terbesar memutuskan untuk mau menjadi diplomat ambil s ilmu politik belajar dan cari cara buat bisa lolos cpns kemenlu tapi gagal biasalah karena brokenheart dan losing muse and motivation to reach that dream again']"
116,20,116_beliau_terisolasi_zonauang_bahagian,"['beliau', 'terisolasi', 'zonauang', 'bahagian', 'capek', 'riba', 'yixing', 'nikmal', 'donasi', 'menutupi']","['keren banget sih rakyat di sana tetap tegar amp sabar presiden prabowo juga udah siapin rencana alokasi perumahan buat warga terdampak lho ini bukti kalo pemerintah beneran hadir amp peduli semangat terus buat semua ayo kita samasama dukung zonauang', 'nggak cuma itu akses jalan ke daerah terisolasi kayak takengon amp bener meriah juga lagi digeber biar cepet kebuka lagi presiden prabowo bahkan ngecek sendiri proses pembukaan akses ini biar warga di sana nggak makin terisolasi jalan ke aceh zonauang', 'akan selalu ada sekelompok org yg terusterusan membenci beliau memfitnah beliau bhkn mencaci beliau saat beliau terjun lngsng memantau keadaan di aceh beliau bukan presiden beliau bukan pejabat jadi stop your nonsense even your mouth contributes nothing to this country']"
117,19,117_purn_tni_hor_jenderal,"['purn', 'tni', 'hor', 'jenderal', 'lettu', 'menkopolkam', 'letjen', 'djamari', 'chaniago', 'sjamsoeddin']","['jabatan penting negara saat ini presiden ri jenderal tni hor purn prabowo seskab letkol tni teddy menkopolkam letjen tni purn djamari chaniago menhan jenderal tni hor purn sjafrie sjamsoeddin menlu lettu tni soegiono menko bidang infrastruktur dan pembangunan', 'jabatan penting negara saat ini presiden ri jenderal tni hor purn prabowo seskab letkol tni teddy menkopolkam letjen tni purn djamari chaniago menhan jenderal tni hor purn sjafrie sjamsoeddin menlu lettu tni soegiono menko bidang infrastruktur dan pembangunan', 'jabatan penting negara saat ini presiden ri jenderal tni hor purn prabowo seskab letkol tni teddy menkopolkam letjen tni purn djamari chaniago menhan jenderal tni hor purn sjafrie sjamsoeddin menlu lettu tni soegiono menko bidang infrastruktur dan pembangunan']"
118,19,118_bwat_babu_tuan_beres,"['bwat', 'babu', 'tuan', 'beres', 'kirim', 'kuasa', 'perintahkan', 'punya', 'alat', 'tongkat']","['tuan presiden memang gak punya tongkat tapi kan punya kuasa bwat perintahkan semua babu nya bwat segera kirim ratusan alat berat bwat beres pasca bencana', 'tuan presiden memang gak punya tongkat tapi kan punya kuasa bwat perintahkan semua babu nya bwat segera kirim ratusan alat berat bwat beres pasca bencana', 'tuan presiden memang gak punya tongkat tapi kan punya kuasa bwat perintahkan semua babu nya bwat segera kirim ratusan alat berat bwat beres pasca bencana']"
119,19,119_dgn_as_yg_tidak,"['dgn', 'as', 'yg', 'tidak', 'berpendirian', 'bermitra', 'sungkantakut', 'iraq', 'penurut', 'south']","['saya heran membaca pernyataan re venezuela yg sangat standar dan sama sekali tidak menyebut amerika serikat sejak kapan kita sungkantakut mengkritik kawan yg lakukan pelanggaran hukum internasional kenapa menlu sugiono sampai sekarang tidak bersuara padahal dunia menunggu pandangan sbg pemain global south yg penting ini momen perlu percaya diri menunjukkan sikap sama ketika kita dulu menentang invasi as thdp iraq bebas aktif itu artinya berani berpendirian bermitra dgn as dan dgn negara manapun tidak boleh menjadikan negara penurut yg mengorbankan hal yg prinsipil', 'saya heran membaca pernyataan re venezuela yg sangat standar dan sama sekali tidak menyebut amerika serikat sejak kapan kita sungkantakut mengkritik kawan yg lakukan pelanggaran hukum internasional kenapa menlu sugiono sampai sekarang tidak bersuara padahal dunia menunggu pandangan sbg pemain global south yg penting ini momen perlu percaya diri menunjukkan sikap sama ketika kita dulu menentang invasi as thdp iraq bebas aktif itu artinya berani berpendirian bermitra dgn as dan dgn negara manapun tidak boleh menjadikan negara penurut yg mengorbankan hal yg prinsipil', 'saya heran membaca pernyataan re venezuela yg sangat standar dan sama sekali tidak menyebut amerika serikat sejak kapan kita sungkantakut mengkritik kawan yg lakukan pelanggaran hukum internasional kenapa menlu sugiono sampai sekarang tidak bersuara padahal dunia menunggu pandangan sbg pemain global south yg penting ini momen perlu percaya diri menunjukkan sikap sama ketika kita dulu menentang invasi as thdp iraq bebas aktif itu artinya berani berpendirian bermitra dgn as dan dgn negara manapun tidak boleh menjadikan negara penurut yg mengorbankan hal yg prinsipil']"
120,19,120_menawarkan_dihubungi_disampaikannya_mengaku,"['menawarkan', 'dihubungi', 'disampaikannya', 'mengaku', 'sumatera', 'paripurna', 'sidang', 'istana', 'bandang', 'barat']","['presiden prabowo subianto mengaku dihubungi oleh banyak kepala negara yang menawarkan bantuan untuk penanganan bencana banjir bandang dan tanah longsor di aceh sumatera utara dan sumatera barat pernyataan itu disampaikannya dalam sidang kabinet paripurna di istana negara', 'presiden prabowo subianto mengaku dihubungi oleh banyak kepala negara yang menawarkan bantuan untuk penanganan bencana banjir bandang dan tanah longsor di aceh sumatera utara dan sumatera barat pernyataan itu disampaikannya dalam sidang kabinet paripurna di istana negara', 'presiden prabowo subianto mengaku dihubungi oleh banyak kepala negara yang menawarkan bantuan untuk penanganan bencana banjir bandang dan tanah longsor di aceh sumatera utara dan sumatera barat pernyataan itu disampaikannya dalam sidang kabinet paripurna di istana negara']"
121,19,121_pasca_pulihkan_bangkit_infrastruktur,"['pasca', 'pulihkan', 'bangkit', 'infrastruktur', 'akses', 'bencana', 'kunci', 'bergerak', 'demi', 'masyarakat']","['ketika akses terbuka harapan ikut menyala prabowo pulihkan infrastruktur agar ekonomi warga kembali bergerak dan bangkit pasca bencana', 'prabowo pulihkan infrastruktur di banyak titik terdampak bencana karena akses jalan adalah kunci masyarakat bangkit pasca bencana', 'prabowo pulihkan infrastruktur lewat percepatan akses darurat agar masyarakat bangkit pasca bencana']"
122,18,122_cair_semuatanganibencana_provinsi_rp,"['cair', 'semuatanganibencana', 'provinsi', 'rp', 'bantuan', 'sudah', 'miliar', 'kota', 'kabupaten', 'dapat']","['bantuan presiden sudah cair provinsi dapat rp m kabupaten kota rp miliar semuatanganibencana', 'bantuan presiden sudah cair provinsi dapat m kabupaten kota dapat m semuatanganibencana', 'bantuan presiden sudah cair provinsi dapat m kabupaten dapat m semuatanganibencana']"
123,18,123_ganti_muka_kapolri_kecuali,"['ganti', 'muka', 'kapolri', 'kecuali', 'gk', 'bacolan', 'hehehesampe', 'gedeg', 'nampar', 'ngelempar']","['ganti presiden aja gk bs kah', 'fuck ganti presiden dah gw pengen ganti negara aja', 'presiden ga fungsi ganti aja ganti']"
124,17,124_punya_hiya_gini_dilawanresiko,"['punya', 'hiya', 'gini', 'dilawanresiko', 'intrumen', 'meong', 'naruta', 'play', 'silit', 'mendongeng']","['punya presiden yang luar biasa kayak gini', 'hampir punya presiden kayak gini', 'punya presiden gini banget']"
125,17,125_menangkap_pengadilan_membawanya_mengadilinya,"['menangkap', 'pengadilan', 'membawanya', 'mengadilinya', 'netanyahu', 'operasi', 'mengapa', 'terpilih', 'nicols', 'israel']","['jika as dapat melakukan operasi di venezuela untuk menangkap nicols maduro seorang presiden terpilih amp mengadilinya di pengadilan amerika lalu mengapa tidak mungkin untuk menangkap netanyahu dari israel dan membawanya ke pengadilan internasional', 'jika as dapat melakukan operasi di venezuela untuk menangkap nicols maduro seorang presiden terpilih amp mengadilinya di pengadilan amerika lalu mengapa tidak mungkin untuk menangkap netanyahu dari israel dan membawanya ke pengadilan internasional', 'jika as dapat melakukan operasi di venezuela untuk menangkap nicols maduro seorang presiden terpilih amp mengadilinya di pengadilan amerika lalu mengapa tidak mungkin untuk menangkap netanyahu dari israel dan membawanya ke pengadilan internasional']"
126,17,126_tertukar_sapa_tarakarta_pemberontakan,"['tertukar', 'sapa', 'tarakarta', 'pemberontakan', 'siapalah', 'ethes', 'bisikin', 'snow', 'yang', 'tersandera']","['betul presiden yang tertukar', 'presiden yg tertukar', 'presiden yg tertukar']"
127,17,127_dubes_ri_miring_komentarnya,"['dubes', 'ri', 'miring', 'komentarnya', 'usulkan', 'membela', 'bersangkutan', 'melayani', 'melindungi', 'pdhal']","['sbg anggota komisi sy usulkan kpd agar segera menarik n mengganti dubes ri di saudi yg bersangkutan sdh berada di sana hampir tahun komentarnya selalu miring soal habib rizieq shihab pdhal dubes ri seharusnya melayani melindungi n membela warga ri', 'sbg anggota komisi sy usulkan kpd agar segera menarik n mengganti dubes ri di saudi yg bersangkutan sdh berada di sana hampir tahun komentarnya selalu miring soal habib rizieq shihab pdhal dubes ri seharusnya melayani melindungi n membela warga ri', 'sbg anggota komisi sy usulkan kpd agar segera menarik n mengganti dubes ri di saudi yg bersangkutan sdh berada di sana hampir tahun komentarnya selalu miring soal habib rizieq shihab pdhal dubes ri seharusnya melayani melindungi n membela warga ri']"
128,17,128_dubes_ri_miring_komentarnya,"['dubes', 'ri', 'miring', 'komentarnya', 'usulkan', 'membela', 'bersangkutan', 'melayani', 'melindungi', 'pdhal']","['sbg anggota komisi sy usulkan kpd agar segera menarik n mengganti dubes ri di saudi yg bersangkutan sdh berada di sana hampir tahun komentarnya selalu miring soal habib rizieq shihab pdhal dubes ri seharusnya melayani melindungi n membela warga ri', 'sbg anggota komisi sy usulkan kpd agar segera menarik n mengganti dubes ri di saudi yg bersangkutan sdh berada di sana hampir tahun komentarnya selalu miring soal habib rizieq shihab pdhal dubes ri seharusnya melayani melindungi n membela warga ri', 'sbg anggota komisi sy usulkan kpd agar segera menarik n mengganti dubes ri di saudi yg bersangkutan sdh berada di sana hampir tahun komentarnya selalu miring soal habib rizieq shihab pdhal dubes ri seharusnya melayani melindungi n membela warga ri']"
129,17,129_more_cosplay_cc_thank,"['more', 'cosplay', 'cc', 'thank', 'amiin', 'you', 'nah', 'abs', 'itu', '']","['cc', 'thank you', 'more cosplay']"
130,17,130_video_ngoceh_dlm_suatu,"['video', 'ngoceh', 'dlm', 'suatu', 'nonton', 'dr', 'masalah', 'pembuat', 'pmbuat', 'pjbat']","['nkri ada dlm rongrongan bkn cuma pki nmn rongrongan dr bekas penjajah nkri australia mengapa bin amp bais jg kemenlu diam apalagi yg kerjanya cuma bikin uu menyengsarakan rakyat sadarkah pa lihat video kucing mujair tiktok', 'terlihat dlm video ini dia berperan sbg seorang pejabat yg punya kompetensi menilai suatu masalah dlm tata kelola pemerintahan pdhal tupoksinya adalah sbg penyampai pesan dr presiden kpd rakyat bukan pjbat pmbuat analisis atas suatu kebijakan atau pembuat opini', 'terlihat dlm video ini dia berperan sbg seorang pejabat yg punya kompetensi menilai suatu masalah dlm tata kelola pemerintahan pdhal tupoksinya adalah sbg penyampai pesan dr presiden kpd rakyat bukan pjbat pmbuat analisis atas suatu kebijakan atau pembuat opini']"
131,16,131_trump_donald_nato_ukraina,"['trump', 'donald', 'nato', 'ukraina', 'thailand', 'konflik', 'perang', 'kemboja', 'syarikat', 'lintasan']","['presiden trump tegaskan penanganan konflik ukraina butuh keseriusan ekstrem setiap langkah yang mainmain berpotensi memicu perang dunia ketiga baca detail peringatan trump narayapost trump ukraina perangdunia geopolitik', 'presiden trump tegaskan penanganan konflik ukraina butuh keseriusan ekstrem setiap langkah yang mainmain berpotensi memicu perang dunia ketiga baca detail peringatan trump narayapost trump ukraina perangdunia geopolitik', 'konflik thailandkemboja kemboja menutup semua pintu lintasan sempadannya dengan thailand selepas bangkok menafikan dakwaan presiden amerika syarikat as donald trump bahawa satu gencatan senjata telah dipersetujui buletintv sempadanditutup kembojathailand']"
132,16,132_cuma_omonomon_ngerjain_hati,"['cuma', 'omonomon', 'ngerjain', 'hati', 'gubernur', 'fungsi', 'kamu', 'alasan', 'meskipun', 'biar']","['mas kan ingin jadi presiden pada tahun untuk dicalonkan oleh pdip berani tidak menyelesaikan pik amppembangunan gedung padel dijln kapten tendean tanpa ijin pemda amp pemilik tanah girik cc kangmas presiden asli', 'jadi mana bisa presiden membatalkan kunjungan ke negaraan cuma garagara bencana ini aduh barisan sakit hati emg susah deh padahal kita udh punya presiden yang bisa kerja gak cuma omonomon malah dicari terus kesalahannya ganti rakyat aja siapapun yang jadi presiden', 'presiden jawa sipil wakil non jawa militer menteri kunci mendagri harun zain ekonom gubernur periode eks kopral trip front jatim menlu mochtar kusumatmaja ahli hukum laut menhan m panggabean jenderal batak menkeu ali wardhana ka bappenas samaun samadikun']"
133,16,133_diarak_memindahkan_provokatif_van,"['diarak', 'memindahkan', 'provokatif', 'van', 'menginjakinjak', 'unjuk', 'york', 'biadab', 'jalanan', 'new']","['biadab menginjakinjak harga diri pemimpin suatu negara presiden venezuela diarak di jalan raya as dalam sebuah unjuk kekuatan yang provokatif pasukan amerika serikat yang bersenjata lengkap terlihat memindahkan nicols maduro melalui jalanan new york dengan pintu van', 'biadab menginjakinjak harga diri pemimpin suatu negara presiden venezuela diarak di jalan raya as dalam sebuah unjuk kekuatan yang provokatif pasukan amerika serikat yang bersenjata lengkap terlihat memindahkan nicols maduro melalui jalanan new york dengan pintu van', 'biadab menginjakinjak harga diri pemimpin suatu negara presiden venezuela diarak di jalan raya as dalam sebuah unjuk kekuatan yang provokatif pasukan amerika serikat yang bersenjata lengkap terlihat memindahkan nicols maduro melalui jalanan new york dengan pintu van']"
134,16,134_konsesi_gajah_lahan_konservasi,"['konsesi', 'gajah', 'lahan', 'konservasi', 'seluas', 'tusam', 'miliknya', 'hutani', 'berasal', 'menyerahkan']","['presiden prabowo subianto menyerahkan konsesi lahan seluas hektar di aceh untuk program konservasi gajah lahan itu berasal dari konsesi miliknya melalui pt tusam hutani lestari baca di prabowosubianto aceh gajah', 'presiden prabowo subianto menyerahkan konsesi lahan seluas hektar di aceh untuk program konservasi gajah lahan itu berasal dari konsesi miliknya melalui pt tusam hutani lestari baca di prabowosubianto aceh gajah', 'presiden prabowo subianto menyerahkan konsesi lahan seluas hektar di aceh untuk program konservasi gajah lahan itu berasal dari konsesi miliknya melalui pt tusam hutani lestari baca di prabowosubianto aceh gajah']"
135,15,135_china_jepang_ketegangan_taiwan,"['china', 'jepang', 'ketegangan', 'taiwan', 'memicu', 'pbb', 'luhut', 'asiatimur', 'indonesiaupdate', 'isuglobal']","['sebagian orang menduga pembatalan ini berkaitan dengan meningkatnya ketegangan hubungan jepang china terutama setelah pernyataan pm jepang sanae takaichi mengenai isu taiwan yang memicu reaksi keras dari pihak china', 'menlu china menilai pernyataan pm jepang sudah melewati batas memicu ketegangan baru di asia timur narayapost china jepang geopolitik asiatimur isuglobal diplomasi beritaterkini indonesiaupdate', 'menlu china menilai pernyataan pm jepang sudah melewati batas memicu ketegangan baru di asia timur narayapost china jepang geopolitik asiatimur isuglobal diplomasi beritaterkini indonesiaupdate']"
136,15,136_program_mbg_dakwah_junior,"['program', 'mbg', 'dakwah', 'junior', 'proyek', 'win', 'sehatbersama', 'indonesiapeduli', 'quick', 'kesehatanuntuksemua']","['bupati adalah conductor dan arranger program mbg di daerah lumajang selama ini kepala daerah seolaholah hanya menjadi penonton dalam pelaksanaan program makan bergizi gratis mbg namun setelah keputusan presiden keppres nomor tahun tentang tim koordinas antar', 'program cek kesehatan gratis ini merupakan salah satu program quick win presiden prabowo subianto yang menyasar juta masyarakat sehatbersama kesehatanuntuksemua indonesiapeduli pemeriksaangratis', 'program cek kesehatan gratis ini merupakan salah satu program quick win presiden prabowo subianto yang menyasar juta masyarakat sehatbersama kesehatanuntuksemua indonesiapeduli pemeriksaangratis']"
137,15,137_australia_pantai_bondi_sydney,"['australia', 'pantai', 'bondi', 'sydney', 'penembakan', 'sehubungan', 'hanukkah', 'insiden', 'serangan', 'perayaan']","['presiden parlemen eropa roberta metsola bereaksi lewat cuitan x sehubungan insiden pantai bondi saya benarbenar ngeri melihat gambargambar yang muncul tentang serangan mengerikan terhadap begitu banyak orang di pantai bondi saat perayaan hanukkah dimulai di sydney', 'presiden volodymyr zelensky bereaksi sehubungan insiden pantai bondi ukraina menyatakan solidaritasnya dengan australia dalam menghadapi serangan teroris brutal di pantai bondi sydney yang menargetkan komunitas yahudi pada awal hanukkah kami menyampaikan belasungkawa kepa', 'kaja kallas wakil presiden komisi eropa sehubungan insiden pantai bondi saya sangat terkejut dengan gambargambar mengerikan dari penembakan saat perayaan hanukkah di pantai bondi australia']"
138,15,138_perkara_metro_polda_jaya,"['perkara', 'metro', 'polda', 'jaya', 'ijazah', 'khusus', 'joko', 'widodo', 'gelar', 'palsu']","['sudah berlangsung selama jam gelar perkara khusus kasus dugaan ijazah palsu presiden ke ri joko widodo yang digelar polda metro jaya atas permintaan roy suryo cs senin fae', 'kuasa hukum roy suryo cs menegaskan akan menyoroti sejumlah aspek dalam gelar perkara khusus terkait kasus dugaan ijazah palsu presiden ke ri joko widodo yang digelar di polda metro jaya senin baca di sini ta roysuryo ijazah jokowi', 'polda metro jaya menjadwalkan gelar perkara khusus terkait kasus tudingan ijazah palsu presiden ke ri joko widodo pada senin desember pihak joko widodo menyatakan siap menghadiri gelar perkara khusus tersebut sesuai undangan dari polda metro jaya kuasa hukum']"
139,15,139_dibandingin_atau_dikomentari_donnie,"['dibandingin', 'atau', 'dikomentari', 'donnie', 'pengamatan', 'syahrir', 'manteman', 'kejauhan', 'malik', 'adam']","['gara invasi donnie ke venezuela jangan kejauhan dibandingin dengan syahrir atau agus salim atau adam malik deh coba dibandingin sama yg paling deket barusan retno marsudi silakan dikomentari kinerja menlu kita sesuai pengamatan manteman', 'gara invasi donnie ke venezuela jangan kejauhan dibandingin dengan syahrir atau agus salim atau adam malik deh coba dibandingin sama yg paling deket barusan retno marsudi silakan dikomentari kinerja menlu kita sesuai pengamatan manteman', 'gara invasi donnie ke venezuela jangan kejauhan dibandingin dengan syahrir atau agus salim atau adam malik deh coba dibandingin sama yg paling deket barusan retno marsudi silakan dikomentari kinerja menlu kita sesuai pengamatan manteman']"
140,14,140_eksternal_mrpresiden_kelen_polandia,"['eksternal', 'mrpresiden', 'kelen', 'polandia', 'wartawan', 'militer', 'indon', 'ruang', 'jkw', 'bilateral']","['pejabat indon sengaja ngebiarin amp gk menetapkan bencana nasional biar gk ngeluarin duit lbh amp berharap bantuan internasional tnp hrus ngasih tau scr resmi emg bgsd kelen pejabat indon ketika butuh suara ampe pelosok negeri kelen datangi giliran mrk butuh bantuan kalian diamkan', 'komposisi kader pdip andai capres nya menang menkoeko eksternal menkopolhukam edy rahmayadiorang eksternalafiliasi menko pmk eksternal mendagri ganjar menlu salah satu wamenlupaman nya pemain timnas eksternal menkumham henry yoso', 'slm sy bkerja di eo kepresidenan jkw sllu mnghindar sesi bilateral menolak interview dg wartawan asing sekalinya intrview wartawan hrs dbriefing pertanyaan shg pihak protokoler dan kemenlu dpt menyiapkan jawaban utk jkw jd jgn bilang dia hebat kl smua settingan']"
141,14,141_foto_louvre_museum_namtan,"['foto', 'louvre', 'museum', 'namtan', 'sumatera', 'becak', 'disembunyiin', 'dikutip', 'dokumentasi', 'gubernurpresiden']","['ribuan pengunjung kecewa usai museum louvre paris perancis tutup pada senin penutupan museum louvre ini imbas aksi mogok kerja para pegawainya dikutip dari afp senin mereka menuntut penambahan staf louvre paris', 'namanya jg presiden npd dateng ke lokasi foto foto ngomong ngalur ngidul abis itu pulang yg penting udh ada dokumentasi', 'sepertinya udah menjalar ke yang lain model begini modal foto doang kerja abis foto tidur lagi atau ngeluyur']"
142,14,142_games_sea_atlet_menpora,"['games', 'sea', 'atlet', 'menpora', 'medali', 'bonus', 'erick', 'emas', 'miliar', 'thailand']","['menpora erick menegaskan bonus rp miliar di sea games bukan sekadar angka tapi bentuk dukungan serius presiden prabowo ke atlet nasional berita menpora olahragaindonesia seagames', 'bonus rp miliar untuk atlet sea games disebut menpora erick thohir sebagai bukti nyata komitmen presiden prabowo mendukung olahraga indonesia berita menpora erickthohir seagames', 'prestasi gemilang sea games atlet indonesia dapat bonus fantastis presiden prabowo turut menyampaikan rasa bangga dan salam kepada seluruh atlet sea games']"
143,13,143_produkproduk_tkdn_sepakat_hapus,"['produkproduk', 'tkdn', 'sepakat', 'hapus', 'syarat', 'trump', 'dengan', 'as', 'produk', 'ngajak']","['sepakat dengan trump prabowo hapus syarat tkdn produkproduk as', 'sepakat dengan trump prabowo hapus syarat tkdn produkproduk as', 'sepakat dengan trump prabowo hapus syarat tkdn produkproduk as']"
144,12,144_menekankan_kilat_diselesaikan_layak,"['menekankan', 'kilat', 'diselesaikan', 'layak', 'konstruksi', 'huniankorbanbencana', 'memulihkan', 'menempati', 'proses', 'aman']","['presiden prabowo menekankan agar proses konstruksi harus diselesaikan secara kilat demi memastikan masyarakat dapat kembali menempati tempat tinggal yg layak dan aman ketersediaan bahan pokok juga akan menjadi pembahasan utama huniankorbanbencana memulihkan warga terdampak', 'presiden prabowo menekankan supaya proses konstruksi segera diselesaikan secara kilat untuk memastikan masyarakat agar bisa kembali menempati tempat tinggal yang layak dan aman huniankorbanbencana memulihkan warga terdampak', 'presiden prabowo menekankan agar proses konstruksi harus diselesaikan secara kilat demi memastikan masyarakat dapat kembali menempati tempat tinggal yang layak dan aman huniankorbanbencana memulihkan warga terdampak']"
145,12,145_geopolitik_catatan_petani_sdmpetaniunggul,"['geopolitik', 'catatan', 'petani', 'sdmpetaniunggul', 'petanigodigital', 'avic', 'geostrategis', 'geografi', 'nahkoda', 'lumbung']","['catatan geostrategis internasional petani indonesia sebagai nahkoda arah bangsabangsa membangun dunia baru sdmpetaniunggul petanigodigital ccpresiden amp kanda menteri', 'siap kandasuksesampsehat selalu kanda menteri laporan catatan geopolitik internasional petani indonesia menuju lumbung pangan dunia yang damai sdmpetaniunggul petanigodigital ccpresiden amp mas', 'catatan geopolitik internasional petani indonesia menuju lumbung pangan dunia yang damai sdmpetaniunggul petanigodigital ccpresident kanda menteri mas']"
146,12,146_bank_profesor_universitas_alumni,"['bank', 'profesor', 'universitas', 'alumni', 'pendiri', 'pernah', 'ahli', 'bumn', 'serangan', 'merasa']","['yayasan bank rakyat ybr hadir pada majlis makan malam alumni mcoba yang menghimpunkan barisan kepimpinan berprestij termasuk presiden alumni tunku khurshiah college tkc oga datuk dr hafsah hashim dan', 'kenapa ya orang yang pernah jadi petinggi militer pernah menculik tapi tidak pernah diproses hukum pernah jadi menantu presiden bahkan bapaknya adalah seorang profesor ekonomi kakeknya pendiri bank bumn punya kecenderungan untuk merasa dirinya yang paling penting', 'mungkin karena latar belakang keluarga bergengsi seperti ayah profesor ekonomi dan kakek pendiri bank bumn karir militer tinggi serta hubungan dengan presiden membuat seseorang merasa punya peran krusial studi psikologi menunjukkan privilege sering ciptakan rasa berhak dan']"
147,12,147_nguji_ngajarin_kesabaran_sabar,"['nguji', 'ngajarin', 'kesabaran', 'sabar', 'usah', 'wni', 'gw', 'nih', 'banget', 'ga']","['ga usah ngajarin gw sabar jadi wni aja udah nguji kesabaran banget nih', 'ga usah ngajarin gw sabar jadi wni aja udah nguji kesabaran banget nih', 'ga usah ngajarin gw sabar jadi wni aja udah nguji kesabaran banget nih']"
148,12,148_huntara_huntap_huniankorbanbencana_hunian,"['huntara', 'huntap', 'huniankorbanbencana', 'hunian', 'memulihkan', 'sumatra', 'terdampak', 'pembangunan', 'sementara', 'warga']","['presiden prabowo perintahkan percepatan huntara dan huntap di sumatra langkah cepat negara hadir untuk memulihkan warga terdampak pascabencana huniankorbanbencana', 'presiden perintah percepatan pembangunan hunian sementara huntara dan hunian tetap huntap bagi seluruh korban bencana di sumatra huniankorbanbencana memulihkan warga terdampak', 'presiden prabowo secara tegas mendesak pembangunan hunian sementara huntara dan hunian tetap huntap bagi seluruh warga di sumatra huniankorbanbencana memulihkan warga terdampak']"
149,12,149_diuji_nabi_firaun_penyakit,"['diuji', 'nabi', 'firaun', 'penyakit', 'kemiskinan', 'nuh', 'ngeres', 'ayyub', 'pemerintahnya', 'planga']","['nabi nuh diuji dengan bencana nabi ayyub diuji dengan penyakit dan kemiskinan nabi musa diuji dengan firaun dan wni diuji dengan bencana penyakit kemiskinan dan pemerintahnya yang mirip firaun dan punya wapres yang planga plongo dan otak yg ngeres', 'nabi nuh diuji dengan bencana nabi ayyub diuji dengan penyakit dan kemiskinan nabi musa diuji dengan firaun dan wni diuji dengan bencana penyakit kemiskinan dan pemerintahnya yang mirip firaun dan punya wapres yang planga plongo dan otak yg ngeres', 'nabi nuh diuji dengan bencana nabi ayyub diuji dengan penyakit dan kemiskinan nabi musa diuji dengan firaun dan wni diuji dengan bencana penyakit kemiskinan dan pemerintahnya yang mirip firaun dan punya wapres yang planga plongo dan otak yg ngeres']"
150,12,150_bahas_kumpulkan_percepatan_hunian,"['bahas', 'kumpulkan', 'percepatan', 'hunian', 'korban', 'hambalang', 'sumatera', 'huniankorbanbencana', 'libur', 'panggil']","['presiden prabowo kumpulkan mentri bahas percepatan hunian korban bencana sumatera huniankorbanbencana memulihkan warga terdampak', 'presiden prabowo kumpulkan menteri bahas percepatan hunian korban bencana sumatera', 'presiden prabowo kumpulkan menteri bahas percepatan hunian korban bencana sumatera huniankorbanbencana memulihkan warga terdampak']"
151,12,151_hambalang_rapat_hunian_huniankorbanbencana,"['hambalang', 'rapat', 'hunian', 'huniankorbanbencana', 'korban', 'pembangunan', 'percepatan', 'dorong', 'memulihkan', 'terdampak']","['rapat darurat di hambalang menegaskan fokus presiden prabowo pada percepatan hunian dan pemenuhan kebutuhan dasar korban bencana huniankorbanbencana memulihkan warga terdampak', 'rapat di hambalang presiden prabowo dorong percepat pembangunan hunian korban bencana untuk memulihkan warga terdampak huniankorbanbencana', 'rapat di hambalang presiden prabowo dorong percepatan pembangunan hunian korban bencana huniankorbanbencana memulihkan warga terdampak']"
152,12,152_rehabilitasi_indonesiabangkit_tanggapbencana_fase,"['rehabilitasi', 'indonesiabangkit', 'tanggapbencana', 'fase', 'jangka', 'negarahadir', 'panjang', 'sumatera', 'prioritas', 'barat']","['pasca banjir dan longsor di aceh sumatera utara dan sumatera barat pemerintah masuk fase rehabilitasi dan rekonstruksi presiden prabowo subianto menegaskan pemulihan jangka panjang sebagai prioritas nasional negarahadir tanggapbencana indonesiabangkit', 'pasca banjir dan longsor di aceh sumatera utara dan sumatera barat pemerintah masuk fase rehabilitasi dan rekonstruksi presiden prabowo subianto menegaskan pemulihan jangka panjang sebagai prioritas nasional negarahadir tanggapbencana indonesiabangkit', 'pasca banjir dan longsor di aceh sumatera utara dan sumatera barat pemerintah masuk fase rehabilitasi dan rekonstruksi presiden prabowo subianto menegaskan pemulihan jangka panjang sebagai prioritas nasional negarahadir tanggapbencana indonesiabangkit']"
153,11,153_lain_bisnis_bila_orang,"['lain', 'bisnis', 'bila', 'orang', 'ceritakan', 'beluk', 'eiitts', 'topik', 'dibumi', 'crab']","['para menlu negaranegara kelompok tujuh g merampungkan pertemuan mereka yang berlangsung selama dua hari pada rabu dengan mengeluarkan pernyataan bersama yang membahas krisis ukraina dan situasi di timur tengah serta beberapa topik lainnya', 'atas nama agama kedatangan mereka diterima yg padahal kelakuan dan budaya buruk sedang dipertontonkan yg bila dibiarkan hanya akan membuat gaduh negara ini usir dan kembalikan mereka dari negeri ini', 'pernah baca benar kt menlu cina bila suatu negara akan dikuasai oligarqi maka pengaruhi polisi kpk amp kpu diangkat jokowi faham kan']"
154,11,154_juga_lu_teges_wapres,"['juga', 'lu', 'teges', 'wapres', 'sawit', 'dzolim', 'ngk', 'masing', 'duduk', 'itulah']","['padahal secara kepemimpinan ya sby juga gak bisa dibilang lulus kkm tapi kalau perbandingannya saat ini kebanting jauh salah satu yang membedakan ya wapres dua periode setidaknya antara presiden dan wapres masih punya visimisi yang jelas perihal gagal itu urusan berbeda', 'karena dari awal mqf juga ada buat ngedukung keduanya gaada presiden an dukung karir masing masing kurang bersyukur apa cb dari lama dipisahin tp sekalinya ada momen hypenya kenceng bgt kalo ada momen ya syukur ngga ya yauda masi aja ada yg salty', 'mengadi negeri gimana lu gak teges pas ada ruu kuhp disahkan lu gak teges pas bencana dan lu juga yang punya lahan sawit dengan luas hektar dan lu presiden dan punya sawit jujur gw takut qrt gini bentar gw gembokan dulu']"
155,11,155_nepalkanpejabatbusuk_nepalkan_nepal_melawan,"['nepalkanpejabatbusuk', 'nepalkan', 'nepal', 'melawan', 'putusan', 'tenda', 'pm', 'berpenghuni', 'assegaf', 'genzmilenial']","['presiden prabowo diminta pecat bahlil dan dirut pln buntut kebohongan soal listrik di aceh pulih nepalkanpejabatbusuk nepalkanpejabatbusuk', 'nepalkanpejabatbusuk nepalkanpejabatbusuk kapolri melawan presiden dan mk kesimpulannya apa', 'nepalkan pejabat busuk semakin hari negara semakin kacau polri berani melawan putusan mk dgn putusan kapolri yg menetapkan anggota polri boleh menduduki jabatan sipil pak msh presiden ri nepalkanpejabatbusuk nepalkanpejabatbusuk']"
156,11,156_optimisme_evakuasiprioritas_dukasumateradukakita_pemerintahcepattanggap,"['optimisme', 'evakuasiprioritas', 'dukasumateradukakita', 'pemerintahcepattanggap', 'sinergiuntuknegeri', 'berbagi', 'haru', 'tumbuh', 'empati', 'bertemu']","['haru saat pemimpin datang dengan empati harapan tumbuh presiden prabowo bertemu korban banjir aceh berbagi kekuatan dan optimisme sinergiuntuknegeri pemerintahcepattanggap negarahadir dukasumateradukakita evakuasiprioritas', 'haru saat pemimpin datang dengan empati harapan tumbuh presiden prabowo bertemu korban banjir aceh berbagi kekuatan dan optimisme sinergiuntuknegeri pemerintahcepattanggap negarahadir dukasumateradukakita evakuasiprioritas', 'haru saat pemimpin datang dengan empati harapan tumbuh presiden prabowo bertemu korban banjir aceh berbagi kekuatan dan optimisme sinergiuntuknegeri pemerintahcepattanggap negarahadir dukasumateradukakita evakuasiprioritas']"
157,11,157_km_lorong_patuhi_papan,"['km', 'lorong', 'patuhi', 'papan', 'ditutup', 'penyelenggaraan', 'awas', 'harap', 'tanda', 'maklum']","['hrs awas kerja penyelenggaraan km km arah selatan dari klia ke bandar serenia lorong kanan ditutup patuhi arahan papan tanda harap maklum', 'hrs awas kerja penyelenggaraan km km arah selatan dari alor pongsu ke bukit merah lorong kanan ditutup patuhi arahan papan tanda harap maklum', 'hrs awas kerja penyelenggaraan km km arah selatan dari alor pongsu ke bukit merah lorong kanan ditutup patuhi arahan papan tanda harap maklum']"
158,11,158_kerjanyata_pantes_buat_punya,"['kerjanyata', 'pantes', 'buat', 'punya', 'tanggapanya', 'kelilingi', 'aksinyata', 'tendanya', 'pujian', 'benarkah']","['pantes kita punya presiden pembohong gendut', 'miris sih jadi sebenernya tendanya buat siapa buat korban apa buat presiden', 'respect buat presiden prabowo janji pasti dipenuhi apalagi soal kebutuhan dasar rakyat action nyata bukan cuma wacana prabowo aksinyata acehtamiang presidenprabowo']"
159,11,159_pembenci_mohon_maaf_bagi,"['pembenci', 'mohon', 'maaf', 'bagi', 'para', 'presiden', '', '', '', '']","['mohon maaf bagi para pembenci presiden', 'mohon maaf bagi para pembenci presiden', 'mohon maaf bagi para pembenci presiden']"
160,11,160_hunian_sumatra_pembangunan_warga,"['hunian', 'sumatra', 'pembangunan', 'warga', 'huniankorbanbencana', 'sementara', 'terdampak', 'tetap', 'memulihkan', 'seluruh']","['pembangunan hunian sementara dan hunian tetap untuk seluruh warga terdampak bencana di sumatra presiden ingin secepat mungkin segera selesai terbangun jelasnya', 'dalam rangka pemulihan bencana presiden prabowo secara tegas mendesak pembangunan hunian sementara dan hunian tetap bagi seluruh warga di sumatra dipercepat secepatnya huniankorbanbencana memulihkan warga terdampak', 'presiden prabowo subianto secara tegas mendesak pembangunan hunian sementara dan hunian tetap bagi seluruh warga di sumatra agar dipercepat huniankorbanbencana memulihkan warga terdampak']"
161,11,161_kuripan_monitoring_tanaman_polsek,"['kuripan', 'monitoring', 'tanaman', 'polsek', 'bhabinkamtibmas', 'pertumbuhan', 'albarokah', 'tani', 'melaksanakan', 'aipda']","['dukung asta cita presiden ri bhabinkamtibmas polsek kuripan aipda wawan adi dan briptu m nur hidayat bersama kelompok tani albarokah melaksanakan monitoring pertumbuhan tanaman jagung di desa jatisari kec kuripan kabupaten probolinggo sebagai wujud ketahanan pangan', 'dukung asta cita presiden ri bhabinkamtibmas polsek kuripan aipda wawan adi dan briptu m nur hidayat bersama kelompok tani albarokah melaksanakan monitoring pertumbuhan tanaman jagung di desa jatisari kec kuripan kabupaten probolinggo sebagai wujud ketahanan pangan', 'dukung asta cita presiden ri bhabinkamtibmas polsek kuripan aipda wawan adi dan briptu m nur hidayat bersama kelompok tani albarokah melaksanakan monitoring pertumbuhan tanaman jagung di desa jatisari kec kuripan kabupaten probolinggo sebagai wujud ketahanan pangan']"
162,10,162_abangku_orangtuaku_senshuurakunya_tanggal,"['abangku', 'orangtuaku', 'senshuurakunya', 'tanggal', 'pasokan', 'gagal', 'tapi', 'kerja', 'apply', 'dipaksakan']","['siapa pihak karimun mau blokir jg menlu aman soalnya lu diposting mulu ga di wa ga dimana ngeri asli smenjak donat pinkan baca iqra', 'sayangnya gue nggak mau nonton di hari kerja satusatunya jadwal yang pas cuman hari senshuurakunya di tanggal des sedangkan di tanggal tersebut ada acara pribadi yang sangat penting dan nggak bisa ditinggal tapi gue apply senshuurakunya rkj semoga menang', 'aku anak perempuan pertama kak aku mau membahagiakan kedua orangtuaku karna dulu orangtuaku hidupnya pernah dibantai sama abangku jadi dulu abangku pernah ikut seleksi tniad tapi gagal dan dia ikut seleksinya diluar kota setelah dia gagal dia dapet kerja dikota itu']"
163,10,163_ngong_ngang_buzzer_tukang,"['ngong', 'ngang', 'buzzer', 'tukang', 'pensiun', 'pencitraan', 'betul', 'tak', 'gausah', 'minta']","['admin benpro kok tega ya makan duit buzzer padahal saudara di sumatera betul betul tidak baik baik saja apa hati kecilnya ga tercubit makanya kalo udah waktunya pensiun ya pensiun jangan malah jadi presiden', 'bkn lebaran gausah minta maaf terus respon dr awal udh lambat bukan makin berbenah pake gamau dibantu asing dan sesumbar bencana bisa diatasin sendiri ternyata dibohongin anak buah dan masoh biasa aja kalo msh sering minta maaf gausah jd presiden', 'pdhl yg nyebarin pertama itu buzzer mu loh dinarasikan ngapain sok pencitraan kwkkwpas ketahuan pake pin presidenskrg muncul lagi narasi sprti inikerjaan kalian benr busuk']"
