Topic,Count,Name,Representation,Representative_Docs
-1,2987,-1_presiden_aja_kerja_ada,"['presiden', 'aja', 'kerja', 'ada', 'gak', 'jadi', 'ga', 'nya', 'ya', 'masih']","['dah d ksh kesempatan jd presiden bisa ambil kebijakan apapun yg dia mau tp msh minta tongkat nabi musa ya gak aja lah emang benar bapak hanya omon suara aja lantang tp ga tegas ambil kebijakan dan selalu percaya dgn bawahan yg penjilat abs sampekan ke majikanmu', 'soal listrik emang ada kendala di lapangan karena kondisi alam yang menantang dan beberapa wilayah masih banjir tapi presiden prabowo optimis dalam seminggu ke depan listrik bisa pulih kembali di sebagian besar area ini bukti pemerintah juga zonauang', 'gak jadi nabi pun gak apa pak gak punya tongkat nabi musa pun gak apa pak cuma jadi bapak yang sekarang dengan bener aja bisa gak sih bekerja lah selayaknya presiden pak']"
0,515,0_rekonstruksi_pascabencana_bangun_kembali,"['rekonstruksi', 'pascabencana', 'bangun', 'kembali', 'rumah', 'ketiga', 'prabowo', 'listrik', 'jalan', 'royong']","['presiden prabowo kembali ke daerah terdampak banjir longsor kali ketiga prabowo bangun kembali rekonstruksi pascabencana segera pulihkan rumah listrik jalan ajak gotong royong', 'kunjungan ketiga presiden prabowo menegaskan prabowo bangun kembali kehidupan warga rekonstruksi pascabencana berjalan rumah listrik dan jalan dipulihkan bersama semangat gotong royong', 'presiden prabowo kembali untuk ketiga kalinya ke lokasi banjir dan longsor membawa komitmen prabowo bangun kembali rumah warga diganti negara listrik jalan dan infrastruktur dipulihkan lewat rekonstruksi pascabencana gotong royong jadi kekuatan bersama']"
1,237,1_toti_maksudnya_sebelah_negaranya,"['toti', 'maksudnya', 'sebelah', 'negaranya', 'marah', 'malaysia', 'kayaknya', 'dewan', 'mata', 'dianggap']","['anggota dewan malaysia marah bantuan dari negaranya dianggap sebelah mata oleh seorang menteri dari indonesia toti kayaknya maksudnya', 'anggota dewan malaysia marah bantuan dari negaranya dianggap sebelah mata oleh seorang menteri dari indonesia toti kayaknya maksudnya', 'anggota dewan malaysia marah bantuan dari negaranya dianggap sebelah mata oleh seorang menteri dari indonesia toti kayaknya maksudnya']"
2,131,2_indonesia_rakyat_merdeka_sejarah,"['indonesia', 'rakyat', 'merdeka', 'sejarah', 'presiden', 'jakarta', 'indonesiaemas', 'republik', 'tapi', 'jadi']","['sekolah rakyat gagasan presiden prabowo wujudkan pendidikan inklusif amp hapus hambatan ekonomi bagi lapisan terbawah sekolahrakyat indonesiaemas', 'sekolah rakyat gagasan presiden prabowo wujudkan pendidikan inklusif amp hapus hambatan ekonomi bagi lapisan terbawah fondasi penting berlandaskan pancasila menuju indonesia emas sekolahrakyat indonesiaemas', 'sekolah rakyat gagasan presiden prabowo wujudkan pendidikan inklusif amp hapus hambatan ekonomi bagi lapisan terbawah fondasi penting berlandaskan pancasila menuju indonesia emas sekolahrakyat indonesiaemas']"
3,130,3_pengungsi_langkat_pengungsian_posko,"['pengungsi', 'langkat', 'pengungsian', 'posko', 'meninjau', 'man', 'tinjau', 'subianto', 'semuatanganibencana', 'kebutuhan']","['hal tersebut disampaikan presiden dalam keterangannya kepada masyarakat saat meninjau posko pengungsi di man langkat kabupaten langkat sumatera utara sabtu', 'hal tersebut disampaikan presiden dalam keterangannya kepada masyarakat saat meninjau posko pengungsi di man langkat kabupaten langkat sumatera utara sabtu', 'presiden prabowo tinjau korban terdampak banjir di posko pengungsian man langkat']"
4,121,4_rakyatnya_dia_jadi_presiden,"['rakyatnya', 'dia', 'jadi', 'presiden', 'mana', 'buahnya', 'orang', 'ada', 'bukan', 'pns']","['ini aku suka beliau karena dia sangat mengayomi pokoknya ini orang kalo jadi presiden langsung maju dah negaranya hidup ume selain itu dia tuh suka berkebun ramah juga orangnya pokoknya ini minusnya ga nyata doang', 'ya emg gampang cuma konteksnya beda ini pns yg kemarin bukan pns lha dikira sedikit bupatigubernur dan wakilnya itu dulu bukan pns banyak mantan sekda yg skrg jd pimpinan daerah tinggal ajukan pensiun atau resign bisa lsg nyalon presiden kalo emg ada parpol yg minat', 'bener ni orangdaribcaranya ngomong aja keliatanga tau apa progress kerjaan anak buahnya bener cuma omon doang pak bapak tuh jd presiden bukan cuma buat pidato doang pak kesel asli']"
5,100,5_penanganan_bencana_percepatan_terkendali,"['penanganan', 'bencana', 'percepatan', 'terkendali', 'terdampak', 'kesiapan', 'hambalang', 'libur', 'pastikan', 'cepat']","['presiden prabowo minta percepatan penanganan bencana sumatera', 'presiden prabowo minta percepatan penanganan bencana sumatera', 'presiden prabowo pimpin ratas bahas percepatan penanganan bencana dan kesiapan libur nataru presiden prabowo memanggil sejumlah menteri kabinet merah putih ke kediaman pribadinya di hambalang bogor jawa barat minggu untuk membahas penanganan bencana di sumatra']"
6,82,6_huniankorbanbencana_hunian_memulihkan_terdampak,"['huniankorbanbencana', 'hunian', 'memulihkan', 'terdampak', 'warga', 'korban', 'percepatan', 'pembangunan', 'bencana', 'membahas']","['presiden prabowo kumpulkan menteri untuk membahas percepatan hunian korban bencana sumatera huniankorbanbencana memulihkan warga terdampak', 'presiden dan menteri rapat kabinet untuk fokus membahas percepatan penyediaan hunian bagi korban bencana sumatera huniankorbanbencana memulihkan warga terdampak', 'presiden prabowo perintahkan percepatan hunian korban bencana huniankorbanbencana memulihkan warga terdampak']"
7,74,7_pak_apa_lg_pake,"['pak', 'apa', 'lg', 'pake', 'tdk', 'drs', 'menhan', 'sby', 'kami', 'aja']","['tunggu apa lg pak presiden pak menhan amp untuk basmi pengkhianat bangsa gerombolan s op tanpa kompromi lg awasgerombolansop', 'dari drs jd irjoko widodo aj dah ketahuan berijasah palsu rbt kl ga dipenjara akan membahayakan nkri apa lg lom jg dimakzulkan gibran cc pak presiden pak menhan amp', 'dari drs jd irjoko widodo aj dah ketahuan berijasah palsu rbt kl ga dipenjara akan membahayakan nkri apa lg lom jg dimakzulkan gibran cc pak presiden pak menhan amp awasgerombolansop']"
8,73,8_aku_mama_kerja_gua,"['aku', 'mama', 'kerja', 'gua', 'ku', 'ayah', 'kuliah', 'ibu', 'buat', 'ga']","['ternyata ayah kandung aku sejahat itu sama ibu jadi yang bikin aku pengen terus hidup ya ibu karna selama dia hidup aku rasa ibu ga pernah bahagia selalu rasa sakit yang dia terima sepanjang hidupnya ibu aku cuma kerja dan kerja demi aku dan ade i love ibu', 'dan minta maaf sama aku karna ga pernah bisa bikin keluarga yang cemara ibu sampe sekarang masih kerja dan aku sekarang kelas ibu selalu bilang untuk sukses dan kejar cita waktu itu ibu bilang ibu ikhlas kalo aku mau nyari ayah kandung ku tapi aku rasa', 'jujur di situ sedih bgt karna mama berjuang se begitu besarnya tiap malem pusing mikirin biaya kuliah skrg aku udh kerja jd mskpn cape aku selalu inget perjuangan mama sm bpk aku biar aku bisa kuliah jd aku mau bantu lunasin hutang mama yg dipake buat aku kuliah']"
9,67,9_dubes_ri_miring_komentarnya,"['dubes', 'ri', 'miring', 'komentarnya', 'usulkan', 'membela', 'bersangkutan', 'melayani', 'pdhal', 'melindungi']","['sbg anggota komisi sy usulkan kpd agar segera menarik n mengganti dubes ri di saudi yg bersangkutan sdh berada di sana hampir tahun komentarnya selalu miring soal habib rizieq shihab pdhal dubes ri seharusnya melayani melindungi n membela warga ri', 'sbg anggota komisi sy usulkan kpd agar segera menarik n mengganti dubes ri di saudi yg bersangkutan sdh berada di sana hampir tahun komentarnya selalu miring soal habib rizieq shihab pdhal dubes ri seharusnya melayani melindungi n membela warga ri', 'sbg anggota komisi sy usulkan kpd agar segera menarik n mengganti dubes ri di saudi yg bersangkutan sdh berada di sana hampir tahun komentarnya selalu miring soal habib rizieq shihab pdhal dubes ri seharusnya melayani melindungi n membela warga ri']"
10,67,10_suruh_siapa_jadi_tua,"['suruh', 'siapa', 'jadi', 'tua', 'lah', 'dukung', 'ngotot', 'presiden', 'lansia', 'lagian']","['lah siapa suruh jadi presiden', 'lah siapa suruh jadi presiden', 'suruh siapa jadi presiden']"
11,64,11_baik_baru_lebih_tahun,"['baik', 'baru', 'lebih', 'tahun', 'melangkah', 'menyala', 'maju', 'semakin', 'semangat', 'semoga']","['selamat tahun baru semoga di tahun yang baru ini kita dapat melangkah lebih baik dengan semangat yang terus menyala demi indonesia yang semakin maju dan lebih baik', 'selamat tahun baru semoga di tahun yang baru ini kita dapat melangkah lebih baik dengan semangat yang terus menyala demi indonesia yang semakin maju dan lebih baik', 'selamat tahun baru semoga di tahun yang baru ini kita dapat melangkah lebih baik dengan semangat yang terus menyala demi indonesia yang semakin maju dan lebih baik']"
12,62,12_bapak_kasad_bekerjasama_tni,"['bapak', 'kasad', 'bekerjasama', 'tni', 'beserta', 'tertimpa', 'membahu', 'hormat', 'ad', 'bahu']","['atas perintah bapak presiden tni ad bergerak cepat dalam upaya penanganan serta pemulihan bagi saudara kita yg tertimpa bencana hormat dan bangga bapak kasad tni beserta seluruh jajaran yg bahu membahu dan bekerjasama', 'atas perintah bapak presiden tni ad bergerak cepat dalam upaya penanganan serta pemulihan bagi saudara kita yg tertimpa bencana hormat dan bangga bapak kasad tni beserta seluruh jajaran yg bahu membahu dan bekerjasama', 'atas perintah bapak presiden tni ad bergerak cepat dalam upaya penanganan serta pemulihan bagi saudara kita yg tertimpa bencana hormat dan bangga bapak kasad tni beserta seluruh jajaran yg bahu membahu dan bekerjasama']"
13,60,13_dg_jokowi_amsterdam_paris,"['dg', 'jokowi', 'amsterdam', 'paris', 'bersihkan', 'bertanya', 'diaspora', 'jawaban', 'sigit', 'orangorang']","['dari diskusi dg diaspora di amsterdam dan paris semua bertanya ada apa dg presiden sehingga tdk berani bersihkan orangorang jokowi terutama kapolri jawaban saya hanya allah prabowo jokowi dan sigit yang tahu', 'dari diskusi dg diaspora di amsterdam dan paris semua bertanya ada apa dg presiden sehingga tdk berani bersihkan orangorang jokowi terutama kapolri jawaban saya hanya allah prabowo jokowi dan sigit yang tahu', 'dari diskusi dg diaspora di amsterdam dan paris semua bertanya ada apa dg presiden sehingga tdk berani bersihkan orangorang jokowi terutama kapolri jawaban saya hanya allah prabowo jokowi dan sigit yang tahu']"
14,60,14_menlu_nya_gblk_belum,"['menlu', 'nya', 'gblk', 'belum', 'apa', 'menkeu', 'min', 'wajah', 'wo', 'org']","['menlu bisa apa', 'subhanallah apakah pak menlu sudah pulang kampung melihat situasi nya pak menlu dari gayo aceh', 'menlu nya bisa di aja gak']"
15,59,15_transportasi_pulihkan_bangkit_pasca,"['transportasi', 'pulihkan', 'bangkit', 'pasca', 'ekonomi', 'infrastruktur', 'pusat', 'akses', 'mobilitas', 'darurat']","['presiden prabowo bahas pemulihan akses darurat prioritas prabowo pulihkan infrastruktur demi mobilitas warga cepat pulih pemerintah pusat pastikan dukungan penuh agar ekonomi dan transportasi segera bangkit pasca bencana kita bangkit bersama', 'presiden prabowo fokus pada pemulihan akses transportasi prabowo pulihkan infrastruktur agar ekonomi warga bangkit pasca bencana', 'presiden prabowo memastikan dukungan penuh pemerintah pusat untuk akses transportasi darurat prabowo pulihkan infrastruktur demi ekonomi rakyat bangkit pasca bencana']"
16,58,16_emanglah_menghabisi_radarada_politisi,"['emanglah', 'menghabisi', 'radarada', 'politisi', 'koruptor', 'bukannya', 'nunggu', 'tempat', 'ngapain', 'seharusnya']","['bukannya dia udah di tempat yang seharusnya bisa menghabisi koruptor ngapain nunggu jadi presiden politisi emanglah radarada semua', 'bukannya dia udah di tempat yang seharusnya bisa menghabisi koruptor ngapain nunggu jadi presiden politisi emanglah radarada semua', 'bukannya dia udah di tempat yang seharusnya bisa menghabisi koruptor ngapain nunggu jadi presiden politisi emanglah radarada semua']"
17,58,17_dg_jokowi_amsterdam_paris,"['dg', 'jokowi', 'amsterdam', 'paris', 'bersihkan', 'bertanya', 'diaspora', 'jawaban', 'sigit', 'orangorang']","['dari diskusi dg diaspora di amsterdam dan paris semua bertanya ada apa dg presiden sehingga tdk berani bersihkan orangorang jokowi terutama kapolri jawaban saya hanya allah prabowo jokowi dan sigit yang tahu', 'dari diskusi dg diaspora di amsterdam dan paris semua bertanya ada apa dg presiden sehingga tdk berani bersihkan orangorang jokowi terutama kapolri jawaban saya hanya allah prabowo jokowi dan sigit yang tahu', 'dari diskusi dg diaspora di amsterdam dan paris semua bertanya ada apa dg presiden sehingga tdk berani bersihkan orangorang jokowi terutama kapolri jawaban saya hanya allah prabowo jokowi dan sigit yang tahu']"
18,58,18_dibandingin_atau_dikomentari_donnie,"['dibandingin', 'atau', 'dikomentari', 'donnie', 'pengamatan', 'syahrir', 'manteman', 'kejauhan', 'malik', 'adam']","['gara invasi donnie ke venezuela jangan kejauhan dibandingin dengan syahrir atau agus salim atau adam malik deh coba dibandingin sama yg paling deket barusan retno marsudi silakan dikomentari kinerja menlu kita sesuai pengamatan manteman', 'gara invasi donnie ke venezuela jangan kejauhan dibandingin dengan syahrir atau agus salim atau adam malik deh coba dibandingin sama yg paling deket barusan retno marsudi silakan dikomentari kinerja menlu kita sesuai pengamatan manteman', 'gara invasi donnie ke venezuela jangan kejauhan dibandingin dengan syahrir atau agus salim atau adam malik deh coba dibandingin sama yg paling deket barusan retno marsudi silakan dikomentari kinerja menlu kita sesuai pengamatan manteman']"
19,58,19_dgn_as_yg_tidak,"['dgn', 'as', 'yg', 'tidak', 'berpendirian', 'bermitra', 'sungkantakut', 'iraq', 'penurut', 'south']","['saya heran membaca pernyataan re venezuela yg sangat standar dan sama sekali tidak menyebut amerika serikat sejak kapan kita sungkantakut mengkritik kawan yg lakukan pelanggaran hukum internasional kenapa menlu sugiono sampai sekarang tidak bersuara padahal dunia menunggu pandangan sbg pemain global south yg penting ini momen perlu percaya diri menunjukkan sikap sama ketika kita dulu menentang invasi as thdp iraq bebas aktif itu artinya berani berpendirian bermitra dgn as dan dgn negara manapun tidak boleh menjadikan negara penurut yg mengorbankan hal yg prinsipil', 'saya heran membaca pernyataan re venezuela yg sangat standar dan sama sekali tidak menyebut amerika serikat sejak kapan kita sungkantakut mengkritik kawan yg lakukan pelanggaran hukum internasional kenapa menlu sugiono sampai sekarang tidak bersuara padahal dunia menunggu pandangan sbg pemain global south yg penting ini momen perlu percaya diri menunjukkan sikap sama ketika kita dulu menentang invasi as thdp iraq bebas aktif itu artinya berani berpendirian bermitra dgn as dan dgn negara manapun tidak boleh menjadikan negara penurut yg mengorbankan hal yg prinsipil', 'saya heran membaca pernyataan re venezuela yg sangat standar dan sama sekali tidak menyebut amerika serikat sejak kapan kita sungkantakut mengkritik kawan yg lakukan pelanggaran hukum internasional kenapa menlu sugiono sampai sekarang tidak bersuara padahal dunia menunggu pandangan sbg pemain global south yg penting ini momen perlu percaya diri menunjukkan sikap sama ketika kita dulu menentang invasi as thdp iraq bebas aktif itu artinya berani berpendirian bermitra dgn as dan dgn negara manapun tidak boleh menjadikan negara penurut yg mengorbankan hal yg prinsipil']"
20,57,20_juga_lu_nyuruh_gak,"['juga', 'lu', 'nyuruh', 'gak', 'masing', 'kayak', 'tuh', 'sawit', 'ya', 'aja']","['mengadi negeri gimana lu gak teges pas ada ruu kuhp disahkan lu gak teges pas bencana dan lu juga yang punya lahan sawit dengan luas hektar dan lu presiden dan punya sawit jujur gw takut qrt gini bentar gw gembokan dulu', 'ga nyuruh jd presiden juga si', 'gak ada yg nyuruh juga lu jadi presiden gausa ngeluh semua orang juga kerja tupoksi nya masing masing']"
21,57,21_aja_jadi_kalo_ga,"['aja', 'jadi', 'kalo', 'ga', 'ganti', 'kan', 'ngomong', 'mah', 'nya', 'presiden']","['lagian suruh siapa udah tua tetep nyalonin presiden sampe kali lagi kalo ngeluh gausah jadi presiden lu wowo gemoy mending joget aja', 'kalo bapak gua jadi presiden jg bisa gua ini ngomong kek gini gausah jadi presiden dah masih idup aja udh syukur guaa', 'ih kenapa sih kalian kayak gt ke pak prabowo jangan jahat jahat jadi orang jadi presiden kan gak gampang jangan gitu ih kasian kontol kata gue emg pantes di kata katain kalo udah tua amp gak becus gak usah jadi presiden']"
22,55,22_kerja_yu_mulu_capek,"['kerja', 'yu', 'mulu', 'capek', 'dikitdikit', 'rodi', 'keras', 'cerdas', 'ya', 'kelompok']","['harus kerja ya', 'saatnya kerja kerja kerja', 'kerja']"
23,54,23_akalakalan_merangkap_dprd_jubir,"['akalakalan', 'merangkap', 'dprd', 'jubir', 'pilkada', 'lewat', 'menlu', 'ketus', 'tampang', 'tedy']","['menlu merangkap jubir akalakalan pilkada lewat dprd', 'menlu merangkap jubir akalakalan pilkada lewat dprd', 'menlu merangkap jubir akalakalan pilkada lewat dprd']"
24,53,24_sumatera_diplomasi_sugiono_kemlu,"['sumatera', 'diplomasi', 'sugiono', 'kemlu', 'kemenlu', 'bantuan', 'indonesia', 'asing', 'negeri', 'india']","['menteri luar negeri menlu sugiono secara resmi melepas ton bantuan kemanusiaan untuk korban bencana di tiga provinsi aceh sumatera utara dan sumatera barat dalam sebuah acara di kantor kemlu ri jakarta pada jumat siang bantuan yang dikumpulkan dari para', 'kemenkum dan kemenlu perkuat diplomasi terkait proposal indonesia di bidang royalti selengkapnya djki kekayaanintelektual kementerianhukum hakcipta layananhukummakinmudah setahunberdampak', 'kemenkum dan kemenlu perkuat diplomasi terkait proposal indonesia di bidang royalti selengkapnya djki kekayaanintelektual kementerianhukum hakcipta layananhukummakinmudah setahunberdampak']"
25,51,25_pembenci_mohon_maaf_bagi,"['pembenci', 'mohon', 'maaf', 'bagi', 'para', 'presiden', '', '', '', '']","['mohon maaf bagi para pembenci presiden', 'mohon maaf bagi para pembenci presiden', 'mohon maaf bagi para pembenci presiden']"
26,51,26_wn_brutal_terancam_area,"['wn', 'brutal', 'terancam', 'area', 'bersenjata', 'tambang', 'aksi', 'emas', 'serang', 'kedaulatan']","['kedaulatan negara sudah terancam secara nyata aksi brutal wn china bersenjata serang tni di area tambang emas', 'kedaulatan negara sudah terancam secara nyata aksi brutal wn china bersenjata serang tni di area tambang emas', 'kedaulatan negara sudah terancam secara nyata aksi brutal wn china bersenjata serang tni di area tambang emas']"
27,51,27_islam_dipukul_priuk_jamaah,"['islam', 'dipukul', 'priuk', 'jamaah', 'warsidi', 'lawannya', 'contohnya', 'orba', 'jaman', 'peristiwa']","['kalau jaman orba nih tni dipukul mundur gini ga lama balik lagi bawa pasukan ratusan orang contohnya saat peristiwa priuk dan jamaah warsidi apakah karena lawannya bukan orang islam dan bukan wni', 'kalau jaman orba nih tni dipukul mundur gini ga lama balik lagi bawa pasukan ratusan orang contohnya saat peristiwa priuk dan jamaah warsidi apakah karena lawannya bukan orang islam dan bukan wni', 'kalau jaman orba nih tni dipukul mundur gini ga lama balik lagi bawa pasukan ratusan orang contohnya saat peristiwa priuk dan jamaah warsidi apakah karena lawannya bukan orang islam dan bukan wni']"
28,51,28_dibandingin_atau_dikomentari_donnie,"['dibandingin', 'atau', 'dikomentari', 'donnie', 'pengamatan', 'manteman', 'syahrir', 'kejauhan', 'barusan', 'silakan']","['gara invasi donnie ke venezuela jangan kejauhan dibandingin dengan syahrir atau agus salim atau adam malik deh coba dibandingin sama yg paling deket barusan retno marsudi silakan dikomentari kinerja menlu kita sesuai pengamatan manteman', 'gara invasi donnie ke venezuela jangan kejauhan dibandingin dengan syahrir atau agus salim atau adam malik deh coba dibandingin sama yg paling deket barusan retno marsudi silakan dikomentari kinerja menlu kita sesuai pengamatan manteman', 'gara invasi donnie ke venezuela jangan kejauhan dibandingin dengan syahrir atau agus salim atau adam malik deh coba dibandingin sama yg paling deket barusan retno marsudi silakan dikomentari kinerja menlu kita sesuai pengamatan manteman']"
29,50,29_dgn_as_yg_tidak,"['dgn', 'as', 'yg', 'tidak', 'berpendirian', 'bermitra', 'sungkantakut', 'iraq', 'penurut', 'south']","['saya heran membaca pernyataan re venezuela yg sangat standar dan sama sekali tidak menyebut amerika serikat sejak kapan kita sungkantakut mengkritik kawan yg lakukan pelanggaran hukum internasional kenapa menlu sugiono sampai sekarang tidak bersuara padahal dunia menunggu pandangan sbg pemain global south yg penting ini momen perlu percaya diri menunjukkan sikap sama ketika kita dulu menentang invasi as thdp iraq bebas aktif itu artinya berani berpendirian bermitra dgn as dan dgn negara manapun tidak boleh menjadikan negara penurut yg mengorbankan hal yg prinsipil', 'saya heran membaca pernyataan re venezuela yg sangat standar dan sama sekali tidak menyebut amerika serikat sejak kapan kita sungkantakut mengkritik kawan yg lakukan pelanggaran hukum internasional kenapa menlu sugiono sampai sekarang tidak bersuara padahal dunia menunggu pandangan sbg pemain global south yg penting ini momen perlu percaya diri menunjukkan sikap sama ketika kita dulu menentang invasi as thdp iraq bebas aktif itu artinya berani berpendirian bermitra dgn as dan dgn negara manapun tidak boleh menjadikan negara penurut yg mengorbankan hal yg prinsipil', 'saya heran membaca pernyataan re venezuela yg sangat standar dan sama sekali tidak menyebut amerika serikat sejak kapan kita sungkantakut mengkritik kawan yg lakukan pelanggaran hukum internasional kenapa menlu sugiono sampai sekarang tidak bersuara padahal dunia menunggu pandangan sbg pemain global south yg penting ini momen perlu percaya diri menunjukkan sikap sama ketika kita dulu menentang invasi as thdp iraq bebas aktif itu artinya berani berpendirian bermitra dgn as dan dgn negara manapun tidak boleh menjadikan negara penurut yg mengorbankan hal yg prinsipil']"
30,48,30_dgn_as_yg_tidak,"['dgn', 'as', 'yg', 'tidak', 'berpendirian', 'bermitra', 'sungkantakut', 'iraq', 'penurut', 'south']","['saya heran membaca pernyataan re venezuela yg sangat standar dan sama sekali tidak menyebut amerika serikat sejak kapan kita sungkantakut mengkritik kawan yg lakukan pelanggaran hukum internasional kenapa menlu sugiono sampai sekarang tidak bersuara padahal dunia menunggu pandangan sbg pemain global south yg penting ini momen perlu percaya diri menunjukkan sikap sama ketika kita dulu menentang invasi as thdp iraq bebas aktif itu artinya berani berpendirian bermitra dgn as dan dgn negara manapun tidak boleh menjadikan negara penurut yg mengorbankan hal yg prinsipil', 'saya heran membaca pernyataan re venezuela yg sangat standar dan sama sekali tidak menyebut amerika serikat sejak kapan kita sungkantakut mengkritik kawan yg lakukan pelanggaran hukum internasional kenapa menlu sugiono sampai sekarang tidak bersuara padahal dunia menunggu pandangan sbg pemain global south yg penting ini momen perlu percaya diri menunjukkan sikap sama ketika kita dulu menentang invasi as thdp iraq bebas aktif itu artinya berani berpendirian bermitra dgn as dan dgn negara manapun tidak boleh menjadikan negara penurut yg mengorbankan hal yg prinsipil', 'saya heran membaca pernyataan re venezuela yg sangat standar dan sama sekali tidak menyebut amerika serikat sejak kapan kita sungkantakut mengkritik kawan yg lakukan pelanggaran hukum internasional kenapa menlu sugiono sampai sekarang tidak bersuara padahal dunia menunggu pandangan sbg pemain global south yg penting ini momen perlu percaya diri menunjukkan sikap sama ketika kita dulu menentang invasi as thdp iraq bebas aktif itu artinya berani berpendirian bermitra dgn as dan dgn negara manapun tidak boleh menjadikan negara penurut yg mengorbankan hal yg prinsipil']"
31,48,31_pasca_pulihkan_bangkit_infrastruktur,"['pasca', 'pulihkan', 'bangkit', 'infrastruktur', 'darurat', 'akses', 'bencana', 'prabowo', 'mobilitas', 'masyarakat']","['langkah nyata presiden prabowo fokus pada akses darurat dan pemulihan mobilitas rakyat prabowo pulihkan infrastruktur membuka jalan bangkit pasca bencana', 'fokus pemulihan nasional presiden prabowo bahas percepatan akses darurat prabowo pulihkan infrastruktur demi mobilitas rakyat dan ekonomi bangkit pasca bencana', 'presiden prabowo mendorong pembangunan akses darurat prabowo pulihkan infrastruktur supaya warga bangkit pasca bencana']"
32,48,32_baik_baru_lebih_tahun,"['baik', 'baru', 'lebih', 'tahun', 'melangkah', 'menyala', 'maju', 'semakin', 'semangat', 'semoga']","['selamat tahun baru semoga di tahun yang baru ini kita dapat melangkah lebih baik dengan semangat yang terus menyala demi indonesia yang semakin maju dan lebih baik', 'selamat tahun baru semoga di tahun yang baru ini kita dapat melangkah lebih baik dengan semangat yang terus menyala demi indonesia yang semakin maju dan lebih baik', 'selamat tahun baru semoga di tahun yang baru ini kita dapat melangkah lebih baik dengan semangat yang terus menyala demi indonesia yang semakin maju dan lebih baik']"
33,47,33_sekolah_rakyat_makin_lewat,"['sekolah', 'rakyat', 'makin', 'lewat', 'kesehatan', 'mbg', 'gratis', 'prabowo', 'skrining', 'buktiin']","['terimakasih presiden prabowo udah peduli masa depan bangsa lewat sekolah rakyat', 'presiden prabowo buktiin pendidikan bisa jadi kunci keluar dari kemiskinan lewat sekolah rakyat', 'presiden prabowo buktikan komitmen lewat sekolah rakyat rakyat makin percaya diri']"
34,47,34_baik_baru_lebih_tahun,"['baik', 'baru', 'lebih', 'tahun', 'melangkah', 'menyala', 'maju', 'semakin', 'semangat', 'semoga']","['selamat tahun baru semoga di tahun yang baru ini kita dapat melangkah lebih baik dengan semangat yang terus menyala demi indonesia yang semakin maju dan lebih baik', 'selamat tahun baru semoga di tahun yang baru ini kita dapat melangkah lebih baik dengan semangat yang terus menyala demi indonesia yang semakin maju dan lebih baik', 'selamat tahun baru semoga di tahun yang baru ini kita dapat melangkah lebih baik dengan semangat yang terus menyala demi indonesia yang semakin maju dan lebih baik']"
35,45,35_emanglah_menghabisi_radarada_politisi,"['emanglah', 'menghabisi', 'radarada', 'politisi', 'koruptor', 'bukannya', 'nunggu', 'tempat', 'ngapain', 'seharusnya']","['bukannya dia udah di tempat yang seharusnya bisa menghabisi koruptor ngapain nunggu jadi presiden politisi emanglah radarada semua', 'bukannya dia udah di tempat yang seharusnya bisa menghabisi koruptor ngapain nunggu jadi presiden politisi emanglah radarada semua', 'bukannya dia udah di tempat yang seharusnya bisa menghabisi koruptor ngapain nunggu jadi presiden politisi emanglah radarada semua']"
36,45,36_layaknya_inkompetensi_dino_betapa,"['layaknya', 'inkompetensi', 'dino', 'betapa', 'kompeten', 'ham', 'sedang', 'menjawab', 'anda', 'malah']","['pak dino sedang mengkritik inkompetensi menlu terus anda malah menjawab dengan menunjukkan betapa tidak kompeten dan layaknya seorang menteri ham', 'pak dino sedang mengkritik inkompetensi menlu terus anda malah menjawab dengan menunjukkan betapa tidak kompeten dan layaknya seorang menteri ham', 'pak dino sedang mengkritik inkompetensi menlu terus anda malah menjawab dengan menunjukkan betapa tidak kompeten dan layaknya seorang menteri ham']"
37,44,37_dgn_as_yg_tidak,"['dgn', 'as', 'yg', 'tidak', 'berpendirian', 'bermitra', 'sungkantakut', 'iraq', 'penurut', 'south']","['saya heran membaca pernyataan re venezuela yg sangat standar dan sama sekali tidak menyebut amerika serikat sejak kapan kita sungkantakut mengkritik kawan yg lakukan pelanggaran hukum internasional kenapa menlu sugiono sampai sekarang tidak bersuara padahal dunia menunggu pandangan sbg pemain global south yg penting ini momen perlu percaya diri menunjukkan sikap sama ketika kita dulu menentang invasi as thdp iraq bebas aktif itu artinya berani berpendirian bermitra dgn as dan dgn negara manapun tidak boleh menjadikan negara penurut yg mengorbankan hal yg prinsipil', 'saya heran membaca pernyataan re venezuela yg sangat standar dan sama sekali tidak menyebut amerika serikat sejak kapan kita sungkantakut mengkritik kawan yg lakukan pelanggaran hukum internasional kenapa menlu sugiono sampai sekarang tidak bersuara padahal dunia menunggu pandangan sbg pemain global south yg penting ini momen perlu percaya diri menunjukkan sikap sama ketika kita dulu menentang invasi as thdp iraq bebas aktif itu artinya berani berpendirian bermitra dgn as dan dgn negara manapun tidak boleh menjadikan negara penurut yg mengorbankan hal yg prinsipil', 'saya heran membaca pernyataan re venezuela yg sangat standar dan sama sekali tidak menyebut amerika serikat sejak kapan kita sungkantakut mengkritik kawan yg lakukan pelanggaran hukum internasional kenapa menlu sugiono sampai sekarang tidak bersuara padahal dunia menunggu pandangan sbg pemain global south yg penting ini momen perlu percaya diri menunjukkan sikap sama ketika kita dulu menentang invasi as thdp iraq bebas aktif itu artinya berani berpendirian bermitra dgn as dan dgn negara manapun tidak boleh menjadikan negara penurut yg mengorbankan hal yg prinsipil']"
38,43,38_dgn_as_yg_tidak,"['dgn', 'as', 'yg', 'tidak', 'berpendirian', 'bermitra', 'sungkantakut', 'iraq', 'penurut', 'south']","['saya heran membaca pernyataan re venezuela yg sangat standar dan sama sekali tidak menyebut amerika serikat sejak kapan kita sungkantakut mengkritik kawan yg lakukan pelanggaran hukum internasional kenapa menlu sugiono sampai sekarang tidak bersuara padahal dunia menunggu pandangan sbg pemain global south yg penting ini momen perlu percaya diri menunjukkan sikap sama ketika kita dulu menentang invasi as thdp iraq bebas aktif itu artinya berani berpendirian bermitra dgn as dan dgn negara manapun tidak boleh menjadikan negara penurut yg mengorbankan hal yg prinsipil', 'saya heran membaca pernyataan re venezuela yg sangat standar dan sama sekali tidak menyebut amerika serikat sejak kapan kita sungkantakut mengkritik kawan yg lakukan pelanggaran hukum internasional kenapa menlu sugiono sampai sekarang tidak bersuara padahal dunia menunggu pandangan sbg pemain global south yg penting ini momen perlu percaya diri menunjukkan sikap sama ketika kita dulu menentang invasi as thdp iraq bebas aktif itu artinya berani berpendirian bermitra dgn as dan dgn negara manapun tidak boleh menjadikan negara penurut yg mengorbankan hal yg prinsipil', 'saya heran membaca pernyataan re venezuela yg sangat standar dan sama sekali tidak menyebut amerika serikat sejak kapan kita sungkantakut mengkritik kawan yg lakukan pelanggaran hukum internasional kenapa menlu sugiono sampai sekarang tidak bersuara padahal dunia menunggu pandangan sbg pemain global south yg penting ini momen perlu percaya diri menunjukkan sikap sama ketika kita dulu menentang invasi as thdp iraq bebas aktif itu artinya berani berpendirian bermitra dgn as dan dgn negara manapun tidak boleh menjadikan negara penurut yg mengorbankan hal yg prinsipil']"
39,43,39_layaknya_inkompetensi_dino_betapa,"['layaknya', 'inkompetensi', 'dino', 'betapa', 'kompeten', 'ham', 'sedang', 'menjawab', 'anda', 'malah']","['pak dino sedang mengkritik inkompetensi menlu terus anda malah menjawab dengan menunjukkan betapa tidak kompeten dan layaknya seorang menteri ham', 'pak dino sedang mengkritik inkompetensi menlu terus anda malah menjawab dengan menunjukkan betapa tidak kompeten dan layaknya seorang menteri ham', 'pak dino sedang mengkritik inkompetensi menlu terus anda malah menjawab dengan menunjukkan betapa tidak kompeten dan layaknya seorang menteri ham']"
40,43,40_kinerjanya_biasanya_sedikit_kementrian,"['kinerjanya', 'biasanya', 'sedikit', 'kementrian', 'rasanya', 'bagus', 'bawah', 'gimana', 'ya', 'salah']","['biasanya salah satu dari sedikit kementrian yg kinerjanya bagus ya kemenlu sekarang gimana ya rasanya mereka kerja di bawah orang ini', 'biasanya salah satu dari sedikit kementrian yg kinerjanya bagus ya kemenlu sekarang gimana ya rasanya mereka kerja di bawah orang ini', 'biasanya salah satu dari sedikit kementrian yg kinerjanya bagus ya kemenlu sekarang gimana ya rasanya mereka kerja di bawah orang ini']"
41,43,41_akad_kritikkritik_seakanakan_subsidi,"['akad', 'kritikkritik', 'seakanakan', 'subsidi', 'bravo', 'massal', 'seakan', 'hadir', 'ribu', 'terlihat']","['kegiatan akad massal ribu rumah subsidi hari sabtu lalu di serang banten di sini terlihat kalau menlu ri hadir seakan menjawab kritikkritik di luar sana bahwa seakanakan menlu ri tidak hadir dan bekerja bravo', 'kegiatan akad massal ribu rumah subsidi hari sabtu lalu di serang banten di sini terlihat kalau menlu ri hadir seakan menjawab kritikkritik di luar sana bahwa seakanakan menlu ri tidak hadir dan bekerja bravo', 'kegiatan akad massal ribu rumah subsidi hari sabtu lalu di serang banten di sini terlihat kalau menlu ri hadir seakan menjawab kritikkritik di luar sana bahwa seakanakan menlu ri tidak hadir dan bekerja bravo']"
42,42,42_dgn_as_yg_tidak,"['dgn', 'as', 'yg', 'tidak', 'berpendirian', 'bermitra', 'sungkantakut', 'iraq', 'penurut', 'south']","['saya heran membaca pernyataan re venezuela yg sangat standar dan sama sekali tidak menyebut amerika serikat sejak kapan kita sungkantakut mengkritik kawan yg lakukan pelanggaran hukum internasional kenapa menlu sugiono sampai sekarang tidak bersuara padahal dunia menunggu pandangan sbg pemain global south yg penting ini momen perlu percaya diri menunjukkan sikap sama ketika kita dulu menentang invasi as thdp iraq bebas aktif itu artinya berani berpendirian bermitra dgn as dan dgn negara manapun tidak boleh menjadikan negara penurut yg mengorbankan hal yg prinsipil', 'saya heran membaca pernyataan re venezuela yg sangat standar dan sama sekali tidak menyebut amerika serikat sejak kapan kita sungkantakut mengkritik kawan yg lakukan pelanggaran hukum internasional kenapa menlu sugiono sampai sekarang tidak bersuara padahal dunia menunggu pandangan sbg pemain global south yg penting ini momen perlu percaya diri menunjukkan sikap sama ketika kita dulu menentang invasi as thdp iraq bebas aktif itu artinya berani berpendirian bermitra dgn as dan dgn negara manapun tidak boleh menjadikan negara penurut yg mengorbankan hal yg prinsipil', 'saya heran membaca pernyataan re venezuela yg sangat standar dan sama sekali tidak menyebut amerika serikat sejak kapan kita sungkantakut mengkritik kawan yg lakukan pelanggaran hukum internasional kenapa menlu sugiono sampai sekarang tidak bersuara padahal dunia menunggu pandangan sbg pemain global south yg penting ini momen perlu percaya diri menunjukkan sikap sama ketika kita dulu menentang invasi as thdp iraq bebas aktif itu artinya berani berpendirian bermitra dgn as dan dgn negara manapun tidak boleh menjadikan negara penurut yg mengorbankan hal yg prinsipil']"
43,42,43_dgn_as_yg_tidak,"['dgn', 'as', 'yg', 'tidak', 'berpendirian', 'bermitra', 'sungkantakut', 'iraq', 'penurut', 'south']","['saya heran membaca pernyataan re venezuela yg sangat standar dan sama sekali tidak menyebut amerika serikat sejak kapan kita sungkantakut mengkritik kawan yg lakukan pelanggaran hukum internasional kenapa menlu sugiono sampai sekarang tidak bersuara padahal dunia menunggu pandangan sbg pemain global south yg penting ini momen perlu percaya diri menunjukkan sikap sama ketika kita dulu menentang invasi as thdp iraq bebas aktif itu artinya berani berpendirian bermitra dgn as dan dgn negara manapun tidak boleh menjadikan negara penurut yg mengorbankan hal yg prinsipil', 'saya heran membaca pernyataan re venezuela yg sangat standar dan sama sekali tidak menyebut amerika serikat sejak kapan kita sungkantakut mengkritik kawan yg lakukan pelanggaran hukum internasional kenapa menlu sugiono sampai sekarang tidak bersuara padahal dunia menunggu pandangan sbg pemain global south yg penting ini momen perlu percaya diri menunjukkan sikap sama ketika kita dulu menentang invasi as thdp iraq bebas aktif itu artinya berani berpendirian bermitra dgn as dan dgn negara manapun tidak boleh menjadikan negara penurut yg mengorbankan hal yg prinsipil', 'saya heran membaca pernyataan re venezuela yg sangat standar dan sama sekali tidak menyebut amerika serikat sejak kapan kita sungkantakut mengkritik kawan yg lakukan pelanggaran hukum internasional kenapa menlu sugiono sampai sekarang tidak bersuara padahal dunia menunggu pandangan sbg pemain global south yg penting ini momen perlu percaya diri menunjukkan sikap sama ketika kita dulu menentang invasi as thdp iraq bebas aktif itu artinya berani berpendirian bermitra dgn as dan dgn negara manapun tidak boleh menjadikan negara penurut yg mengorbankan hal yg prinsipil']"
44,42,44_ladang_tangerang_jagung_bantarpanjang,"['ladang', 'tangerang', 'jagung', 'bantarpanjang', 'tigaraksa', 'terbengkalai', 'polresta', 'ditumbuhi', 'diresmikan', 'rumput']","['polresta tangerang akan melakukan evaluasi terhadap ladang jagung yang terbengkalai dan ditumbuhi rumput liar di desa bantarpanjang kecamatan tigaraksa kabupaten tangerang banten ladang jagung ini sebelumnya diresmikan wakil presiden ri gibran rakabuming raka untuk program', 'polresta tangerang akan melakukan evaluasi terhadap ladang jagung yang terbengkalai dan ditumbuhi rumput liar di desa bantarpanjang kecamatan tigaraksa kabupaten tangerang banten ladang jagung ini sebelumnya diresmikan wakil presiden ri gibran rakabuming raka untuk program', 'polresta tangerang akan melakukan evaluasi terhadap ladang jagung yang terbengkalai dan ditumbuhi rumput liar di desa bantarpanjang kecamatan tigaraksa kabupaten tangerang banten ladang jagung ini sebelumnya diresmikan wakil presiden ri gibran rakabuming raka untuk program']"
45,42,45_mengegolkannya_ruupemilu_selangkah_menyusun,"['mengegolkannya', 'ruupemilu', 'selangkah', 'menyusun', 'politikus', 'skenario', 'tempo', 'pemilihan', 'sistem', 'ambisi']","['ambisi presiden prabowo subianto mengganti sistem pemilihan kepala daerah tinggal selangkah lagi para politikus menyusun skenario untuk mengegolkannya tempo ruupemilu pilkada', 'ambisi presiden prabowo subianto mengganti sistem pemilihan kepala daerah tinggal selangkah lagi para politikus menyusun skenario untuk mengegolkannya tempo ruupemilu pilkada', 'ambisi presiden prabowo subianto mengganti sistem pemilihan kepala daerah tinggal selangkah lagi para politikus menyusun skenario untuk mengegolkannya tempo ruupemilu pilkada']"
46,41,46_juga_aku_gue_kerja,"['juga', 'aku', 'gue', 'kerja', 'ga', 'doang', 'nder', 'englishnya', 'tumbler', 'notif']","['aku balik lagi kak posisi baru banget pulang kerja terus sama ortu mau di jodohin sama seseorang aku ga mau kak aku juga belum mau nikah katanya hidup itu pilihan tapi kenapa hidup ku ngga pengen kabur rasanya aku juga berhak menentukan pilihan ku sendiri', 'pedoman gue ada di mama dan adik gue kak gue udah sesakit itu liat mama dibawa sengsara trs sm bokap dan adek gue juga yg masi tk harus memahami keadaan adek sm mama gue sering bgt makan sma kerupuk doang sakit hati bgt liatnya doain guys akhir bulan ini gw kerja wml', 'kek mana rumah mau jalan kalo yg kerja aku doang urusan rumah ke aku makan ke aku sekarang utang juga ke aku jadi orang tua ga bisa mikir']"
47,41,47_dgn_as_yg_tidak,"['dgn', 'as', 'yg', 'tidak', 'berpendirian', 'bermitra', 'sungkantakut', 'iraq', 'penurut', 'south']","['saya heran membaca pernyataan re venezuela yg sangat standar dan sama sekali tidak menyebut amerika serikat sejak kapan kita sungkantakut mengkritik kawan yg lakukan pelanggaran hukum internasional kenapa menlu sugiono sampai sekarang tidak bersuara padahal dunia menunggu pandangan sbg pemain global south yg penting ini momen perlu percaya diri menunjukkan sikap sama ketika kita dulu menentang invasi as thdp iraq bebas aktif itu artinya berani berpendirian bermitra dgn as dan dgn negara manapun tidak boleh menjadikan negara penurut yg mengorbankan hal yg prinsipil', 'saya heran membaca pernyataan re venezuela yg sangat standar dan sama sekali tidak menyebut amerika serikat sejak kapan kita sungkantakut mengkritik kawan yg lakukan pelanggaran hukum internasional kenapa menlu sugiono sampai sekarang tidak bersuara padahal dunia menunggu pandangan sbg pemain global south yg penting ini momen perlu percaya diri menunjukkan sikap sama ketika kita dulu menentang invasi as thdp iraq bebas aktif itu artinya berani berpendirian bermitra dgn as dan dgn negara manapun tidak boleh menjadikan negara penurut yg mengorbankan hal yg prinsipil', 'saya heran membaca pernyataan re venezuela yg sangat standar dan sama sekali tidak menyebut amerika serikat sejak kapan kita sungkantakut mengkritik kawan yg lakukan pelanggaran hukum internasional kenapa menlu sugiono sampai sekarang tidak bersuara padahal dunia menunggu pandangan sbg pemain global south yg penting ini momen perlu percaya diri menunjukkan sikap sama ketika kita dulu menentang invasi as thdp iraq bebas aktif itu artinya berani berpendirian bermitra dgn as dan dgn negara manapun tidak boleh menjadikan negara penurut yg mengorbankan hal yg prinsipil']"
48,40,48_ladang_tangerang_jagung_bantarpanjang,"['ladang', 'tangerang', 'jagung', 'bantarpanjang', 'tigaraksa', 'terbengkalai', 'polresta', 'ditumbuhi', 'diresmikan', 'rumput']","['polresta tangerang akan melakukan evaluasi terhadap ladang jagung yang terbengkalai dan ditumbuhi rumput liar di desa bantarpanjang kecamatan tigaraksa kabupaten tangerang banten ladang jagung ini sebelumnya diresmikan wakil presiden ri gibran rakabuming raka untuk program', 'polresta tangerang akan melakukan evaluasi terhadap ladang jagung yang terbengkalai dan ditumbuhi rumput liar di desa bantarpanjang kecamatan tigaraksa kabupaten tangerang banten ladang jagung ini sebelumnya diresmikan wakil presiden ri gibran rakabuming raka untuk program', 'polresta tangerang akan melakukan evaluasi terhadap ladang jagung yang terbengkalai dan ditumbuhi rumput liar di desa bantarpanjang kecamatan tigaraksa kabupaten tangerang banten ladang jagung ini sebelumnya diresmikan wakil presiden ri gibran rakabuming raka untuk program']"
49,40,49_dgn_as_yg_tidak,"['dgn', 'as', 'yg', 'tidak', 'berpendirian', 'bermitra', 'sungkantakut', 'iraq', 'penurut', 'south']","['saya heran membaca pernyataan re venezuela yg sangat standar dan sama sekali tidak menyebut amerika serikat sejak kapan kita sungkantakut mengkritik kawan yg lakukan pelanggaran hukum internasional kenapa menlu sugiono sampai sekarang tidak bersuara padahal dunia menunggu pandangan sbg pemain global south yg penting ini momen perlu percaya diri menunjukkan sikap sama ketika kita dulu menentang invasi as thdp iraq bebas aktif itu artinya berani berpendirian bermitra dgn as dan dgn negara manapun tidak boleh menjadikan negara penurut yg mengorbankan hal yg prinsipil', 'saya heran membaca pernyataan re venezuela yg sangat standar dan sama sekali tidak menyebut amerika serikat sejak kapan kita sungkantakut mengkritik kawan yg lakukan pelanggaran hukum internasional kenapa menlu sugiono sampai sekarang tidak bersuara padahal dunia menunggu pandangan sbg pemain global south yg penting ini momen perlu percaya diri menunjukkan sikap sama ketika kita dulu menentang invasi as thdp iraq bebas aktif itu artinya berani berpendirian bermitra dgn as dan dgn negara manapun tidak boleh menjadikan negara penurut yg mengorbankan hal yg prinsipil', 'saya heran membaca pernyataan re venezuela yg sangat standar dan sama sekali tidak menyebut amerika serikat sejak kapan kita sungkantakut mengkritik kawan yg lakukan pelanggaran hukum internasional kenapa menlu sugiono sampai sekarang tidak bersuara padahal dunia menunggu pandangan sbg pemain global south yg penting ini momen perlu percaya diri menunjukkan sikap sama ketika kita dulu menentang invasi as thdp iraq bebas aktif itu artinya berani berpendirian bermitra dgn as dan dgn negara manapun tidak boleh menjadikan negara penurut yg mengorbankan hal yg prinsipil']"
50,40,50_rekonstruksi_pascabencana_bangun_kembali,"['rekonstruksi', 'pascabencana', 'bangun', 'kembali', 'lapangan', 'rumah', 'berat', 'jalan', 'rusak', 'diganti']","['di lapangan yang berat prabowo bangun kembali tetap mendorong harapan rekonstruksi pascabencana dilakukan agar rumah rusak diganti dan aktivitas warga pulih', 'prabowo bangun kembali dengan rekonstruksi pascabencana hadir langsung untuk ketiga kalinya memastikan rumah yang rusak diganti listrik jalan dan infrastruktur dipulihkan secepatnya negara dan rakyat bergerak bersama dalam semangat gotong royong', 'prabowo bangun kembali infrastruktur yang terdampak bencana rekonstruksi pascabencana']"
51,40,51_datang_rekonstruksi_pascabencana_bangun,"['datang', 'rekonstruksi', 'pascabencana', 'bangun', 'jalan', 'listrik', 'kembali', 'rumah', 'kalinya', 'diganti']","['di tengah medan berat presiden datang lagi untuk ketiga kalinya membawa pesan prabowo bangun kembali lewat rekonstruksi pascabencana semua rumah rusak akan diganti negara bergerak meski kondisi lapangan sulit', 'tiga kali datang bukan sekadar simbol presiden prabowo memastikan negara kerja prabowo bangun kembali melalui rekonstruksi pascabencana rumah rusak diganti jalan listrik dibangun ulang gotong royong jadi kunci', 'untuk ketiga kalinya presiden prabowo datang memastikan prabowo bangun kembali melalui rekonstruksi pascabencana']"
52,40,52_hrs_saudi_arabia_dipojokkan,"['hrs', 'saudi', 'arabia', 'dipojokkan', 'ironis', 'reynhard', 'ahlanwasahlanibhrs', 'kriminal', 'super', 'sungguh']","['reynhard di inggris yg jelas super kriminal n memalukan indonesia diberi bantuan hukum habib rizieq shihab hrs di saudi arabia malah dipojokkan pernyataan menko n dubes ri di saudi sungguh tak adil n ironis selamat datang hrs ahlanwasahlanibhrs', 'reynhard di inggris yg jelas super kriminal n memalukan indonesia diberi bantuan hukum habib rizieq shihab hrs di saudi arabia malah dipojokkan pernyataan menko n dubes ri di saudi sungguh tak adil n ironis selamat datang hrs ahlanwasahlanibhrs', 'reynhard di inggris yg jelas super kriminal n memalukan indonesia diberi bantuan hukum habib rizieq shihab hrs di saudi arabia malah dipojokkan pernyataan menko n dubes ri di saudi sungguh tak adil n ironis selamat datang hrs ahlanwasahlanibhrs']"
53,39,53_polri_politik_berkolaborasi_sipil,"['polri', 'politik', 'berkolaborasi', 'sipil', 'kapolri', 'instruksi', 'biang', 'berjasa', 'pln', 'melaksanakan']","['melaksanakan instruksi presiden tni polri dan pln berkolaborasi pulihkan listrik pasca bencana saatnya bahu membahu ber', 'melaksanakan instruksi presiden tni polri dan pln berkolaborasi pulihkan listrik pasca bencana saatnya bahu membahu ber', 'melaksanakan instruksi presiden tni polri dan pln berkolaborasi pulihkan listrik pasca bencana saatnya bahu membahu ber']"
54,39,54_tau_kalo_diculik_info,"['tau', 'kalo', 'diculik', 'info', 'cari', 'menculik', 'mana', 'sih', 'soal', 'aku']","['kalo mau tau soal presiden diculik cari info di mana ya kalo presiden menculik sih aku udah tau', 'kalo mau tau soal presiden diculik cari info di mana ya kalo presiden menculik sih aku udah tau', 'kalo mau tau soal presiden diculik cari info di mana ya kalo presiden menculik sih aku udah tau']"
55,39,55_dgn_as_yg_tidak,"['dgn', 'as', 'yg', 'tidak', 'berpendirian', 'bermitra', 'sungkantakut', 'iraq', 'penurut', 'south']","['saya heran membaca pernyataan re venezuela yg sangat standar dan sama sekali tidak menyebut amerika serikat sejak kapan kita sungkantakut mengkritik kawan yg lakukan pelanggaran hukum internasional kenapa menlu sugiono sampai sekarang tidak bersuara padahal dunia menunggu pandangan sbg pemain global south yg penting ini momen perlu percaya diri menunjukkan sikap sama ketika kita dulu menentang invasi as thdp iraq bebas aktif itu artinya berani berpendirian bermitra dgn as dan dgn negara manapun tidak boleh menjadikan negara penurut yg mengorbankan hal yg prinsipil', 'saya heran membaca pernyataan re venezuela yg sangat standar dan sama sekali tidak menyebut amerika serikat sejak kapan kita sungkantakut mengkritik kawan yg lakukan pelanggaran hukum internasional kenapa menlu sugiono sampai sekarang tidak bersuara padahal dunia menunggu pandangan sbg pemain global south yg penting ini momen perlu percaya diri menunjukkan sikap sama ketika kita dulu menentang invasi as thdp iraq bebas aktif itu artinya berani berpendirian bermitra dgn as dan dgn negara manapun tidak boleh menjadikan negara penurut yg mengorbankan hal yg prinsipil', 'saya heran membaca pernyataan re venezuela yg sangat standar dan sama sekali tidak menyebut amerika serikat sejak kapan kita sungkantakut mengkritik kawan yg lakukan pelanggaran hukum internasional kenapa menlu sugiono sampai sekarang tidak bersuara padahal dunia menunggu pandangan sbg pemain global south yg penting ini momen perlu percaya diri menunjukkan sikap sama ketika kita dulu menentang invasi as thdp iraq bebas aktif itu artinya berani berpendirian bermitra dgn as dan dgn negara manapun tidak boleh menjadikan negara penurut yg mengorbankan hal yg prinsipil']"
56,39,56_dgn_as_yg_tidak,"['dgn', 'as', 'yg', 'tidak', 'berpendirian', 'bermitra', 'sungkantakut', 'iraq', 'penurut', 'south']","['saya heran membaca pernyataan re venezuela yg sangat standar dan sama sekali tidak menyebut amerika serikat sejak kapan kita sungkantakut mengkritik kawan yg lakukan pelanggaran hukum internasional kenapa menlu sugiono sampai sekarang tidak bersuara padahal dunia menunggu pandangan sbg pemain global south yg penting ini momen perlu percaya diri menunjukkan sikap sama ketika kita dulu menentang invasi as thdp iraq bebas aktif itu artinya berani berpendirian bermitra dgn as dan dgn negara manapun tidak boleh menjadikan negara penurut yg mengorbankan hal yg prinsipil', 'saya heran membaca pernyataan re venezuela yg sangat standar dan sama sekali tidak menyebut amerika serikat sejak kapan kita sungkantakut mengkritik kawan yg lakukan pelanggaran hukum internasional kenapa menlu sugiono sampai sekarang tidak bersuara padahal dunia menunggu pandangan sbg pemain global south yg penting ini momen perlu percaya diri menunjukkan sikap sama ketika kita dulu menentang invasi as thdp iraq bebas aktif itu artinya berani berpendirian bermitra dgn as dan dgn negara manapun tidak boleh menjadikan negara penurut yg mengorbankan hal yg prinsipil', 'saya heran membaca pernyataan re venezuela yg sangat standar dan sama sekali tidak menyebut amerika serikat sejak kapan kita sungkantakut mengkritik kawan yg lakukan pelanggaran hukum internasional kenapa menlu sugiono sampai sekarang tidak bersuara padahal dunia menunggu pandangan sbg pemain global south yg penting ini momen perlu percaya diri menunjukkan sikap sama ketika kita dulu menentang invasi as thdp iraq bebas aktif itu artinya berani berpendirian bermitra dgn as dan dgn negara manapun tidak boleh menjadikan negara penurut yg mengorbankan hal yg prinsipil']"
57,39,57_tanziha_dimainin_dirapel_kualat,"['tanziha', 'dimainin', 'dirapel', 'kualat', 'ikeu', 'dikorupsi', 'pakar', 'bgn', 'ingat', 'isinya']","['mbg dirapel buat satu minggu tapi isinya seperti ini jadi ingat kata dewan pakar bgn ikeu tanziha harus bersyukur gw mau tanya nih kira yang begini dikorupsi atau gak pak rakyat kecil jgn dimainin trus nanti kualat cc', 'mbg dirapel buat satu minggu tapi isinya seperti ini jadi ingat kata dewan pakar bgn ikeu tanziha harus bersyukur gw mau tanya nih kira yang begini dikorupsi atau gak pak rakyat kecil jgn dimainin trus nanti kualat cc', 'mbg dirapel buat satu minggu tapi isinya seperti ini jadi ingat kata dewan pakar bgn ikeu tanziha harus bersyukur gw mau tanya nih kira yang begini dikorupsi atau gak pak rakyat kecil jgn dimainin trus nanti kualat cc']"
58,38,58_emanglah_menghabisi_radarada_politisi,"['emanglah', 'menghabisi', 'radarada', 'politisi', 'koruptor', 'bukannya', 'nunggu', 'tempat', 'ngapain', 'seharusnya']","['bukannya dia udah di tempat yang seharusnya bisa menghabisi koruptor ngapain nunggu jadi presiden politisi emanglah radarada semua', 'bukannya dia udah di tempat yang seharusnya bisa menghabisi koruptor ngapain nunggu jadi presiden politisi emanglah radarada semua', 'bukannya dia udah di tempat yang seharusnya bisa menghabisi koruptor ngapain nunggu jadi presiden politisi emanglah radarada semua']"
59,38,59_gaza_israel_hamas_gencatan,"['gaza', 'israel', 'hamas', 'gencatan', 'senjata', 'perdamaian', 'onim', 'npc', 'tolak', 'mandat']","['pakistan menolak tuntutan israel dan tidak akan menggunakan angkatan daratnya untuk melucuti senjata hamas israel harus berhenti melanggar gencatan senjata menlu pakistan mengumumkan', 'pakistan menolak tuntutan israel dan tidak akan menggunakan angkatan daratnya untuk melucuti senjata hamas israel harus berhenti melanggar gencatan senjata menlu pakistan mengumumkan', 'menlu turki hamas siap gencatan senjata permanen di gaza']"
60,38,60_ilegalmelihat_flora_relevan_masifnya,"['ilegalmelihat', 'flora', 'relevan', 'masifnya', 'memilah', 'kehancuran', 'kematian', 'gelondongan', 'legal', 'kerusakan']","['pak presiden saat ini setelah bencana banjir longsor lumpur kayu gelondongan sudah tidak relevan lagi memilah yg legal dan ilegalmelihat masifnya kerusakan kehancuran lingkungan infrastruktur kematian kehidupan rakyat yg kehilangan ayah ibu anak saudara flora', 'pak presiden saat ini setelah bencana banjir longsor lumpur kayu gelondongan sudah tidak relevan lagi memilah yg legal dan ilegalmelihat masifnya kerusakan kehancuran lingkungan infrastruktur kematian kehidupan rakyat yg kehilangan ayah ibu anak saudara flora', 'pak presiden saat ini setelah bencana banjir longsor lumpur kayu gelondongan sudah tidak relevan lagi memilah yg legal dan ilegalmelihat masifnya kerusakan kehancuran lingkungan infrastruktur kematian kehidupan rakyat yg kehilangan ayah ibu anak saudara flora']"
61,37,61_dgn_as_yg_tidak,"['dgn', 'as', 'yg', 'tidak', 'berpendirian', 'bermitra', 'sungkantakut', 'iraq', 'penurut', 'south']","['saya heran membaca pernyataan re venezuela yg sangat standar dan sama sekali tidak menyebut amerika serikat sejak kapan kita sungkantakut mengkritik kawan yg lakukan pelanggaran hukum internasional kenapa menlu sugiono sampai sekarang tidak bersuara padahal dunia menunggu pandangan sbg pemain global south yg penting ini momen perlu percaya diri menunjukkan sikap sama ketika kita dulu menentang invasi as thdp iraq bebas aktif itu artinya berani berpendirian bermitra dgn as dan dgn negara manapun tidak boleh menjadikan negara penurut yg mengorbankan hal yg prinsipil', 'saya heran membaca pernyataan re venezuela yg sangat standar dan sama sekali tidak menyebut amerika serikat sejak kapan kita sungkantakut mengkritik kawan yg lakukan pelanggaran hukum internasional kenapa menlu sugiono sampai sekarang tidak bersuara padahal dunia menunggu pandangan sbg pemain global south yg penting ini momen perlu percaya diri menunjukkan sikap sama ketika kita dulu menentang invasi as thdp iraq bebas aktif itu artinya berani berpendirian bermitra dgn as dan dgn negara manapun tidak boleh menjadikan negara penurut yg mengorbankan hal yg prinsipil', 'saya heran membaca pernyataan re venezuela yg sangat standar dan sama sekali tidak menyebut amerika serikat sejak kapan kita sungkantakut mengkritik kawan yg lakukan pelanggaran hukum internasional kenapa menlu sugiono sampai sekarang tidak bersuara padahal dunia menunggu pandangan sbg pemain global south yg penting ini momen perlu percaya diri menunjukkan sikap sama ketika kita dulu menentang invasi as thdp iraq bebas aktif itu artinya berani berpendirian bermitra dgn as dan dgn negara manapun tidak boleh menjadikan negara penurut yg mengorbankan hal yg prinsipil']"
62,37,62_emanglah_menghabisi_radarada_politisi,"['emanglah', 'menghabisi', 'radarada', 'politisi', 'koruptor', 'bukannya', 'nunggu', 'tempat', 'ngapain', 'seharusnya']","['bukannya dia udah di tempat yang seharusnya bisa menghabisi koruptor ngapain nunggu jadi presiden politisi emanglah radarada semua', 'bukannya dia udah di tempat yang seharusnya bisa menghabisi koruptor ngapain nunggu jadi presiden politisi emanglah radarada semua', 'bukannya dia udah di tempat yang seharusnya bisa menghabisi koruptor ngapain nunggu jadi presiden politisi emanglah radarada semua']"
63,37,63_dgn_as_yg_tidak,"['dgn', 'as', 'yg', 'tidak', 'berpendirian', 'bermitra', 'sungkantakut', 'iraq', 'penurut', 'south']","['saya heran membaca pernyataan re venezuela yg sangat standar dan sama sekali tidak menyebut amerika serikat sejak kapan kita sungkantakut mengkritik kawan yg lakukan pelanggaran hukum internasional kenapa menlu sugiono sampai sekarang tidak bersuara padahal dunia menunggu pandangan sbg pemain global south yg penting ini momen perlu percaya diri menunjukkan sikap sama ketika kita dulu menentang invasi as thdp iraq bebas aktif itu artinya berani berpendirian bermitra dgn as dan dgn negara manapun tidak boleh menjadikan negara penurut yg mengorbankan hal yg prinsipil', 'saya heran membaca pernyataan re venezuela yg sangat standar dan sama sekali tidak menyebut amerika serikat sejak kapan kita sungkantakut mengkritik kawan yg lakukan pelanggaran hukum internasional kenapa menlu sugiono sampai sekarang tidak bersuara padahal dunia menunggu pandangan sbg pemain global south yg penting ini momen perlu percaya diri menunjukkan sikap sama ketika kita dulu menentang invasi as thdp iraq bebas aktif itu artinya berani berpendirian bermitra dgn as dan dgn negara manapun tidak boleh menjadikan negara penurut yg mengorbankan hal yg prinsipil', 'saya heran membaca pernyataan re venezuela yg sangat standar dan sama sekali tidak menyebut amerika serikat sejak kapan kita sungkantakut mengkritik kawan yg lakukan pelanggaran hukum internasional kenapa menlu sugiono sampai sekarang tidak bersuara padahal dunia menunggu pandangan sbg pemain global south yg penting ini momen perlu percaya diri menunjukkan sikap sama ketika kita dulu menentang invasi as thdp iraq bebas aktif itu artinya berani berpendirian bermitra dgn as dan dgn negara manapun tidak boleh menjadikan negara penurut yg mengorbankan hal yg prinsipil']"
64,37,64_dgn_as_yg_tidak,"['dgn', 'as', 'yg', 'tidak', 'berpendirian', 'bermitra', 'sungkantakut', 'iraq', 'penurut', 'south']","['saya heran membaca pernyataan re venezuela yg sangat standar dan sama sekali tidak menyebut amerika serikat sejak kapan kita sungkantakut mengkritik kawan yg lakukan pelanggaran hukum internasional kenapa menlu sugiono sampai sekarang tidak bersuara padahal dunia menunggu pandangan sbg pemain global south yg penting ini momen perlu percaya diri menunjukkan sikap sama ketika kita dulu menentang invasi as thdp iraq bebas aktif itu artinya berani berpendirian bermitra dgn as dan dgn negara manapun tidak boleh menjadikan negara penurut yg mengorbankan hal yg prinsipil', 'saya heran membaca pernyataan re venezuela yg sangat standar dan sama sekali tidak menyebut amerika serikat sejak kapan kita sungkantakut mengkritik kawan yg lakukan pelanggaran hukum internasional kenapa menlu sugiono sampai sekarang tidak bersuara padahal dunia menunggu pandangan sbg pemain global south yg penting ini momen perlu percaya diri menunjukkan sikap sama ketika kita dulu menentang invasi as thdp iraq bebas aktif itu artinya berani berpendirian bermitra dgn as dan dgn negara manapun tidak boleh menjadikan negara penurut yg mengorbankan hal yg prinsipil', 'saya heran membaca pernyataan re venezuela yg sangat standar dan sama sekali tidak menyebut amerika serikat sejak kapan kita sungkantakut mengkritik kawan yg lakukan pelanggaran hukum internasional kenapa menlu sugiono sampai sekarang tidak bersuara padahal dunia menunggu pandangan sbg pemain global south yg penting ini momen perlu percaya diri menunjukkan sikap sama ketika kita dulu menentang invasi as thdp iraq bebas aktif itu artinya berani berpendirian bermitra dgn as dan dgn negara manapun tidak boleh menjadikan negara penurut yg mengorbankan hal yg prinsipil']"
65,37,65_baik_baru_lebih_tahun,"['baik', 'baru', 'lebih', 'tahun', 'melangkah', 'menyala', 'maju', 'semakin', 'semangat', 'semoga']","['selamat tahun baru semoga di tahun yang baru ini kita dapat melangkah lebih baik dengan semangat yang terus menyala demi indonesia yang semakin maju dan lebih baik', 'selamat tahun baru semoga di tahun yang baru ini kita dapat melangkah lebih baik dengan semangat yang terus menyala demi indonesia yang semakin maju dan lebih baik', 'selamat tahun baru semoga di tahun yang baru ini kita dapat melangkah lebih baik dengan semangat yang terus menyala demi indonesia yang semakin maju dan lebih baik']"
66,37,66_fadli_zon_komunis_bahaya,"['fadli', 'zon', 'komunis', 'bahaya', 'sebut', 'jawab', 'partai', 'minta', 'china', 'kemenlu']","['fadli zon minta kemenlu jawab amerika yang sebut indonesia dalam bahaya partai komunis china', 'fadli zon minta kemenlu jawab amerika yang sebut indonesia dalam bahaya partai komunis china', 'fadli zon minta kemenlu jawab amerika yang sebut indonesia dalam bahaya partai komunis china']"
67,37,67_melimpah_nuklirnya_perlakuan_sumberdaya,"['melimpah', 'nuklirnya', 'perlakuan', 'sumberdaya', 'berlalu', 'tampak', 'dijajah', 'akal', 'nuklir', 'aturan']","['dulu dianggap orang gila dengan ambisi nuklirnya sekarang tampak masuk akal perlakuan trump terhadap pelanggaran kedaulatan venezuela bukti bahwa aturan internasional tidak lagi berlalu negara dg sumberdaya melimpah tanpa senjata nuklir hanya nunggu waktu saja untuk dijajah', 'dulu dianggap orang gila dengan ambisi nuklirnya sekarang tampak masuk akal perlakuan trump terhadap pelanggaran kedaulatan venezuela bukti bahwa aturan internasional tidak lagi berlalu negara dg sumberdaya melimpah tanpa senjata nuklir hanya nunggu waktu saja untuk dijajah', 'dulu dianggap orang gila dengan ambisi nuklirnya sekarang tampak masuk akal perlakuan trump terhadap pelanggaran kedaulatan venezuela bukti bahwa aturan internasional tidak lagi berlalu negara dg sumberdaya melimpah tanpa senjata nuklir hanya nunggu waktu saja untuk dijajah']"
68,37,68_dgn_as_yg_tidak,"['dgn', 'as', 'yg', 'tidak', 'berpendirian', 'bermitra', 'sungkantakut', 'iraq', 'penurut', 'south']","['saya heran membaca pernyataan re venezuela yg sangat standar dan sama sekali tidak menyebut amerika serikat sejak kapan kita sungkantakut mengkritik kawan yg lakukan pelanggaran hukum internasional kenapa menlu sugiono sampai sekarang tidak bersuara padahal dunia menunggu pandangan sbg pemain global south yg penting ini momen perlu percaya diri menunjukkan sikap sama ketika kita dulu menentang invasi as thdp iraq bebas aktif itu artinya berani berpendirian bermitra dgn as dan dgn negara manapun tidak boleh menjadikan negara penurut yg mengorbankan hal yg prinsipil', 'saya heran membaca pernyataan re venezuela yg sangat standar dan sama sekali tidak menyebut amerika serikat sejak kapan kita sungkantakut mengkritik kawan yg lakukan pelanggaran hukum internasional kenapa menlu sugiono sampai sekarang tidak bersuara padahal dunia menunggu pandangan sbg pemain global south yg penting ini momen perlu percaya diri menunjukkan sikap sama ketika kita dulu menentang invasi as thdp iraq bebas aktif itu artinya berani berpendirian bermitra dgn as dan dgn negara manapun tidak boleh menjadikan negara penurut yg mengorbankan hal yg prinsipil', 'saya heran membaca pernyataan re venezuela yg sangat standar dan sama sekali tidak menyebut amerika serikat sejak kapan kita sungkantakut mengkritik kawan yg lakukan pelanggaran hukum internasional kenapa menlu sugiono sampai sekarang tidak bersuara padahal dunia menunggu pandangan sbg pemain global south yg penting ini momen perlu percaya diri menunjukkan sikap sama ketika kita dulu menentang invasi as thdp iraq bebas aktif itu artinya berani berpendirian bermitra dgn as dan dgn negara manapun tidak boleh menjadikan negara penurut yg mengorbankan hal yg prinsipil']"
69,36,69_tau_kalo_diculik_info,"['tau', 'kalo', 'diculik', 'info', 'cari', 'menculik', 'mana', 'sih', 'soal', 'aku']","['kalo mau tau soal presiden diculik cari info di mana ya kalo presiden menculik sih aku udah tau', 'kalo mau tau soal presiden diculik cari info di mana ya kalo presiden menculik sih aku udah tau', 'kalo mau tau soal presiden diculik cari info di mana ya kalo presiden menculik sih aku udah tau']"
70,35,70_tugas_tugasnya_emang_harusnya,"['tugas', 'tugasnya', 'emang', 'harusnya', 'lah', 'ya', 'dia', 'tua', 'emg', 'udh']","['lah kan emg tugasnya tolol ga mau cape mah ngapain jd presiden', 'kan emg tugasnya kalo ga sanggup dan udah tua ngapain jadi presiden', 'tugas presiden tu emang apa ya']"
71,34,71_pak_mhn_cm_pgn,"['pak', 'mhn', 'cm', 'pgn', 'halah', 'bro', 'keren', 'digituin', 'klg', 'dinotice']","['ga berani pak', 'keren pak anies semoga pak anies jadi presiden ke semangat pak', 'pak presiden ini semua temen bobby kertanegara pls save them pak saveplgsebanga savetessonilo savesumatra']"
72,34,72_iran_araghchi_lebanon_kami,"['iran', 'araghchi', 'lebanon', 'kami', 'abbas', 'perundingan', 'nuklir', 'isr', 'menlu', 'suriah']","['menlu iran lontarkan tuduhan keras sebut as tidak jujur dalam isu global terutama soal sanksi dan perjanjian nuklir baca detail kecaman diplomatik iran narayapost iran as diplomasi geopolitik timurtengah', 'menlu iran araghchi tetanggatetangga kami adalah prioritas kami ini adalah prinsip terpenting dalam kebijakan luar negeri republik islam iran hubungan republik islam iran dengan federasi rusia adalah sebuah kemitraan strategis', 'pejabat saudi kunjungi iran untuk bahas gaza amp suriah wakil menlu saudi saud bin mohammed alsati akan melakukan perjalanan ke iran untuk membahas hubungan bilateral dan isu regional menurut kemenlu iran via wana ia juga dijadwalkan bertemu menlu iran abbas araghchi']"
73,34,73_pulihkan_pasca_bangkit_pemerintah,"['pulihkan', 'pasca', 'bangkit', 'pemerintah', 'jajaran', 'berdiskusi', 'darurat', 'infrastruktur', 'akses', 'peraturan']","['presiden prabowo berdiskusi langsung dengan jajaran pemerintah mempercepat pembangunan akses darurat prabowo pulihkan infrastruktur demi masyarakat yang siap bangkit pasca bencana', 'presiden prabowo berdiskusi bersama jajaran pemerintah membahas percepatan akses darurat agar aktivitas warga kembali normal prabowo pulihkan infrastruktur demi masyarakat bangkit pasca bencana', 'presiden prabowo berdiskusi dengan jajaran pemerintah untuk percepatan akses darurat demi rakyat prabowo pulihkan infrastruktur agar wilayah terdampak bisa bangkit pasca bencana']"
74,34,74_dino_inkompetensi_layaknya_betapa,"['dino', 'inkompetensi', 'layaknya', 'betapa', 'kompeten', 'ham', 'sedang', 'menjawab', 'anda', 'malah']","['pak dino sedang mengkritik inkompetensi menlu terus anda malah menjawab dengan menunjukkan betapa tidak kompeten dan layaknya seorang menteri ham', 'pak dino sedang mengkritik inkompetensi menlu terus anda malah menjawab dengan menunjukkan betapa tidak kompeten dan layaknya seorang menteri ham', 'pak dino sedang mengkritik inkompetensi menlu terus anda malah menjawab dengan menunjukkan betapa tidak kompeten dan layaknya seorang menteri ham']"
75,34,75_reformasi_polri_tim_kapolri,"['reformasi', 'polri', 'tim', 'kapolri', 'kepolisian', 'jimly', 'komisi', 'dicopot', 'pak', 'berjudul']","['banyak pertanyaan tentang kinerja reformasi kepolisian adakah kemajuan yang sudah dicapai dan apakah tim reformasi kepolisian itu diperlukan sesuai perintah presidensaya sudah mengingatkan tim reformasi kepolisian harus merevisi terlebih dahulu uu tentang kepolisan ri hening', 'trus apa langkah yg d lakukan oleh tim reformasi ini udh terangan sekali polri melawan aturan negara ini bubarkan aj tim reformasi klo kalian g bisa kasih masukan k presiden gimana pak', 'presiden aja takut sama kapolri buat tim reformasi polri kapolri nya masuk jd anggota reformasi polri aja udah aneh gimana kalau yg jd masalah kapolri nya']"
76,34,76_aceh_ketiganya_menunda_pakistan,"['aceh', 'ketiganya', 'menunda', 'pakistan', 'keselamatan', 'agenda', 'rusia', 'meninjau', 'prioritas', 'tetap']","['dari aceh pakistan rusia presiden prabowo langsung kembali ke aceh meninjau bencana di tengah agenda global keselamatan rakyat tetap prioritas ini kunjungan ketiganya ke aceh tanpa menunda negara hadir', 'dari aceh pakistan rusia presiden prabowo langsung kembali ke aceh meninjau bencana di tengah agenda global keselamatan rakyat tetap prioritas ini kunjungan ketiganya ke aceh tanpa menunda negara hadir', 'dari aceh pakistan rusia presiden prabowo langsung kembali ke aceh meninjau bencana di tengah agenda global keselamatan rakyat tetap prioritas ini kunjungan ketiganya ke aceh tanpa menunda negara hadir']"
77,34,77_ilegalmelihat_flora_relevan_masifnya,"['ilegalmelihat', 'flora', 'relevan', 'masifnya', 'memilah', 'kehancuran', 'kematian', 'gelondongan', 'legal', 'kerusakan']","['pak presiden saat ini setelah bencana banjir longsor lumpur kayu gelondongan sudah tidak relevan lagi memilah yg legal dan ilegalmelihat masifnya kerusakan kehancuran lingkungan infrastruktur kematian kehidupan rakyat yg kehilangan ayah ibu anak saudara flora', 'pak presiden saat ini setelah bencana banjir longsor lumpur kayu gelondongan sudah tidak relevan lagi memilah yg legal dan ilegalmelihat masifnya kerusakan kehancuran lingkungan infrastruktur kematian kehidupan rakyat yg kehilangan ayah ibu anak saudara flora', 'pak presiden saat ini setelah bencana banjir longsor lumpur kayu gelondongan sudah tidak relevan lagi memilah yg legal dan ilegalmelihat masifnya kerusakan kehancuran lingkungan infrastruktur kematian kehidupan rakyat yg kehilangan ayah ibu anak saudara flora']"
78,34,78_jd_kl_gak_dia,"['jd', 'kl', 'gak', 'dia', 'gk', 'si', 'nya', 'ditersangkakan', 'berkampanye', 'hitungannya']","['jd presiden itu gak boleh baper dg segala macam kritik dan dg segala ekspresi penyampaiannya apalagi kl sdh jadi mantan pejabat koq baperan kl gak mau dikritik yaa jan jdi pejabat publik dah gitu aja', 'ada ex presiden yg mau kasih lahan luas asal hitungannya jelas tapi dia sendiri g hitung patut ditersangkakan kah', 'ada ex presiden yg mau kasih lahan luas asal hitungannya jelas tapi dia sendiri g hitung patut ditersangkakan kah']"
79,33,79_inkompetensi_layaknya_dino_betapa,"['inkompetensi', 'layaknya', 'dino', 'betapa', 'kompeten', 'ham', 'sedang', 'menjawab', 'anda', 'malah']","['pak dino sedang mengkritik inkompetensi menlu terus anda malah menjawab dengan menunjukkan betapa tidak kompeten dan layaknya seorang menteri ham', 'pak dino sedang mengkritik inkompetensi menlu terus anda malah menjawab dengan menunjukkan betapa tidak kompeten dan layaknya seorang menteri ham', 'pak dino sedang mengkritik inkompetensi menlu terus anda malah menjawab dengan menunjukkan betapa tidak kompeten dan layaknya seorang menteri ham']"
80,33,80_program_gratis_lewat_rumah,"['program', 'gratis', 'lewat', 'rumah', 'gizi', 'mbg', 'prabowo', 'makin', 'masa', 'inovasi']","['presiden prabowo kunjungi korban bencana tiga kali ini bukti kepedulian negara untuk prabowo bangun kembali semua rumah rusak lewat program rekonstruksi pascabencana yang sulit ini semangat gotong royong kita', 'program juta rumah dari presiden prabowo bikin semua orang punya harapan baru', 'semua rumah warga yang rusak akan diganti negara janji beliau ini adalah tekad pemerintah untuk prabowo bangun kembali masa depan lebih baik lewat program rekonstruksi pascabencana yang menyeluruh']"
81,33,81_pembalakan_liar_pengawasan_ketat,"['pembalakan', 'liar', 'pengawasan', 'ketat', 'semuatanganibencana', 'tamiang', 'tertibkan', 'ditertibkan', 'logging', 'mencegah']","['presiden prabowo mendesak pengawasan ketat atas pembalakan liar saat meninjau banjir di aceh tamiang semuatanganibencana', 'tinjau banjir aceh tamiang presiden prabowo desak pengawasan ketat pembalakan liar semuatanganibencana', 'tegas presiden prabowo tinjau banjir aceh tamiang desak pengawasan ketat pembalakan liar semuatanganibencana']"
82,33,82_dgn_as_yg_tidak,"['dgn', 'as', 'yg', 'tidak', 'berpendirian', 'bermitra', 'sungkantakut', 'iraq', 'penurut', 'south']","['saya heran membaca pernyataan re venezuela yg sangat standar dan sama sekali tidak menyebut amerika serikat sejak kapan kita sungkantakut mengkritik kawan yg lakukan pelanggaran hukum internasional kenapa menlu sugiono sampai sekarang tidak bersuara padahal dunia menunggu pandangan sbg pemain global south yg penting ini momen perlu percaya diri menunjukkan sikap sama ketika kita dulu menentang invasi as thdp iraq bebas aktif itu artinya berani berpendirian bermitra dgn as dan dgn negara manapun tidak boleh menjadikan negara penurut yg mengorbankan hal yg prinsipil', 'saya heran membaca pernyataan re venezuela yg sangat standar dan sama sekali tidak menyebut amerika serikat sejak kapan kita sungkantakut mengkritik kawan yg lakukan pelanggaran hukum internasional kenapa menlu sugiono sampai sekarang tidak bersuara padahal dunia menunggu pandangan sbg pemain global south yg penting ini momen perlu percaya diri menunjukkan sikap sama ketika kita dulu menentang invasi as thdp iraq bebas aktif itu artinya berani berpendirian bermitra dgn as dan dgn negara manapun tidak boleh menjadikan negara penurut yg mengorbankan hal yg prinsipil', 'saya heran membaca pernyataan re venezuela yg sangat standar dan sama sekali tidak menyebut amerika serikat sejak kapan kita sungkantakut mengkritik kawan yg lakukan pelanggaran hukum internasional kenapa menlu sugiono sampai sekarang tidak bersuara padahal dunia menunggu pandangan sbg pemain global south yg penting ini momen perlu percaya diri menunjukkan sikap sama ketika kita dulu menentang invasi as thdp iraq bebas aktif itu artinya berani berpendirian bermitra dgn as dan dgn negara manapun tidak boleh menjadikan negara penurut yg mengorbankan hal yg prinsipil']"
83,33,83_mengegolkannya_menyusun_selangkah_ruupemilu,"['mengegolkannya', 'menyusun', 'selangkah', 'ruupemilu', 'politikus', 'skenario', 'tempo', 'pemilihan', 'sistem', 'ambisi']","['ambisi presiden prabowo subianto mengganti sistem pemilihan kepala daerah tinggal selangkah lagi para politikus menyusun skenario untuk mengegolkannya tempo ruupemilu pilkada', 'ambisi presiden prabowo subianto mengganti sistem pemilihan kepala daerah tinggal selangkah lagi para politikus menyusun skenario untuk mengegolkannya tempo ruupemilu pilkada', 'ambisi presiden prabowo subianto mengganti sistem pemilihan kepala daerah tinggal selangkah lagi para politikus menyusun skenario untuk mengegolkannya tempo ruupemilu pilkada']"
84,31,84_dubes_ri_sy_miring,"['dubes', 'ri', 'sy', 'miring', 'komentarnya', 'usulkan', 'membela', 'bersangkutan', 'melayani', 'melindungi']","['sbg anggota komisi sy usulkan kpd agar segera menarik n mengganti dubes ri di saudi yg bersangkutan sdh berada di sana hampir tahun komentarnya selalu miring soal habib rizieq shihab pdhal dubes ri seharusnya melayani melindungi n membela warga ri', 'sbg anggota komisi sy usulkan kpd agar segera menarik n mengganti dubes ri di saudi yg bersangkutan sdh berada di sana hampir tahun komentarnya selalu miring soal habib rizieq shihab pdhal dubes ri seharusnya melayani melindungi n membela warga ri', 'sbg anggota komisi sy usulkan kpd agar segera menarik n mengganti dubes ri di saudi yg bersangkutan sdh berada di sana hampir tahun komentarnya selalu miring soal habib rizieq shihab pdhal dubes ri seharusnya melayani melindungi n membela warga ri']"
85,30,85_layaknya_inkompetensi_dino_betapa,"['layaknya', 'inkompetensi', 'dino', 'betapa', 'kompeten', 'ham', 'sedang', 'menjawab', 'anda', 'malah']","['pak dino sedang mengkritik inkompetensi menlu terus anda malah menjawab dengan menunjukkan betapa tidak kompeten dan layaknya seorang menteri ham', 'pak dino sedang mengkritik inkompetensi menlu terus anda malah menjawab dengan menunjukkan betapa tidak kompeten dan layaknya seorang menteri ham', 'pak dino sedang mengkritik inkompetensi menlu terus anda malah menjawab dengan menunjukkan betapa tidak kompeten dan layaknya seorang menteri ham']"
86,30,86_omon_omonomon_tengil_brarti,"['omon', 'omonomon', 'tengil', 'brarti', 'amnesti', 'konslet', 'fuckk', 'meraka', 'laknatullah', 'eehh']","['makin jelas arah presiden omon', 'presiden omon', 'presiden omon dari']"
87,30,87_baik_baru_lebih_tahun,"['baik', 'baru', 'lebih', 'tahun', 'melangkah', 'menyala', 'maju', 'semakin', 'semangat', 'semoga']","['selamat tahun baru semoga di tahun yang baru ini kita dapat melangkah lebih baik dengan semangat yang terus menyala demi indonesia yang semakin maju dan lebih baik', 'selamat tahun baru semoga di tahun yang baru ini kita dapat melangkah lebih baik dengan semangat yang terus menyala demi indonesia yang semakin maju dan lebih baik', 'selamat tahun baru semoga di tahun yang baru ini kita dapat melangkah lebih baik dengan semangat yang terus menyala demi indonesia yang semakin maju dan lebih baik']"
88,29,88_pangan_harga_pokok_dijaga,"['pangan', 'harga', 'pokok', 'dijaga', 'stabil', 'ketahanan', 'stabilitas', 'sembari', 'meminta', 'perekonomian']","['presiden prabowo meminta agar ketahanan pangan dan harga kebutuhan pokok dijaga stabil sembari memantau perkembangan perekonomian nasional huniankorbanbencana memulihkan warga terdampak', 'presiden prabowo meminta agar ketahanan pangan dan harga kebutuhan pokok dijaga stabil sembari memantau perkembangan perekonomian nasional huniankorbanbencana memulihkan warga terdampak', 'presiden prabowo meminta agar ketahanan pangan dan harga kebutuhan pokok dijaga stabil sembari memantau perkembangan perekonomian nasional huniankorbanbencana memulihkan warga terdampak']"
89,29,89_kerja_balik_ani_banyak,"['kerja', 'balik', 'ani', 'banyak', 'aku', 'bang', 'esok', 'tipis', 'pulang', 'nak']","['kalau kaya aku gak akan kerja sekarang bang buktinya aku masih kerja', 'mmmm kinda weird karena ketika aku in relationship without being asked i can answer my partner s chat untuk brb ketika tibatiba dipanggil kerja so', 'kalo duit buat lonte mu kurang ya kau kerja blok bukan malah nuntut orang bego royalti segitu banyak masih kurang kah duitnya buat nyawer ani ani']"
90,29,90_musa_tongkat_nabi_punya,"['musa', 'tongkat', 'nabi', 'punya', 'sbgai', 'jatah', 'ndak', 'berbuat', 'apa', 'tidak']","['presiden janji bangun rumah korban banjir longsor aceh sebut tak punya tongkat nabi musa', 'apa mau dikata pak presiden tidak punya tongkat nabi musa', 'presiden tidak punya tongkat nabi musa']"
91,29,91_anggapan_bersumber_waspada_terlebih,"['anggapan', 'bersumber', 'waspada', 'terlebih', 'menilai', 'mengingatkan', 'narasi', 'suka', 'pihak', 'kekuatan']","['presiden prabowo mengingatkan kepada semua pihak untuk waspada terhadap kekuatan luar yang tidak suka indonesia kuat terlebih kata prabowo ada narasi yang sudah menyebut kalau pemerintah tidak hadir dalam bencana sumatra presiden prabowo menilai anggapan tersebut bersumber', 'presiden prabowo mengingatkan kepada semua pihak untuk waspada terhadap kekuatan luar yang tidak suka indonesia kuat terlebih kata prabowo ada narasi yang sudah menyebut kalau pemerintah tidak hadir dalam bencana sumatra presiden prabowo menilai anggapan tersebut bersumber', 'presiden prabowo mengingatkan kepada semua pihak untuk waspada terhadap kekuatan luar yang tidak suka indonesia kuat terlebih kata prabowo ada narasi yang sudah menyebut kalau pemerintah tidak hadir dalam bencana sumatra presiden prabowo menilai anggapan tersebut bersumber']"
92,29,92_anggapan_bersumber_waspada_terlebih,"['anggapan', 'bersumber', 'waspada', 'terlebih', 'menilai', 'mengingatkan', 'narasi', 'suka', 'pihak', 'kekuatan']","['presiden prabowo mengingatkan kepada semua pihak untuk waspada terhadap kekuatan luar yang tidak suka indonesia kuat terlebih kata prabowo ada narasi yang sudah menyebut kalau pemerintah tidak hadir dalam bencana sumatra presiden prabowo menilai anggapan tersebut bersumber', 'presiden prabowo mengingatkan kepada semua pihak untuk waspada terhadap kekuatan luar yang tidak suka indonesia kuat terlebih kata prabowo ada narasi yang sudah menyebut kalau pemerintah tidak hadir dalam bencana sumatra presiden prabowo menilai anggapan tersebut bersumber', 'presiden prabowo mengingatkan kepada semua pihak untuk waspada terhadap kekuatan luar yang tidak suka indonesia kuat terlebih kata prabowo ada narasi yang sudah menyebut kalau pemerintah tidak hadir dalam bencana sumatra presiden prabowo menilai anggapan tersebut bersumber']"
93,28,93_layaknya_inkompetensi_dino_betapa,"['layaknya', 'inkompetensi', 'dino', 'betapa', 'kompeten', 'ham', 'sedang', 'menjawab', 'anda', 'malah']","['pak dino sedang mengkritik inkompetensi menlu terus anda malah menjawab dengan menunjukkan betapa tidak kompeten dan layaknya seorang menteri ham', 'pak dino sedang mengkritik inkompetensi menlu terus anda malah menjawab dengan menunjukkan betapa tidak kompeten dan layaknya seorang menteri ham', 'pak dino sedang mengkritik inkompetensi menlu terus anda malah menjawab dengan menunjukkan betapa tidak kompeten dan layaknya seorang menteri ham']"
94,28,94_beradab_nicolas_mengecam_keluarkan,"['beradab', 'nicolas', 'mengecam', 'keluarkan', 'sebagian', 'maduro', 'bangsa', 'besar', 'menculik', 'pemimpin']","['sebagian besar pemimpin bangsa beradab sudah keluarkan pernyataan mengecam presiden as trump karena menculik presiden venezuela nicolas maduro presiden indonesia', 'sebagian besar pemimpin bangsa beradab sudah keluarkan pernyataan mengecam presiden as trump karena menculik presiden venezuela nicolas maduro presiden indonesia', 'sebagian besar pemimpin bangsa beradab sudah keluarkan pernyataan mengecam presiden as trump karena menculik presiden venezuela nicolas maduro presiden indonesia']"
95,28,95_dijawab_harus_oleh_ini,"['dijawab', 'harus', 'oleh', 'ini', 'bangkai', 'aroma', 'cermat', 'bau', 'penuhi', 'daerah']","['harus dijawab ini oleh', 'harus dijawab ini oleh', 'harus dijawab ini oleh']"
96,28,96_dubes_ri_miring_komentarnya,"['dubes', 'ri', 'miring', 'komentarnya', 'usulkan', 'membela', 'bersangkutan', 'melayani', 'melindungi', 'pdhal']","['sbg anggota komisi sy usulkan kpd agar segera menarik n mengganti dubes ri di saudi yg bersangkutan sdh berada di sana hampir tahun komentarnya selalu miring soal habib rizieq shihab pdhal dubes ri seharusnya melayani melindungi n membela warga ri', 'sbg anggota komisi sy usulkan kpd agar segera menarik n mengganti dubes ri di saudi yg bersangkutan sdh berada di sana hampir tahun komentarnya selalu miring soal habib rizieq shihab pdhal dubes ri seharusnya melayani melindungi n membela warga ri', 'sbg anggota komisi sy usulkan kpd agar segera menarik n mengganti dubes ri di saudi yg bersangkutan sdh berada di sana hampir tahun komentarnya selalu miring soal habib rizieq shihab pdhal dubes ri seharusnya melayani melindungi n membela warga ri']"
97,27,97_telah_air_dilaporkan_dihadapi,"['telah', 'air', 'dilaporkan', 'dihadapi', 'keterangannya', 'ketersediaan', 'menyoroti', 'kekurangan', 'ditangani', 'telco']","['presiden menyampaikan bahwa sejumlah kekurangan yang masih dihadapi warga telah dilaporkan dan akan segera ditangani dalam keterangannya presiden juga menyoroti kebutuhan mendesak terkait ketersediaan air bersih dan air minum bagi masyarakat terdampak', 'presiden menyampaikan bahwa sejumlah kekurangan yang masih dihadapi warga telah dilaporkan dan akan segera ditangani dalam keterangannya presiden juga menyoroti kebutuhan mendesak terkait ketersediaan air bersih dan air minum bagi masyarakat terdampak', 'presiden menyampaikan bahwa sejumlah kekurangan yang masih dihadapi warga telah dilaporkan dan akan segera ditangani dalam keterangannya presiden juga menyoroti kebutuhan mendesak terkait ketersediaan air bersih dan air minum bagi masyarakat terdampak']"
98,27,98_kemenkum_diy_kanwil_kementerianhukum,"['kemenkum', 'diy', 'kanwil', 'kementerianhukum', 'setahunberdampak', 'layananhukummakinmudah', 'kanwilkemenkumdiy', 'diplomasi', 'kemenlu', 'amp']","['kemenkum amp kemenlu tunjukkan sinergi kuat demi kepentingan nasional di kancah global kementerianhukum kanwilkemenkumdiy layananhukummakinmudah setahunberdampak kanwil kemenkum diy', 'kemenkum amp kemenlu sinergi terbaik untuk ki global kementerianhukum kanwilkemenkumdiy layananhukummakinmudah setahunberdampak kanwil kemenkum diy', 'setahunberdampak kanwil kemenkum diy kemenkum amp kemenlu bersatu kawal royalti global yang berkeadilan kementerianhukum kanwilkemenkumdiy layananhukummakinmudah setahunberdampak kanwil kemenkum diy']"
99,27,99_juli_raja_buntut_pemanfaatan,"['juli', 'raja', 'buntut', 'pemanfaatan', 'antoni', 'mengambil', 'kehutanan', 'paripurna', 'usaha', 'sidang']","['pernyataan tersebut disampaikan menteri kehutanan raja juli antoni di depan presiden prabowo subianto dalam sidang kabinet paripurna di istana negara jakarta senin raja juli mengambil langkah tegas atas kegiatan usaha sejumlah perusahaan pemanfaatan hutan buntut', 'pernyataan tersebut disampaikan menteri kehutanan raja juli antoni di depan presiden prabowo subianto dalam sidang kabinet paripurna di istana negara jakarta senin raja juli mengambil langkah tegas atas kegiatan usaha sejumlah perusahaan pemanfaatan hutan buntut', 'pernyataan tersebut disampaikan menteri kehutanan raja juli antoni di depan presiden prabowo subianto dalam sidang kabinet paripurna di istana negara jakarta senin raja juli mengambil langkah tegas atas kegiatan usaha sejumlah perusahaan pemanfaatan hutan buntut']"
100,26,100_beradab_nicolas_mengecam_keluarkan,"['beradab', 'nicolas', 'mengecam', 'keluarkan', 'sebagian', 'maduro', 'bangsa', 'besar', 'menculik', 'pemimpin']","['sebagian besar pemimpin bangsa beradab sudah keluarkan pernyataan mengecam presiden as trump karena menculik presiden venezuela nicolas maduro presiden indonesia', 'sebagian besar pemimpin bangsa beradab sudah keluarkan pernyataan mengecam presiden as trump karena menculik presiden venezuela nicolas maduro presiden indonesia', 'sebagian besar pemimpin bangsa beradab sudah keluarkan pernyataan mengecam presiden as trump karena menculik presiden venezuela nicolas maduro presiden indonesia']"
101,26,101_emanglah_menghabisi_radarada_politisi,"['emanglah', 'menghabisi', 'radarada', 'politisi', 'koruptor', 'bukannya', 'nunggu', 'tempat', 'ngapain', 'seharusnya']","['bukannya dia udah di tempat yang seharusnya bisa menghabisi koruptor ngapain nunggu jadi presiden politisi emanglah radarada semua', 'bukannya dia udah di tempat yang seharusnya bisa menghabisi koruptor ngapain nunggu jadi presiden politisi emanglah radarada semua', 'bukannya dia udah di tempat yang seharusnya bisa menghabisi koruptor ngapain nunggu jadi presiden politisi emanglah radarada semua']"
102,25,102_emanglah_menghabisi_radarada_politisi,"['emanglah', 'menghabisi', 'radarada', 'politisi', 'koruptor', 'bukannya', 'nunggu', 'tempat', 'ngapain', 'seharusnya']","['bukannya dia udah di tempat yang seharusnya bisa menghabisi koruptor ngapain nunggu jadi presiden politisi emanglah radarada semua', 'bukannya dia udah di tempat yang seharusnya bisa menghabisi koruptor ngapain nunggu jadi presiden politisi emanglah radarada semua', 'bukannya dia udah di tempat yang seharusnya bisa menghabisi koruptor ngapain nunggu jadi presiden politisi emanglah radarada semua']"
103,25,103_wn_brutal_terancam_area,"['wn', 'brutal', 'terancam', 'area', 'bersenjata', 'tambang', 'aksi', 'emas', 'serang', 'kedaulatan']","['kedaulatan negara sudah terancam secara nyata aksi brutal wn china bersenjata serang tni di area tambang emas', 'kedaulatan negara sudah terancam secara nyata aksi brutal wn china bersenjata serang tni di area tambang emas', 'kedaulatan negara sudah terancam secara nyata aksi brutal wn china bersenjata serang tni di area tambang emas']"
104,24,104_rusia_putin_vladimir_ukraina,"['rusia', 'putin', 'vladimir', 'ukraina', 'bertemu', 'moskow', 'seskab', 'perang', 'sisi', 'btw']","['presiden prabowo hari ini bertemu dengan presiden putin di rusia btw kok hanya menlu dan seskab aja ya yang mendampingi dari sisi rusia rame banget padahal', 'presiden prabowo hari ini bertemu dengan presiden putin di rusia btw kok hanya menlu dan seskab aja ya yang mendampingi dari sisi rusia rame banget padahal', 'presiden prabowo hari ini bertemu dengan presiden putin di rusia btw kok hanya menlu dan seskab aja ya yang mendampingi dari sisi rusia rame banget padahal']"
105,24,105_rebut_ayo_bersatu_kedaulatan,"['rebut', 'ayo', 'bersatu', 'kedaulatan', 'rakyat', 'kembali', 'jejakdigital', 'arsip', 'nasional', '']","['ayo bersatu rebut kembali kedaulatan rakyat', 'ayo bersatu rebut kembali kedaulatan rakyat', 'ayo bersatu rebut kembali kedaulatan rakyat']"
106,24,106_baik_baru_lebih_tahun,"['baik', 'baru', 'lebih', 'tahun', 'melangkah', 'menyala', 'maju', 'semakin', 'semangat', 'semoga']","['selamat tahun baru semoga di tahun yang baru ini kita dapat melangkah lebih baik dengan semangat yang terus menyala demi indonesia yang semakin maju dan lebih baik', 'selamat tahun baru semoga di tahun yang baru ini kita dapat melangkah lebih baik dengan semangat yang terus menyala demi indonesia yang semakin maju dan lebih baik', 'selamat tahun baru semoga di tahun yang baru ini kita dapat melangkah lebih baik dengan semangat yang terus menyala demi indonesia yang semakin maju dan lebih baik']"
107,24,107_data_terima_terdapat_kesalahan,"['data', 'terima', 'terdapat', 'kesalahan', 'bapak', 'baikbaik', 'pembantu', 'tag', 'informasi', 'syariah']","['pak presiden mohon maaf saya tag bapak informasi atau data yang bapak terima dari pembantu bapak terdapat kesalahan kondisi aceh saat ini tidak baikbaik saja terima kasih', 'pak presiden mohon maaf saya tag bapak informasi atau data yang bapak terima dari pembantu bapak terdapat kesalahan kondisi aceh saat ini tidak baikbaik saja terima kasih', 'pak presiden mohon maaf saya tag bapak informasi atau data yang bapak terima dari pembantu bapak terdapat kesalahan kondisi aceh saat ini tidak baikbaik saja terima kasih']"
108,22,108_breaking_advokasi_menempuh_ap,"['breaking', 'advokasi', 'menempuh', 'ap', 'news', 'pimpinan', 'lbh', 'menetapkan', 'jalur', 'menyatakan']","['breaking news lembaga bantuan hukum advokasi publik lbh ap pimpinan pusat menyatakan siap menempuh jalur hukum jika presiden ri prabowo subianto tidak segera menetapkan status bencana nasional atas peristiwa banjir bandang dan tanah longsor di wilayah', 'breaking news lembaga bantuan hukum advokasi publik lbh ap pimpinan pusat menyatakan siap menempuh jalur hukum jika presiden ri prabowo subianto tidak segera menetapkan status bencana nasional atas peristiwa banjir bandang dan tanah longsor di wilayah', 'breaking news lembaga bantuan hukum advokasi publik lbh ap pimpinan pusat menyatakan siap menempuh jalur hukum jika presiden ri prabowo subianto tidak segera menetapkan status bencana nasional atas peristiwa banjir bandang dan tanah longsor di wilayah']"
109,22,109_bwat_babu_tuan_kirim,"['bwat', 'babu', 'tuan', 'kirim', 'beres', 'punya', 'kuasa', 'perintahkan', 'alat', 'tongkat']","['tuan presiden memang gak punya tongkat tapi kan punya kuasa bwat perintahkan semua babu nya bwat segera kirim ratusan alat berat bwat beres pasca bencana', 'tuan presiden memang gak punya tongkat tapi kan punya kuasa bwat perintahkan semua babu nya bwat segera kirim ratusan alat berat bwat beres pasca bencana', 'tuan presiden memang gak punya tongkat tapi kan punya kuasa bwat perintahkan semua babu nya bwat segera kirim ratusan alat berat bwat beres pasca bencana']"
110,22,110_pembenci_mohon_maaf_bagi,"['pembenci', 'mohon', 'maaf', 'bagi', 'para', 'presiden', '', '', '', '']","['mohon maaf bagi para pembenci presiden', 'mohon maaf bagi para pembenci presiden', 'mohon maaf bagi para pembenci presiden']"
111,21,111_lu_dikritik_bayangin_seperti,"['lu', 'dikritik', 'bayangin', 'seperti', 'akan', 'apa', 'seorang', 'lakukan', 'terus', 'menlu']","['bayangin lu seorang menlu terus dikritik seperti ini apa yang akan lu lakukan', 'bayangin lu seorang menlu terus dikritik seperti ini apa yang akan lu lakukan', 'bayangin lu seorang menlu terus dikritik seperti ini apa yang akan lu lakukan']"
112,21,112_kenyataan_kenyataannya_tanzania_sosmed,"['kenyataan', 'kenyataannya', 'tanzania', 'sosmed', 'uganda', 'kenyal', 'masih', 'klo', 'bisa', 'kenyang']","['sebagai pendukung beliau dlu gw berharap blio bisa menjadi presiden namun negara ini sdh dikuasai oleh wowo dan anteknya jdi kesempatan org baik ini terjegal seandainya ada revolusi dari rakyat harapan gw bisa jd kenyataan', 'bu zmn beliau presiden tiap pagi kami sekeluarga sarapan nasi goreng nasinya sisa kemarin rasanya kenyal gimana gitu sayang klo dibuang kata ibu saya maklum ga ada kulkas atau mac jigger tapi ibu saya luar biasa nasi kenyal dg aroma khas itu sgt nikmat dg kerupuk tq pak harto', 'gibi nih punya presiden gak bisa main hape kudet sama teknologi sosmed aja harus ajudan yang pegang berita sosmed kudu sama si teddy yang kasih tau wawlahi gw tiap kali buka instagram kenyataannya gak kayak fotofoto media presiden capek gw ngelaknat pemerintah melulu']"
113,20,113_hrs_saudi_arabia_dipojokkan,"['hrs', 'saudi', 'arabia', 'dipojokkan', 'ironis', 'reynhard', 'ahlanwasahlanibhrs', 'kriminal', 'super', 'sungguh']","['reynhard di inggris yg jelas super kriminal n memalukan indonesia diberi bantuan hukum habib rizieq shihab hrs di saudi arabia malah dipojokkan pernyataan menko n dubes ri di saudi sungguh tak adil n ironis selamat datang hrs ahlanwasahlanibhrs', 'reynhard di inggris yg jelas super kriminal n memalukan indonesia diberi bantuan hukum habib rizieq shihab hrs di saudi arabia malah dipojokkan pernyataan menko n dubes ri di saudi sungguh tak adil n ironis selamat datang hrs ahlanwasahlanibhrs', 'reynhard di inggris yg jelas super kriminal n memalukan indonesia diberi bantuan hukum habib rizieq shihab hrs di saudi arabia malah dipojokkan pernyataan menko n dubes ri di saudi sungguh tak adil n ironis selamat datang hrs ahlanwasahlanibhrs']"
114,20,114_layaknya_inkompetensi_dino_betapa,"['layaknya', 'inkompetensi', 'dino', 'betapa', 'kompeten', 'ham', 'sedang', 'menjawab', 'anda', 'malah']","['pak dino sedang mengkritik inkompetensi menlu terus anda malah menjawab dengan menunjukkan betapa tidak kompeten dan layaknya seorang menteri ham', 'pak dino sedang mengkritik inkompetensi menlu terus anda malah menjawab dengan menunjukkan betapa tidak kompeten dan layaknya seorang menteri ham', 'pak dino sedang mengkritik inkompetensi menlu terus anda malah menjawab dengan menunjukkan betapa tidak kompeten dan layaknya seorang menteri ham']"
115,20,115_papua_diluncurkan_mbg_yan,"['papua', 'diluncurkan', 'mbg', 'yan', 'enam', 'xiii', 'bergerakuntukpapua', 'mandenas', 'paud', 'pedalaman']","['program mbg yang diluncurkan bapak presiden harus menjangkau anakanak di pedalaman yan p mandenas anggota komisi xiii dpr rikebijakan gizi adalah investasi jangka panjang papua bukan pinggiran papua adalah pusat harapan', 'presiden indonesia akan selalu menjadikan papua sebagai prioritas dan akan terus membantu masyarakat papua karena papua merupakan bagian penting indonesia dari timur kemajuan menggema bergerakuntukpapua', 'presiden indonesia akan selalu menjadikan papua sebagai prioritas dan akan terus membantu masyarakat papua karena papua merupakan bagian penting indonesia dari timur kemajuan menggema bergerakuntukpapua']"
116,19,116_beradab_nicolas_mengecam_keluarkan,"['beradab', 'nicolas', 'mengecam', 'keluarkan', 'sebagian', 'maduro', 'bangsa', 'besar', 'menculik', 'pemimpin']","['sebagian besar pemimpin bangsa beradab sudah keluarkan pernyataan mengecam presiden as trump karena menculik presiden venezuela nicolas maduro presiden indonesia', 'sebagian besar pemimpin bangsa beradab sudah keluarkan pernyataan mengecam presiden as trump karena menculik presiden venezuela nicolas maduro presiden indonesia', 'sebagian besar pemimpin bangsa beradab sudah keluarkan pernyataan mengecam presiden as trump karena menculik presiden venezuela nicolas maduro presiden indonesia']"
117,18,117_pasca_pulihkan_bangkit_infrastruktur,"['pasca', 'pulihkan', 'bangkit', 'infrastruktur', 'akses', 'bencana', 'kunci', 'bergerak', 'masyarakat', 'demi']","['ketika akses terbuka harapan ikut menyala prabowo pulihkan infrastruktur agar ekonomi warga kembali bergerak dan bangkit pasca bencana', 'prabowo pulihkan infrastruktur di banyak titik terdampak bencana karena akses jalan adalah kunci masyarakat bangkit pasca bencana', 'prabowo pulihkan infrastruktur lewat percepatan akses darurat agar masyarakat bangkit pasca bencana']"
118,18,118_hrs_saudi_arabia_dipojokkan,"['hrs', 'saudi', 'arabia', 'dipojokkan', 'ironis', 'reynhard', 'ahlanwasahlanibhrs', 'kriminal', 'super', 'sungguh']","['reynhard di inggris yg jelas super kriminal n memalukan indonesia diberi bantuan hukum habib rizieq shihab hrs di saudi arabia malah dipojokkan pernyataan menko n dubes ri di saudi sungguh tak adil n ironis selamat datang hrs ahlanwasahlanibhrs', 'reynhard di inggris yg jelas super kriminal n memalukan indonesia diberi bantuan hukum habib rizieq shihab hrs di saudi arabia malah dipojokkan pernyataan menko n dubes ri di saudi sungguh tak adil n ironis selamat datang hrs ahlanwasahlanibhrs', 'reynhard di inggris yg jelas super kriminal n memalukan indonesia diberi bantuan hukum habib rizieq shihab hrs di saudi arabia malah dipojokkan pernyataan menko n dubes ri di saudi sungguh tak adil n ironis selamat datang hrs ahlanwasahlanibhrs']"
119,18,119_geopolitik_catatan_petani_petanigodigital,"['geopolitik', 'catatan', 'petani', 'petanigodigital', 'sdmpetaniunggul', 'avic', 'asean', 'finlandia', 'asia', 'damai']","['catatan geostrategis internasional petani indonesia sebagai nahkoda arah bangsabangsa membangun dunia baru sdmpetaniunggul petanigodigital ccpresiden amp kanda menteri', 'siap kandasuksesampsehat selalu kanda menteri laporan catatan geopolitik internasional petani indonesia menuju lumbung pangan dunia yang damai sdmpetaniunggul petanigodigital ccpresiden amp mas', 'catatan geopolitik internasional petani indonesia menuju lumbung pangan dunia yang damai sdmpetaniunggul petanigodigital ccpresident kanda menteri mas']"
120,18,120_purn_tni_hor_jenderal,"['purn', 'tni', 'hor', 'jenderal', 'letjen', 'lettu', 'menkopolkam', 'djamari', 'chaniago', 'sjamsoeddin']","['jabatan penting negara saat ini presiden ri jenderal tni hor purn prabowo seskab letkol tni teddy menkopolkam letjen tni purn djamari chaniago menhan jenderal tni hor purn sjafrie sjamsoeddin menlu lettu tni soegiono menko bidang infrastruktur dan pembangunan', 'jabatan penting negara saat ini presiden ri jenderal tni hor purn prabowo seskab letkol tni teddy menkopolkam letjen tni purn djamari chaniago menhan jenderal tni hor purn sjafrie sjamsoeddin menlu lettu tni soegiono menko bidang infrastruktur dan pembangunan', 'jabatan penting negara saat ini presiden ri jenderal tni hor purn prabowo seskab letkol tni teddy menkopolkam letjen tni purn djamari chaniago menhan jenderal tni hor purn sjafrie sjamsoeddin menlu lettu tni soegiono menko bidang infrastruktur dan pembangunan']"
121,18,121_menawarkan_dihubungi_disampaikannya_mengaku,"['menawarkan', 'dihubungi', 'disampaikannya', 'mengaku', 'sumatera', 'paripurna', 'sidang', 'istana', 'bandang', 'barat']","['presiden prabowo subianto mengaku dihubungi oleh banyak kepala negara yang menawarkan bantuan untuk penanganan bencana banjir bandang dan tanah longsor di aceh sumatera utara dan sumatera barat pernyataan itu disampaikannya dalam sidang kabinet paripurna di istana negara', 'presiden prabowo subianto mengaku dihubungi oleh banyak kepala negara yang menawarkan bantuan untuk penanganan bencana banjir bandang dan tanah longsor di aceh sumatera utara dan sumatera barat pernyataan itu disampaikannya dalam sidang kabinet paripurna di istana negara', 'presiden prabowo subianto mengaku dihubungi oleh banyak kepala negara yang menawarkan bantuan untuk penanganan bencana banjir bandang dan tanah longsor di aceh sumatera utara dan sumatera barat pernyataan itu disampaikannya dalam sidang kabinet paripurna di istana negara']"
122,17,122_more_cosplay_cc_thank,"['more', 'cosplay', 'cc', 'thank', 'amiin', 'you', 'nah', 'abs', 'itu', '']","['cc', 'thank you', 'more cosplay']"
123,17,123_layaknya_inkompetensi_dino_betapa,"['layaknya', 'inkompetensi', 'dino', 'betapa', 'kompeten', 'ham', 'sedang', 'menjawab', 'anda', 'malah']","['pak dino sedang mengkritik inkompetensi menlu terus anda malah menjawab dengan menunjukkan betapa tidak kompeten dan layaknya seorang menteri ham', 'pak dino sedang mengkritik inkompetensi menlu terus anda malah menjawab dengan menunjukkan betapa tidak kompeten dan layaknya seorang menteri ham', 'pak dino sedang mengkritik inkompetensi menlu terus anda malah menjawab dengan menunjukkan betapa tidak kompeten dan layaknya seorang menteri ham']"
124,17,124_cair_semuatanganibencana_provinsi_rp,"['cair', 'semuatanganibencana', 'provinsi', 'rp', 'bantuan', 'sudah', 'miliar', 'kota', 'kabupaten', 'dapat']","['bantuan presiden sudah cair provinsi dapat rp m kabupaten kota rp miliar semuatanganibencana', 'bantuan presiden sudah cair provinsi dapat m kabupaten kota dapat m semuatanganibencana', 'bantuan presiden sudah cair provinsi dapat m kabupaten dapat m semuatanganibencana']"
125,17,125_menangkap_pengadilan_membawanya_mengadilinya,"['menangkap', 'pengadilan', 'membawanya', 'mengadilinya', 'netanyahu', 'operasi', 'mengapa', 'terpilih', 'nicols', 'israel']","['jika as dapat melakukan operasi di venezuela untuk menangkap nicols maduro seorang presiden terpilih amp mengadilinya di pengadilan amerika lalu mengapa tidak mungkin untuk menangkap netanyahu dari israel dan membawanya ke pengadilan internasional', 'jika as dapat melakukan operasi di venezuela untuk menangkap nicols maduro seorang presiden terpilih amp mengadilinya di pengadilan amerika lalu mengapa tidak mungkin untuk menangkap netanyahu dari israel dan membawanya ke pengadilan internasional', 'jika as dapat melakukan operasi di venezuela untuk menangkap nicols maduro seorang presiden terpilih amp mengadilinya di pengadilan amerika lalu mengapa tidak mungkin untuk menangkap netanyahu dari israel dan membawanya ke pengadilan internasional']"
126,17,126_pusat_dukungan_pulihkan_pasca,"['pusat', 'dukungan', 'pulihkan', 'pasca', 'bangkit', 'pemerintah', 'penuh', 'infrastruktur', 'darurat', 'membuka']","['pemerintah pusat di bawah arahan presiden prabowo prabowo pulihkan infrastruktur demi bangkit pasca bencana', 'pemerintah pusat di bawah arahan presiden prabowo siap memberi dukungan penuh pembangunan jalur darurat prabowo pulihkan infrastruktur agar bangsa bangkit pasca bencana', 'pemerintah pusat memberi dukungan penuh sesuai arahan presiden prabowo prabowo pulihkan infrastruktur agar daerah terdampak bangkit pasca bencana']"
127,17,127_diplomat_diplomatik_seorg_kemenlu,"['diplomat', 'diplomatik', 'seorg', 'kemenlu', 'hubungan', 'bersaudara', 'corong', 'dibunbun', 'influence', 'jadiya']","['diplomat tuh corong pemrenta kak apalagi kan menlu nya bkn diplomat karir tp org kepercayaan onoh jadiya ga bisa diarepin pun', 'jokowi yg ktnya gk pinter aja ttp menempatkan seorg diplomat sbg menlu krn dia tau pentingnya pengetahuan diplomatik seorg menlu prabowo malah nunjuk seorg disertir tentara yg tahunan wara wiri jd pengawal dia bawain handuk kecil basah utk menyeka mukanya utk jd menlu', 'diplomat kosaku kuroda ini influence terbesar memutuskan untuk mau menjadi diplomat ambil s ilmu politik belajar dan cari cara buat bisa lolos cpns kemenlu tapi gagal biasalah karena brokenheart dan losing muse and motivation to reach that dream again']"
128,17,128_palestina_gaza_kabinetmerahputih_perdamaian,"['palestina', 'gaza', 'kabinetmerahputih', 'perdamaian', 'kemlu', 'israel', 'solidaritas', 'anismatta', 'turki', 'inidiplomasi']","['di tingkat regional dan global kami berdiskusi tentang perkembangan di palestina serta langkah bersama proses rekonstruksi dan pengiriman bantuan kemanusiaan ke gaza siprus manamadialogue inidiplomasi anismatta kemlu kemenlu palestina cepa kabinetmerahputih', 'dari narasi awal konflik palestina vs israel menjadi isu islam melawan zionisme israel dan saat ini narasi mendukung kemerdekaan palestina telah menjadi isu kemanusiaan melawan antikemanusiaan palestina inidiplomasi kemlu kemenlu kabinetmerahputih uinalaudinmakassar', 'menteri luar negeri menlu sugiono menyampaikan bahwa indonesia terus melakukan koordinasi dengan negaranegara di sekitar palestina khususnya yordania terkait dengan rencana pengiriman pasukan perdamaian ke gaza palestina kita akan terus melakukan koordinasi dengan']"
129,17,129_chef_hello_sesi_toilet,"['chef', 'hello', 'sesi', 'toilet', 'zonauang', 'pengungsi', 'air', 'bersih', 'portabel', 'memerintahkan']","['presiden prabowo subianto memerintahkan jajaran menterinya untuk memastikan kebutuhan seluruh pengungsi bencana banjir bandang dan longsor di sumatera terpenuhi terutama untuk air bersih dan toilet portabel', 'presiden prabowo tinjau korban terdampak bencana banjir di posko pengungsian man langkat hello chef sesi zonauang', 'presiden prabowo tinjau kondisi pengungsi banjir di man langkat hello chef sesi zonauang']"
130,16,130_konsesi_gajah_lahan_konservasi,"['konsesi', 'gajah', 'lahan', 'konservasi', 'seluas', 'tusam', 'miliknya', 'hutani', 'berasal', 'menyerahkan']","['presiden prabowo subianto menyerahkan konsesi lahan seluas hektar di aceh untuk program konservasi gajah lahan itu berasal dari konsesi miliknya melalui pt tusam hutani lestari baca di prabowosubianto aceh gajah', 'presiden prabowo subianto menyerahkan konsesi lahan seluas hektar di aceh untuk program konservasi gajah lahan itu berasal dari konsesi miliknya melalui pt tusam hutani lestari baca di prabowosubianto aceh gajah', 'presiden prabowo subianto menyerahkan konsesi lahan seluas hektar di aceh untuk program konservasi gajah lahan itu berasal dari konsesi miliknya melalui pt tusam hutani lestari baca di prabowosubianto aceh gajah']"
131,16,131_layaknya_inkompetensi_dino_betapa,"['layaknya', 'inkompetensi', 'dino', 'betapa', 'kompeten', 'ham', 'sedang', 'menjawab', 'anda', 'malah']","['pak dino sedang mengkritik inkompetensi menlu terus anda malah menjawab dengan menunjukkan betapa tidak kompeten dan layaknya seorang menteri ham', 'pak dino sedang mengkritik inkompetensi menlu terus anda malah menjawab dengan menunjukkan betapa tidak kompeten dan layaknya seorang menteri ham', 'pak dino sedang mengkritik inkompetensi menlu terus anda malah menjawab dengan menunjukkan betapa tidak kompeten dan layaknya seorang menteri ham']"
132,16,132_diarak_memindahkan_provokatif_van,"['diarak', 'memindahkan', 'provokatif', 'van', 'menginjakinjak', 'unjuk', 'york', 'biadab', 'jalanan', 'new']","['biadab menginjakinjak harga diri pemimpin suatu negara presiden venezuela diarak di jalan raya as dalam sebuah unjuk kekuatan yang provokatif pasukan amerika serikat yang bersenjata lengkap terlihat memindahkan nicols maduro melalui jalanan new york dengan pintu van', 'biadab menginjakinjak harga diri pemimpin suatu negara presiden venezuela diarak di jalan raya as dalam sebuah unjuk kekuatan yang provokatif pasukan amerika serikat yang bersenjata lengkap terlihat memindahkan nicols maduro melalui jalanan new york dengan pintu van', 'biadab menginjakinjak harga diri pemimpin suatu negara presiden venezuela diarak di jalan raya as dalam sebuah unjuk kekuatan yang provokatif pasukan amerika serikat yang bersenjata lengkap terlihat memindahkan nicols maduro melalui jalanan new york dengan pintu van']"
133,15,133_foto_louvre_museum_namtan,"['foto', 'louvre', 'museum', 'namtan', 'penelitian', 'becak', 'forensik', 'sumatera', 'bahan', 'dikutip']","['ribuan pengunjung kecewa usai museum louvre paris perancis tutup pada senin penutupan museum louvre ini imbas aksi mogok kerja para pegawainya dikutip dari afp senin mereka menuntut penambahan staf louvre paris', 'namanya jg presiden npd dateng ke lokasi foto foto ngomong ngalur ngidul abis itu pulang yg penting udh ada dokumentasi', 'sepertinya udah menjalar ke yang lain model begini modal foto doang kerja abis foto tidur lagi atau ngeluyur']"
134,15,134_wn_brutal_terancam_area,"['wn', 'brutal', 'terancam', 'area', 'bersenjata', 'tambang', 'aksi', 'emas', 'serang', 'kedaulatan']","['kedaulatan negara sudah terancam secara nyata aksi brutal wn china bersenjata serang tni di area tambang emas', 'kedaulatan negara sudah terancam secara nyata aksi brutal wn china bersenjata serang tni di area tambang emas', 'kedaulatan negara sudah terancam secara nyata aksi brutal wn china bersenjata serang tni di area tambang emas']"
135,15,135_pengen_ngang_ngong_international,"['pengen', 'ngang', 'ngong', 'international', 'pekerjaan', 'ketidakbecusan', 'intelijen', 'dibaliknya', 'dikonsultasikan', 'didepan']","['ya mulane ngerti ws tua ko ya ngoyo temen pengen dadi presiden', 'presiden yg sekarang umurnya udah sangat jauh dari masa produktif apa yg bisa diharapkan diwawancara aja ngang ngong ngang ngong', 'aceh diam menghanyutkan didepan presiden dan para pejabat tinggi negara seakan mengikuti semua arahan namun dibaliknya diam minta bantuan international bravo aceh makin go international ketidakbecusan pemerintah dalam menangani bencana ini']"
136,15,136_perkara_metro_polda_jaya,"['perkara', 'metro', 'polda', 'jaya', 'ijazah', 'khusus', 'joko', 'widodo', 'gelar', 'palsu']","['sudah berlangsung selama jam gelar perkara khusus kasus dugaan ijazah palsu presiden ke ri joko widodo yang digelar polda metro jaya atas permintaan roy suryo cs senin fae', 'kuasa hukum roy suryo cs menegaskan akan menyoroti sejumlah aspek dalam gelar perkara khusus terkait kasus dugaan ijazah palsu presiden ke ri joko widodo yang digelar di polda metro jaya senin baca di sini ta roysuryo ijazah jokowi', 'polda metro jaya menjadwalkan gelar perkara khusus terkait kasus tudingan ijazah palsu presiden ke ri joko widodo pada senin desember pihak joko widodo menyatakan siap menghadiri gelar perkara khusus tersebut sesuai undangan dari polda metro jaya kuasa hukum']"
137,14,137_punya_gini_dilawanresiko_meong,"['punya', 'gini', 'dilawanresiko', 'meong', 'naruta', 'kapori', 'ditaruh', 'silit', 'play', 'pemikirannya']","['punya presiden yang luar biasa kayak gini', 'hampir punya presiden kayak gini', 'punya presiden gini banget']"
138,14,138_video_ngoceh_dlm_suatu,"['video', 'ngoceh', 'dlm', 'suatu', 'dr', 'masalah', 'dihapus', 'pmbuat', 'pjbat', 'rongrongan']","['nkri ada dlm rongrongan bkn cuma pki nmn rongrongan dr bekas penjajah nkri australia mengapa bin amp bais jg kemenlu diam apalagi yg kerjanya cuma bikin uu menyengsarakan rakyat sadarkah pa lihat video kucing mujair tiktok', 'terlihat dlm video ini dia berperan sbg seorang pejabat yg punya kompetensi menilai suatu masalah dlm tata kelola pemerintahan pdhal tupoksinya adalah sbg penyampai pesan dr presiden kpd rakyat bukan pjbat pmbuat analisis atas suatu kebijakan atau pembuat opini', 'terlihat dlm video ini dia berperan sbg seorang pejabat yg punya kompetensi menilai suatu masalah dlm tata kelola pemerintahan pdhal tupoksinya adalah sbg penyampai pesan dr presiden kpd rakyat bukan pjbat pmbuat analisis atas suatu kebijakan atau pembuat opini']"
139,14,139_china_jepang_ketegangan_taiwan,"['china', 'jepang', 'ketegangan', 'taiwan', 'memicu', 'pbb', 'luhut', 'asiatimur', 'indonesiaupdate', 'beijing']","['sebagian orang menduga pembatalan ini berkaitan dengan meningkatnya ketegangan hubungan jepang china terutama setelah pernyataan pm jepang sanae takaichi mengenai isu taiwan yang memicu reaksi keras dari pihak china', 'menlu china menilai pernyataan pm jepang sudah melewati batas memicu ketegangan baru di asia timur narayapost china jepang geopolitik asiatimur isuglobal diplomasi beritaterkini indonesiaupdate', 'menlu china menilai pernyataan pm jepang sudah melewati batas memicu ketegangan baru di asia timur narayapost china jepang geopolitik asiatimur isuglobal diplomasi beritaterkini indonesiaupdate']"
140,14,140_republik_subianto_indonesia_bekasi,"['republik', 'subianto', 'indonesia', 'bekasi', 'putih', 'idola', 'normal', 'merah', 'bogor', 'persen']","['presiden republik indonesia prabowo subianto menggelar pertemuan dengan sejumlah menteri kabinet merah putih di kediaman pribadinya di hambalang jawa barat minggu', 'presiden republik indonesia prabowo subianto menargetkan pemulihan aliran listrik dapat kembali normal persen secepatnya di seluruh wilayah terdampak bencana banjir bandang di sumatera presiden prabowosubianto listrik aceh idola smg indonesia', 'presiden republik indonesia prabowo subianto menargetkan pemulihan aliran listrik dapat kembali normal persen secepatnya di seluruh wilayah terdampak bencana banjir bandang di sumatera presiden prabowosubianto listrik aceh idola smg indonesia']"
141,14,141_senshuurakunya_ahlinya_tabungan_tanggal,"['senshuurakunya', 'ahlinya', 'tabungan', 'tanggal', 'klo', 'pasokan', 'tenaga', 'titik', 'hari', 'jembatan']","['hingga hari ini senin prajurit tni bersama kemenpu terlah berhasil memulihkan titik jembatan dari titik jembatan yang rusak di aceh bila tak mampu turun tangan jangan pula menisbikan kerjakerja petugas di bawah buat isu seolah negara tak hadir padahal mereka', 'sayangnya gue nggak mau nonton di hari kerja satusatunya jadwal yang pas cuman hari senshuurakunya di tanggal des sedangkan di tanggal tersebut ada acara pribadi yang sangat penting dan nggak bisa ditinggal tapi gue apply senshuurakunya rkj semoga menang', 'asnnya atau semacam tenaga ahlinya klo tenaga ahlinya sekitar jtan malah tp ya emng kadang ada perdin tergantung di taro direktorat mana tp klo asn kurang tau tp sekelas kementerian pusat kayanya lebih besar sih dan skrng ta klo di kemenlu klo ga salah lewat os']"
142,14,142_games_sea_atlet_menpora,"['games', 'sea', 'atlet', 'menpora', 'medali', 'bonus', 'erick', 'emas', 'miliar', 'thailand']","['menpora erick menegaskan bonus rp miliar di sea games bukan sekadar angka tapi bentuk dukungan serius presiden prabowo ke atlet nasional berita menpora olahragaindonesia seagames', 'bonus rp miliar untuk atlet sea games disebut menpora erick thohir sebagai bukti nyata komitmen presiden prabowo mendukung olahraga indonesia berita menpora erickthohir seagames', 'prestasi gemilang sea games atlet indonesia dapat bonus fantastis presiden prabowo turut menyampaikan rasa bangga dan salam kepada seluruh atlet sea games']"
143,14,143_donald_trump_thailand_ukraina,"['donald', 'trump', 'thailand', 'ukraina', 'kemboja', 'syarikat', 'konflik', 'bangkok', 'dakwaan', 'perang']","['presiden trump tegaskan penanganan konflik ukraina butuh keseriusan ekstrem setiap langkah yang mainmain berpotensi memicu perang dunia ketiga baca detail peringatan trump narayapost trump ukraina perangdunia geopolitik', 'phnompenh kemboja menutup semua lintasan sempadannya dengan thailand semalam selepas bangkok menafikan dakwaan presiden amerika syarikat as donald trump bahawa satu gencatan senjata sudah dipersetujui', 'konflik thailandkemboja kemboja menutup semua pintu lintasan sempadannya dengan thailand selepas bangkok menafikan dakwaan presiden amerika syarikat as donald trump bahawa satu gencatan senjata telah dipersetujui buletintv sempadanditutup kembojathailand']"
144,13,144_tkdn_produkproduk_hapus_syarat,"['tkdn', 'produkproduk', 'hapus', 'syarat', 'sepakat', 'trump', 'indonesianorwegia', 'dengan', 'as', 'memperingati']","['sepakat dengan trump prabowo hapus syarat tkdn produkproduk as', 'sepakat dengan trump prabowo hapus syarat tkdn produkproduk as', 'sepakat dengan trump prabowo hapus syarat tkdn produkproduk as']"
145,13,145_air_pln_dilaporkan_tower,"['air', 'pln', 'dilaporkan', 'tower', 'kekurangan', 'kekurangankekurangan', 'brandan', 'emergency', 'penyelesaian', 'memasuki']","['penyelesaian dua emergency tower pangkalan brandan langsa memasuki tahap akhir pln mengerahkan seluruh petugas untuk memulihkan sistem kelistrikan aceh selain memantau progres pemulihan listrik direktur utama pln bersama presiden ri mengunjungi posko bencana aceh tamiang', 'penyelesaian dua emergency tower pangkalan brandan langsa memasuki tahap akhir pln mengerahkan seluruh petugas untuk memulihkan sistem kelistrikan aceh selain memantau progres pemulihan listrik direktur utama pln bersama presiden ri mengunjungi posko bencana aceh tamiang', 'penyelesaian dua emergency tower pangkalan brandan langsa memasuki tahap akhir pln mengerahkan seluruh petugas untuk memulihkan sistem kelistrikan aceh selain memantau progres pemulihan listrik direktur utama pln bersama presiden ri mengunjungi posko bencana aceh tamiang']"
146,13,146_paket_penyiapan_signifikan_huniankorbanbencana,"['paket', 'penyiapan', 'signifikan', 'huniankorbanbencana', 'menginstruksikan', 'terimakasih', 'memulihkan', 'daya', 'insentif', 'pergerakan']","['untuk menjaga daya beli masyarakat dan mendorong pergerakan ekonomi presiden prabowo menginstruksikan penyiapan paket insentif yg signifikan smoga masyarakat yg terdampak bisa kembali beraktivitas dan perekonomian kembali membaik huniankorbanbencana memulihkan warga terdampak', 'untuk menjaga daya beli masyarakat dan mendorong pergerakan ekonomi presiden prabowo menginstruksikan penyiapan paket insentif yang signifikan huniankorbanbencana memulihkan warga terdampak', 'untuk menjaga daya beli masyarakat dan mendorong pergerakan ekonomi presiden prabowo menginstruksikan penyiapan paket insentif yang signifikan huniankorbanbencana memulihkan warga terdampak']"
147,13,147_tertukar_sapa_pemberontakan_snow,"['tertukar', 'sapa', 'pemberontakan', 'snow', 'yang', 'tersandera', 'yaallah', 'tarakarta', 'siapa', 'jasa']","['betul presiden yang tertukar', 'presiden yg tertukar', 'presiden yg tertukar']"
148,13,148_akad_kritikkritik_subsidi_seakanakan,"['akad', 'kritikkritik', 'subsidi', 'seakanakan', 'bravo', 'massal', 'seakan', 'hadir', 'ribu', 'terlihat']","['kegiatan akad massal ribu rumah subsidi hari sabtu lalu di serang banten di sini terlihat kalau menlu ri hadir seakan menjawab kritikkritik di luar sana bahwa seakanakan menlu ri tidak hadir dan bekerja bravo', 'kegiatan akad massal ribu rumah subsidi hari sabtu lalu di serang banten di sini terlihat kalau menlu ri hadir seakan menjawab kritikkritik di luar sana bahwa seakanakan menlu ri tidak hadir dan bekerja bravo', 'kegiatan akad massal ribu rumah subsidi hari sabtu lalu di serang banten di sini terlihat kalau menlu ri hadir seakan menjawab kritikkritik di luar sana bahwa seakanakan menlu ri tidak hadir dan bekerja bravo']"
149,13,149_nguji_ngajarin_kesabaran_sabar,"['nguji', 'ngajarin', 'kesabaran', 'sabar', 'usah', 'wni', 'gw', 'nih', 'banget', 'ga']","['ga usah ngajarin gw sabar jadi wni aja udah nguji kesabaran banget nih', 'ga usah ngajarin gw sabar jadi wni aja udah nguji kesabaran banget nih', 'ga usah ngajarin gw sabar jadi wni aja udah nguji kesabaran banget nih']"
150,12,150_diuji_nabi_firaun_penyakit,"['diuji', 'nabi', 'firaun', 'penyakit', 'kemiskinan', 'nuh', 'ngeres', 'ayyub', 'pemerintahnya', 'planga']","['nabi nuh diuji dengan bencana nabi ayyub diuji dengan penyakit dan kemiskinan nabi musa diuji dengan firaun dan wni diuji dengan bencana penyakit kemiskinan dan pemerintahnya yang mirip firaun dan punya wapres yang planga plongo dan otak yg ngeres', 'nabi nuh diuji dengan bencana nabi ayyub diuji dengan penyakit dan kemiskinan nabi musa diuji dengan firaun dan wni diuji dengan bencana penyakit kemiskinan dan pemerintahnya yang mirip firaun dan punya wapres yang planga plongo dan otak yg ngeres', 'nabi nuh diuji dengan bencana nabi ayyub diuji dengan penyakit dan kemiskinan nabi musa diuji dengan firaun dan wni diuji dengan bencana penyakit kemiskinan dan pemerintahnya yang mirip firaun dan punya wapres yang planga plongo dan otak yg ngeres']"
151,12,151_bahas_kumpulkan_percepatan_hunian,"['bahas', 'kumpulkan', 'percepatan', 'hunian', 'korban', 'sumatera', 'huniankorbanbencana', 'panggil', 'hambalang', 'memulihkan']","['presiden prabowo kumpulkan mentri bahas percepatan hunian korban bencana sumatera huniankorbanbencana memulihkan warga terdampak', 'presiden prabowo kumpulkan menteri bahas percepatan hunian korban bencana sumatera', 'presiden prabowo kumpulkan menteri bahas percepatan hunian korban bencana sumatera huniankorbanbencana memulihkan warga terdampak']"
152,12,152_pembenci_mohon_maaf_bagi,"['pembenci', 'mohon', 'maaf', 'bagi', 'para', 'presiden', '', '', '', '']","['mohon maaf bagi para pembenci presiden', 'mohon maaf bagi para pembenci presiden', 'mohon maaf bagi para pembenci presiden']"
153,12,153_hambalang_rapat_hunian_huniankorbanbencana,"['hambalang', 'rapat', 'hunian', 'huniankorbanbencana', 'korban', 'pembangunan', 'percepatan', 'dorong', 'memulihkan', 'terdampak']","['rapat darurat di hambalang menegaskan fokus presiden prabowo pada percepatan hunian dan pemenuhan kebutuhan dasar korban bencana huniankorbanbencana memulihkan warga terdampak', 'rapat di hambalang presiden prabowo dorong percepat pembangunan hunian korban bencana untuk memulihkan warga terdampak huniankorbanbencana', 'rapat di hambalang presiden prabowo dorong percepatan pembangunan hunian korban bencana huniankorbanbencana memulihkan warga terdampak']"
154,12,154_rehabilitasi_indonesiabangkit_tanggapbencana_fase,"['rehabilitasi', 'indonesiabangkit', 'tanggapbencana', 'fase', 'jangka', 'negarahadir', 'panjang', 'sumatera', 'prioritas', 'barat']","['pasca banjir dan longsor di aceh sumatera utara dan sumatera barat pemerintah masuk fase rehabilitasi dan rekonstruksi presiden prabowo subianto menegaskan pemulihan jangka panjang sebagai prioritas nasional negarahadir tanggapbencana indonesiabangkit', 'pasca banjir dan longsor di aceh sumatera utara dan sumatera barat pemerintah masuk fase rehabilitasi dan rekonstruksi presiden prabowo subianto menegaskan pemulihan jangka panjang sebagai prioritas nasional negarahadir tanggapbencana indonesiabangkit', 'pasca banjir dan longsor di aceh sumatera utara dan sumatera barat pemerintah masuk fase rehabilitasi dan rekonstruksi presiden prabowo subianto menegaskan pemulihan jangka panjang sebagai prioritas nasional negarahadir tanggapbencana indonesiabangkit']"
155,12,155_menekankan_kilat_diselesaikan_layak,"['menekankan', 'kilat', 'diselesaikan', 'layak', 'konstruksi', 'huniankorbanbencana', 'memulihkan', 'menempati', 'proses', 'aman']","['presiden prabowo menekankan agar proses konstruksi harus diselesaikan secara kilat demi memastikan masyarakat dapat kembali menempati tempat tinggal yg layak dan aman ketersediaan bahan pokok juga akan menjadi pembahasan utama huniankorbanbencana memulihkan warga terdampak', 'presiden prabowo menekankan supaya proses konstruksi segera diselesaikan secara kilat untuk memastikan masyarakat agar bisa kembali menempati tempat tinggal yang layak dan aman huniankorbanbencana memulihkan warga terdampak', 'presiden prabowo menekankan agar proses konstruksi harus diselesaikan secara kilat demi memastikan masyarakat dapat kembali menempati tempat tinggal yang layak dan aman huniankorbanbencana memulihkan warga terdampak']"
156,12,156_huntara_huntap_huniankorbanbencana_hunian,"['huntara', 'huntap', 'huniankorbanbencana', 'hunian', 'memulihkan', 'sumatra', 'terdampak', 'pembangunan', 'sementara', 'warga']","['presiden prabowo perintahkan percepatan huntara dan huntap di sumatra langkah cepat negara hadir untuk memulihkan warga terdampak pascabencana huniankorbanbencana', 'presiden perintah percepatan pembangunan hunian sementara huntara dan hunian tetap huntap bagi seluruh korban bencana di sumatra huniankorbanbencana memulihkan warga terdampak', 'presiden prabowo secara tegas mendesak pembangunan hunian sementara huntara dan hunian tetap huntap bagi seluruh warga di sumatra huniankorbanbencana memulihkan warga terdampak']"
157,11,157_bank_alumni_profesor_universitas,"['bank', 'alumni', 'profesor', 'universitas', 'pendiri', 'pernah', 'nusantara', 'ahli', 'contoh', 'bumn']","['kenapa ya orang yang pernah jadi petinggi militer pernah menculik tapi tidak pernah diproses hukum pernah jadi menantu presiden bahkan bapaknya adalah seorang profesor ekonomi kakeknya pendiri bank bumn punya kecenderungan untuk merasa dirinya yang paling penting', 'yayasan bank rakyat ybr hadir pada majlis makan malam alumni mcoba yang menghimpunkan barisan kepimpinan berprestij termasuk presiden alumni tunku khurshiah college tkc oga datuk dr hafsah hashim dan', 'mungkin karena latar belakang keluarga bergengsi seperti ayah profesor ekonomi dan kakek pendiri bank bumn karir militer tinggi serta hubungan dengan presiden membuat seseorang merasa punya peran krusial studi psikologi menunjukkan privilege sering ciptakan rasa berhak dan']"
158,11,158_eksternal_militer_irak_ruang,"['eksternal', 'militer', 'irak', 'ruang', 'gengsi', 'konstitusi', 'pbb', 'hukuminternasional', 'edy', 'bagemana']","['tb hasanuddin ingatkan pentingnya kajian mendalam jika ada opsi di luar pbb kemenlu harus kaji hatihati ruang lingkup tujuan dan penerimaan internasional hukuminternasional pbb', 'seandainya konstitusi kita atau konstitusi international membuka ruang bagi negara brkembang bergilir utk dpt memakai sosokketokohan pemimpin dunia sprti mrpresiden maka rkyat yg pertama mndpatkan giliran tsb', 'komposisi kader pdip andai capres nya menang menkoeko eksternal menkopolhukam edy rahmayadiorang eksternalafiliasi menko pmk eksternal mendagri ganjar menlu salah satu wamenlupaman nya pemain timnas eksternal menkumham henry yoso']"
159,11,159_tsunami_sby_disaster_aceh,"['tsunami', 'sby', 'disaster', 'aceh', 'ribuan', 'mendampingi', 'bulan', 'video', 'beberapa', 'jepang']","['betul malah sby bs jadi presiden lagi habis menetapkan tsunami bencana nasional', 'presiden tidak punya tongkat nabi musa sby juga gak punya boss tapi sby punya otak untuk mempercepat pemulihan bencana tsunami aceh sby rela tidur di pengungsian agar merasakan penderitaan rakyat aceh jangan terlalu banyak retorika akui bahwa anda tak mampu', 'saat mendampingi sby berkunjung ke lokasi tsunami sendai tahun beberapa bulan setelah tsunami ribuan masyarakat jepang meminta indonesia membantu pm jepang menangani rekonrehab mereka demonstrasi di depan pm yang mendampingi presiden sby mengagetkan bisa']"
160,11,160_meriah_terisolasi_zonauang_takengon,"['meriah', 'terisolasi', 'zonauang', 'takengon', 'bener', 'amp', 'riba', 'juga', 'tegar', 'silahkan']","['mantap daerahdaerah yang sempet terisolasi kayak takengon amp bener meriah itu udah mulai dibuka aksesnya lho presiden prabowo apresiasi banget kerja keras petugas di lapangan yang udah matimatian buka jalan salut aceh tamiang juga udah nyambung zonauang', 'nggak cuma itu akses jalan ke daerah terisolasi kayak takengon amp bener meriah juga lagi digeber biar cepet kebuka lagi presiden prabowo bahkan ngecek sendiri proses pembukaan akses ini biar warga di sana nggak makin terisolasi jalan ke aceh zonauang', 'presiden prabowo tinjau takengon amp bener meriah yang sempat terisolasi kerennya upaya pembukaan akses jalan terus digenjot maksimal petugas jembatan di bener meriah udah berfungsi jalur ke aceh tamiang pun kini sudah tembus jadi bantuan bisa zonauang']"
161,11,161_nepalkanpejabatbusuk_nepalkan_nepal_melawan,"['nepalkanpejabatbusuk', 'nepalkan', 'nepal', 'melawan', 'putusan', 'tenda', 'pm', 'berpenghuni', 'assegaf', 'genzmilenial']","['presiden prabowo diminta pecat bahlil dan dirut pln buntut kebohongan soal listrik di aceh pulih nepalkanpejabatbusuk nepalkanpejabatbusuk', 'nepalkanpejabatbusuk nepalkanpejabatbusuk kapolri melawan presiden dan mk kesimpulannya apa', 'nepalkan pejabat busuk semakin hari negara semakin kacau polri berani melawan putusan mk dgn putusan kapolri yg menetapkan anggota polri boleh menduduki jabatan sipil pak msh presiden ri nepalkanpejabatbusuk nepalkanpejabatbusuk']"
162,11,162_program_mbg_junior_proyek,"['program', 'mbg', 'junior', 'proyek', 'pemeriksaangratis', 'win', 'kesehatanuntuksemua', 'quick', 'indonesiapeduli', 'sehatbersama']","['bupati adalah conductor dan arranger program mbg di daerah lumajang selama ini kepala daerah seolaholah hanya menjadi penonton dalam pelaksanaan program makan bergizi gratis mbg namun setelah keputusan presiden keppres nomor tahun tentang tim koordinas antar', 'program cek kesehatan gratis ini merupakan salah satu program quick win presiden prabowo subianto yang menyasar juta masyarakat sehatbersama kesehatanuntuksemua indonesiapeduli pemeriksaangratis', 'program cek kesehatan gratis ini merupakan salah satu program quick win presiden prabowo subianto yang menyasar juta masyarakat sehatbersama kesehatanuntuksemua indonesiapeduli pemeriksaangratis']"
163,11,163_km_lorong_patuhi_papan,"['km', 'lorong', 'patuhi', 'papan', 'ditutup', 'penyelenggaraan', 'awas', 'harap', 'tanda', 'maklum']","['hrs awas kerja penyelenggaraan km km arah selatan dari klia ke bandar serenia lorong kanan ditutup patuhi arahan papan tanda harap maklum', 'hrs awas kerja penyelenggaraan km km arah selatan dari alor pongsu ke bukit merah lorong kanan ditutup patuhi arahan papan tanda harap maklum', 'hrs awas kerja penyelenggaraan km km arah selatan dari alor pongsu ke bukit merah lorong kanan ditutup patuhi arahan papan tanda harap maklum']"
164,11,164_kuripan_monitoring_tanaman_polsek,"['kuripan', 'monitoring', 'tanaman', 'polsek', 'bhabinkamtibmas', 'pertumbuhan', 'albarokah', 'tani', 'melaksanakan', 'aipda']","['dukung asta cita presiden ri bhabinkamtibmas polsek kuripan aipda wawan adi dan briptu m nur hidayat bersama kelompok tani albarokah melaksanakan monitoring pertumbuhan tanaman jagung di desa jatisari kec kuripan kabupaten probolinggo sebagai wujud ketahanan pangan', 'dukung asta cita presiden ri bhabinkamtibmas polsek kuripan aipda wawan adi dan briptu m nur hidayat bersama kelompok tani albarokah melaksanakan monitoring pertumbuhan tanaman jagung di desa jatisari kec kuripan kabupaten probolinggo sebagai wujud ketahanan pangan', 'dukung asta cita presiden ri bhabinkamtibmas polsek kuripan aipda wawan adi dan briptu m nur hidayat bersama kelompok tani albarokah melaksanakan monitoring pertumbuhan tanaman jagung di desa jatisari kec kuripan kabupaten probolinggo sebagai wujud ketahanan pangan']"
165,10,165_dibandingkan_percuma_bapak_ambekan,"['dibandingkan', 'percuma', 'bapak', 'ambekan', 'anjuran', 'romrakyat', 'rakyatgini', 'toddler', 'bertindaklah', 'sawit']","['anjuran bapak presiden ayo kita perbanyak tanam sawit', 'presiden dibandingkan dengan rakyatgini amat mikir nya caleg gagal', 'bapak itu presiden bukan nabi bertindaklah sebagai presiden tinggal kasi perintah kok bapak tidak butuh tongkat bapak hanya butuh memberi perintah kasian para korban kelamaan nunggu bapak jadi nabi ga bakal terjadi']"
166,10,166_dikasihanin_mr_jir_benar,"['dikasihanin', 'mr', 'jir', 'benar', 'maka', 'membangun', 'kalau', 'sendiri', 'come', 'yabg']","['aselinya dia masih tetap mau main presidenpresidenan dosaku mungkin tdk merugikan orang lain tapi dia membuat hidup orang lain sengsara diakhirat nanti bagaimana dia mempertanggungjawabkan jabatannya', 'bisa kalau presiden nya benar mau membangun negeri ke arah lebih baik bukan membangun kekuasaan bagi kroni sendiri sayangnya bukan pemberani cuma org yang jago omon doang politik balas budi kentara bgt dia jaga', 'ini salahsatu yg disebut mr sebagai negara dalam negara kalau presiden gak bertindak maka negara ini akan benar terpecah belah hancur berantakan come on mr bangun dari tidur lelapmu kecuali kalau kamu gak sayang negeri ini']"
167,10,167_australia_pantai_bondi_sydney,"['australia', 'pantai', 'bondi', 'sydney', 'penembakan', 'hanukkah', 'sehubungan', 'insiden', 'tiba', 'disambut']","['presiden parlemen eropa roberta metsola bereaksi lewat cuitan x sehubungan insiden pantai bondi saya benarbenar ngeri melihat gambargambar yang muncul tentang serangan mengerikan terhadap begitu banyak orang di pantai bondi saat perayaan hanukkah dimulai di sydney', 'presiden volodymyr zelensky bereaksi sehubungan insiden pantai bondi ukraina menyatakan solidaritasnya dengan australia dalam menghadapi serangan teroris brutal di pantai bondi sydney yang menargetkan komunitas yahudi pada awal hanukkah kami menyampaikan belasungkawa kepa', 'kaja kallas wakil presiden komisi eropa sehubungan insiden pantai bondi saya sangat terkejut dengan gambargambar mengerikan dari penembakan saat perayaan hanukkah di pantai bondi australia']"
168,10,168_sumatra_hunian_pembangunan_secepat,"['sumatra', 'hunian', 'pembangunan', 'secepat', 'warga', 'terbangun', 'ingin', 'terdampak', 'huniankorbanbencana', 'memulihkan']","['dalam rangka pemulihan bencana presiden prabowo secara tegas mendesak pembangunan hunian sementara dan hunian tetap bagi seluruh warga di sumatra dipercepat secepatnya huniankorbanbencana memulihkan warga terdampak', 'pembangunan hunian sementara dan hunian tetap untuk seluruh warga terdampak bencana di sumatra presiden ingin secepat mungkin segera selesai terbangun ujar sekretaris kabinet seskab teddy indra wijaya dalam keterangan tertulisnya', 'pembangunan hunian sementara dan hunian tetap untuk seluruh warga terdampak bencana di sumatra presiden ingin secepat mungkin segera selesai terbangun jelasnya']"
